ISO-10303-21;
HEADER;
FILE_DESCRIPTION (( 'STEP AP203' ),
    '1' );
FILE_NAME ('LBSB6-2020_203.STEP',
    '2020-04-16T01:18:27',
    ( '' ),
    ( '' ),
    'SwSTEP 2.0',
    'SolidWorks 2014',
    '' );
FILE_SCHEMA (( 'CONFIG_CONTROL_DESIGN' ));
ENDSEC;

DATA;
#1 = CARTESIAN_POINT ( 'NONE',  ( 2.999999999999997300, 3.300000000000004300, 6.500000000000000900 ) ) ;
#2 = FACE_OUTER_BOUND ( 'NONE', #2303, .T. ) ;
#3 = PLANE ( 'NONE',  #395 ) ;
#4 = EDGE_CURVE ( 'NONE', #674, #111, #1545, .T. ) ;
#5 = CARTESIAN_POINT ( 'NONE',  ( -1.000000000000000400, 2.000000000000000000, 2.899999999999999900 ) ) ;
#6 = EDGE_CURVE ( 'NONE', #952, #1718, #1788, .T. ) ;
#7 = CARTESIAN_POINT ( 'NONE',  ( 0.0000000000000000000, 9.000000000000000000, 2.999999999999999600 ) ) ;
#8 = DIRECTION ( 'NONE',  ( -0.0000000000000000000, 0.0000000000000000000, -1.000000000000000000 ) ) ;
#9 = CARTESIAN_POINT ( 'NONE',  ( -6.505213034913041400E-017, 0.5000000000000004400, 8.500000000000000000 ) ) ;
#10 = SECURITY_CLASSIFICATION_LEVEL ( 'unclassified' ) ;
#11 = ORIENTED_EDGE ( 'NONE', *, *, #811, .F. ) ;
#12 = DESIGN_CONTEXT ( 'detailed design', #1525, 'design' ) ;
#13 = DIRECTION ( 'NONE',  ( -0.0000000000000000000, -0.0000000000000000000, 1.000000000000000000 ) ) ;
#14 = FACE_OUTER_BOUND ( 'NONE', #1152, .T. ) ;
#15 = ORIENTED_EDGE ( 'NONE', *, *, #1955, .F. ) ;
#16 = EDGE_CURVE ( 'NONE', #2085, #1781, #1902, .T. ) ;
#17 = ORIENTED_EDGE ( 'NONE', *, *, #1792, .T. ) ;
#18 = VECTOR ( 'NONE', #25, 1000.000000000000000 ) ;
#19 = CARTESIAN_POINT ( 'NONE',  ( -1.200000000000000000, 1.082842712474617800, -2.817157287525379400 ) ) ;
#20 = ORIENTED_EDGE ( 'NONE', *, *, #391, .T. ) ;
#21 = CALENDAR_DATE ( 2020, 16, 4 ) ;
#22 = ORIENTED_EDGE ( 'NONE', *, *, #1345, .F. ) ;
#23 = VECTOR ( 'NONE', #1843, 1000.000000000000000 ) ;
#24 = EDGE_LOOP ( 'NONE', ( #1695, #2285, #680, #1541 ) ) ;
#25 = DIRECTION ( 'NONE',  ( -0.0000000000000000000, -0.0000000000000000000, -1.000000000000000000 ) ) ;
#26 = ORIENTED_EDGE ( 'NONE', *, *, #1217, .F. ) ;
#27 = ORIENTED_EDGE ( 'NONE', *, *, #2249, .F. ) ;
#28 = CARTESIAN_POINT ( 'NONE',  ( 20.00000000000000400, 3.000000000000000000, -6.700000000000001100 ) ) ;
#29 = ORIENTED_EDGE ( 'NONE', *, *, #948, .F. ) ;
#30 = VECTOR ( 'NONE', #1424, 1000.000000000000000 ) ;
#31 = EDGE_CURVE ( 'NONE', #2316, #2262, #1985, .T. ) ;
#32 = DIRECTION ( 'NONE',  ( -1.000000000000000000, -0.0000000000000000000, -0.0000000000000000000 ) ) ;
#33 = AXIS2_PLACEMENT_3D ( 'NONE', #266, #60, #623 ) ;
#34 = CARTESIAN_POINT ( 'NONE',  ( 1.999999999999999600, 1.000000000000000000, -2.899999999999999900 ) ) ;
#35 = DIRECTION ( 'NONE',  ( 0.0000000000000000000, -0.0000000000000000000, -1.000000000000000000 ) ) ;
#36 = CARTESIAN_POINT ( 'NONE',  ( 0.0000000000000000000, 0.0000000000000000000, -2.899999999999999900 ) ) ;
#37 = CARTESIAN_POINT ( 'NONE',  ( -1.496198998029996100E-015, 11.50000000000000000, -2.999999999999999600 ) ) ;
#38 = FACE_OUTER_BOUND ( 'NONE', #491, .T. ) ;
#39 = EDGE_CURVE ( 'NONE', #1729, #1168, #1038, .T. ) ;
#40 = VECTOR ( 'NONE', #269, 1000.000000000000000 ) ;
#41 = EDGE_LOOP ( 'NONE', ( #176, #1769, #2041, #74, #357, #2110, #346, #1160, #1506, #720 ) ) ;
#42 = FACE_OUTER_BOUND ( 'NONE', #90, .T. ) ;
#43 = CARTESIAN_POINT ( 'NONE',  ( 2.000000000000000000, -1.000000000000000400, 2.899999999999999900 ) ) ;
#44 = ORIENTED_EDGE ( 'NONE', *, *, #960, .T. ) ;
#45 = VECTOR ( 'NONE', #1110, 1000.000000000000000 ) ;
#46 = AXIS2_PLACEMENT_3D ( 'NONE', #1809, #1619, #473 ) ;
#47 = ORIENTED_EDGE ( 'NONE', *, *, #1204, .F. ) ;
#48 = VECTOR ( 'NONE', #1692, 1000.000000000000000 ) ;
#49 = CARTESIAN_POINT ( 'NONE',  ( 0.0000000000000000000, -1.000000000000000000, 2.699999999999999700 ) ) ;
#50 = CARTESIAN_POINT ( 'NONE',  ( 20.00000000000000400, 3.000000000000000000, -8.300000000000000700 ) ) ;
#51 = FACE_OUTER_BOUND ( 'NONE', #1410, .T. ) ;
#52 = VECTOR ( 'NONE', #1510, 1000.000000000000000 ) ;
#53 = ADVANCED_FACE ( 'NONE', ( #977 ), #2441, .F. ) ;
#54 = CARTESIAN_POINT ( 'NONE',  ( -1.200000000000000600, 17.59999999999999800, -2.699999999999999300 ) ) ;
#55 = VECTOR ( 'NONE', #1941, 1000.000000000000000 ) ;
#56 = CARTESIAN_POINT ( 'NONE',  ( 19.80000000000000100, 0.0000000000000000000, -8.500000000000000000 ) ) ;
#57 = CARTESIAN_POINT ( 'NONE',  ( -1.200000000000000600, 17.39999999999999900, 2.899999999999999900 ) ) ;
#58 = DIRECTION ( 'NONE',  ( 1.000000000000000000, 0.0000000000000000000, 0.0000000000000000000 ) ) ;
#59 = EDGE_CURVE ( 'NONE', #2192, #1869, #2291, .T. ) ;
#60 = DIRECTION ( 'NONE',  ( -0.0000000000000000000, -1.000000000000000000, -0.0000000000000000000 ) ) ;
#61 = EDGE_CURVE ( 'NONE', #1747, #1839, #557, .T. ) ;
#62 = CARTESIAN_POINT ( 'NONE',  ( 2.999999999999997300, 19.99999999999999600, 6.700000000000000200 ) ) ;
#63 = CARTESIAN_POINT ( 'NONE',  ( 0.0000000000000000000, 11.50000000000000000, -3.000000000000000000 ) ) ;
#64 = DIRECTION ( 'NONE',  ( -0.0000000000000000000, 1.000000000000000000, 0.0000000000000000000 ) ) ;
#65 = ADVANCED_FACE ( 'NONE', ( #1872, #1568, #1123 ), #353, .F. ) ;
#66 = CARTESIAN_POINT ( 'NONE',  ( -1.117157287525381500, 17.39999999999999900, -2.899999999999999500 ) ) ;
#67 = CARTESIAN_POINT ( 'NONE',  ( -1.000000000000000400, 1.800000000000000000, 2.899999999999999900 ) ) ;
#68 = VERTEX_POINT ( 'NONE', #742 ) ;
#69 = LINE ( 'NONE', #881, #2302 ) ;
#70 = PLANE ( 'NONE',  #2007 ) ;
#71 = ORIENTED_EDGE ( 'NONE', *, *, #1710, .T. ) ;
#72 = DIRECTION ( 'NONE',  ( 1.000000000000000000, 0.0000000000000000000, 0.0000000000000000000 ) ) ;
#73 = LINE ( 'NONE', #1021, #2223 ) ;
#74 = ORIENTED_EDGE ( 'NONE', *, *, #379, .T. ) ;
#75 = CYLINDRICAL_SURFACE ( 'NONE', #689, 0.2000000000000002900 ) ;
#76 = ORIENTED_EDGE ( 'NONE', *, *, #193, .T. ) ;
#77 = LOCAL_TIME ( 9, 18, 27.00000000000000000, #578 ) ;
#78 =( BOUNDED_CURVE ( )  B_SPLINE_CURVE ( 3, ( #480, #2190, #2203, #282 ),
 .UNSPECIFIED., .F., .F. ) 
 B_SPLINE_CURVE_WITH_KNOTS ( ( 4, 4 ),
 ( 1.570796326794896600, 3.141592653589793100 ),
 .UNSPECIFIED. ) 
 CURVE ( )  GEOMETRIC_REPRESENTATION_ITEM ( )  RATIONAL_B_SPLINE_CURVE ( ( 1.000000000000000000, 0.8047378541243649400, 0.8047378541243649400, 1.000000000000000000 ) ) 
 REPRESENTATION_ITEM ( '' )  );
#79 = EDGE_CURVE ( 'NONE', #2158, #1489, #950, .T. ) ;
#80 = ADVANCED_FACE ( 'NONE', ( #51 ), #1914, .F. ) ;
#81 = EDGE_LOOP ( 'NONE', ( #1696, #859, #211, #2100 ) ) ;
#82 = FACE_OUTER_BOUND ( 'NONE', #2239, .T. ) ;
#83 = ORIENTED_EDGE ( 'NONE', *, *, #687, .F. ) ;
#84 = DIRECTION ( 'NONE',  ( 1.000000000000000000, 0.0000000000000000000, 0.0000000000000000000 ) ) ;
#85 = AXIS2_PLACEMENT_3D ( 'NONE', #678, #901, #688 ) ;
#86 = ORIENTED_EDGE ( 'NONE', *, *, #1073, .T. ) ;
#87 = CARTESIAN_POINT ( 'NONE',  ( 1.000000000000000000, 3.000000000000000000, -6.000000000000000000 ) ) ;
#88 = CARTESIAN_POINT ( 'NONE',  ( 2.999999999999997300, 19.99999999999999600, 3.000000000000001800 ) ) ;
#89 = DIRECTION ( 'NONE',  ( 0.0000000000000000000, -1.000000000000000000, 0.0000000000000000000 ) ) ;
#90 = EDGE_LOOP ( 'NONE', ( #1349, #610, #2329, #1804 ) ) ;
#91 = ORIENTED_EDGE ( 'NONE', *, *, #2351, .F. ) ;
#92 = ORIENTED_EDGE ( 'NONE', *, *, #1823, .T. ) ;
#93 = VECTOR ( 'NONE', #1433, 1000.000000000000000 ) ;
#94 = CARTESIAN_POINT ( 'NONE',  ( 1.000000000000000000, 19.00000000000000400, -6.000000000000000000 ) ) ;
#95 = DIRECTION ( 'NONE',  ( 0.0000000000000000000, -1.000000000000000000, 0.0000000000000000000 ) ) ;
#96 = CARTESIAN_POINT ( 'NONE',  ( 1.000000000000000000, 17.39999999999999900, -2.899999999999999900 ) ) ;
#97 = ADVANCED_FACE ( 'NONE', ( #639 ), #224, .F. ) ;
#98 = DIRECTION ( 'NONE',  ( 9.856383386231856400E-017, -1.000000000000000000, 0.0000000000000000000 ) ) ;
#99 = EDGE_CURVE ( 'NONE', #1275, #2331, #1214, .T. ) ;
#100 = AXIS2_PLACEMENT_3D ( 'NONE', #2248, #1284, #1855 ) ;
#101 = EDGE_CURVE ( 'NONE', #586, #750, #784, .T. ) ;
#102 = PLANE ( 'NONE',  #195 ) ;
#103 = CARTESIAN_POINT ( 'NONE',  ( 1.200000000000000200, -1.200000000000000600, -2.699999999999999300 ) ) ;
#104 = CARTESIAN_POINT ( 'NONE',  ( 17.39999999999999900, 1.000000000000000000, 2.899999999999999900 ) ) ;
#105 = DIRECTION ( 'NONE',  ( -1.000000000000000000, -1.577021341797097000E-015, -0.0000000000000000000 ) ) ;
#106 = CARTESIAN_POINT ( 'NONE',  ( -1.200000000000000600, 1.800000000000000000, -2.699999999999999300 ) ) ;
#107 = VECTOR ( 'NONE', #350, 1000.000000000000000 ) ;
#108 = ADVANCED_FACE ( 'NONE', ( #606 ), #982, .T. ) ;
#109 = CARTESIAN_POINT ( 'NONE',  ( 2.000000000000000000, -1.000000000000000400, 2.899999999999999900 ) ) ;
#110 = VECTOR ( 'NONE', #1400, 1000.000000000000000 ) ;
#111 = VERTEX_POINT ( 'NONE', #1552 ) ;
#112 = VECTOR ( 'NONE', #113, 1000.000000000000000 ) ;
#113 = DIRECTION ( 'NONE',  ( -1.000000000000000000, -0.0000000000000000000, -0.0000000000000000000 ) ) ;
#114 = DIRECTION ( 'NONE',  ( -1.000000000000000000, -0.0000000000000000000, -0.0000000000000000000 ) ) ;
#115 = CARTESIAN_POINT ( 'NONE',  ( 1.000000000000000200, 1.000000000000000000, 6.000000000000000000 ) ) ;
#116 = VERTEX_POINT ( 'NONE', #34 ) ;
#117 = LINE ( 'NONE', #1469, #1173 ) ;
#118 = EDGE_LOOP ( 'NONE', ( #1120, #155, #1978, #643 ) ) ;
#119 = PERSON_AND_ORGANIZATION ( #253, #1981 ) ;
#120 = LINE ( 'NONE', #1002, #432 ) ;
#121 = EDGE_CURVE ( 'NONE', #2406, #2459, #1697, .T. ) ;
#122 = VERTEX_POINT ( 'NONE', #2311 ) ;
#123 = ORIENTED_EDGE ( 'NONE', *, *, #526, .F. ) ;
#124 = CIRCLE ( 'NONE', #1503, 0.2000000000000005100 ) ;
#125 = ADVANCED_FACE ( 'NONE', ( #263 ), #1740, .F. ) ;
#126 = CARTESIAN_POINT ( 'NONE',  ( 1.200000000000000200, -1.200000000000000600, 2.699999999999999700 ) ) ;
#127 = CARTESIAN_POINT ( 'NONE',  ( 18.31715728752538300, -1.200000000000000000, 2.817157287525379900 ) ) ;
#128 = DIRECTION ( 'NONE',  ( -1.000000000000000000, 0.0000000000000000000, 0.0000000000000000000 ) ) ;
#129 = DIRECTION ( 'NONE',  ( -1.000000000000000000, -0.0000000000000000000, -0.0000000000000000000 ) ) ;
#130 = CARTESIAN_POINT ( 'NONE',  ( 0.0000000000000000000, 0.0000000000000000000, -6.000000000000000000 ) ) ;
#131 = DIRECTION ( 'NONE',  ( 0.0000000000000000000, 0.0000000000000000000, -1.000000000000000000 ) ) ;
#132 = EDGE_CURVE ( 'NONE', #601, #1275, #823, .T. ) ;
#133 = CARTESIAN_POINT ( 'NONE',  ( 1.082842712474619400, -1.200000000000000400, -2.817157287525379900 ) ) ;
#134 = EDGE_CURVE ( 'NONE', #1363, #629, #1630, .T. ) ;
#135 = DIRECTION ( 'NONE',  ( -1.000000000000000000, 0.0000000000000000000, 0.0000000000000000000 ) ) ;
#136 = CARTESIAN_POINT ( 'NONE',  ( 20.00000000000000400, 11.50000000000000000, -3.000000000000000000 ) ) ;
#137 = DIRECTION ( 'NONE',  ( -1.000000000000000000, 1.156482317317871300E-015, 0.0000000000000000000 ) ) ;
#138 = DIRECTION ( 'NONE',  ( 1.000000000000000000, 0.0000000000000000000, -0.0000000000000000000 ) ) ;
#139 = VECTOR ( 'NONE', #719, 1000.000000000000000 ) ;
#140 = ORIENTED_EDGE ( 'NONE', *, *, #1277, .F. ) ;
#141 = VECTOR ( 'NONE', #2097, 1000.000000000000000 ) ;
#142 = PLANE ( 'NONE',  #85 ) ;
#143 = ORIENTED_EDGE ( 'NONE', *, *, #1911, .T. ) ;
#144 = VECTOR ( 'NONE', #2149, 1000.000000000000000 ) ;
#145 = ORIENTED_EDGE ( 'NONE', *, *, #1677, .F. ) ;
#146 = CARTESIAN_POINT ( 'NONE',  ( 1.000000000000000000, 18.40000000000000200, 2.899999999999999900 ) ) ;
#147 = ORIENTED_EDGE ( 'NONE', *, *, #1832, .F. ) ;
#148 = VECTOR ( 'NONE', #694, 999.9999999999998900 ) ;
#149 = ORIENTED_EDGE ( 'NONE', *, *, #1466, .F. ) ;
#150 = ADVANCED_FACE ( 'NONE', ( #1812 ), #588, .F. ) ;
#151 = CARTESIAN_POINT ( 'NONE',  ( 2.000000000000000000, -1.000000000000000400, -2.899999999999999900 ) ) ;
#152 = ORIENTED_EDGE ( 'NONE', *, *, #121, .T. ) ;
#153 = EDGE_CURVE ( 'NONE', #1562, #2104, #1785, .T. ) ;
#154 = CARTESIAN_POINT ( 'NONE',  ( -1.200000000000000200, 1.199999999999998800, 2.699999999999999700 ) ) ;
#155 = ORIENTED_EDGE ( 'NONE', *, *, #865, .T. ) ;
#156 = CARTESIAN_POINT ( 'NONE',  ( 1.000000000000000000, -1.000000000000000700, 2.899999999999999900 ) ) ;
#157 = ORIENTED_EDGE ( 'NONE', *, *, #1185, .F. ) ;
#158 = VECTOR ( 'NONE', #862, 1000.000000000000000 ) ;
#159 = DIRECTION ( 'NONE',  ( 0.0000000000000000000, -0.0000000000000000000, 1.000000000000000000 ) ) ;
#160 = CARTESIAN_POINT ( 'NONE',  ( 20.00000000000000400, 2.999999999999998700, -8.417157287525382600 ) ) ;
#161 = DIRECTION ( 'NONE',  ( -1.355252715606880300E-016, 1.000000000000000000, -0.0000000000000000000 ) ) ;
#162 = EDGE_CURVE ( 'NONE', #1275, #1363, #2290, .T. ) ;
#163 = DIRECTION ( 'NONE',  ( 0.0000000000000000000, -1.000000000000000000, 0.0000000000000000000 ) ) ;
#164 = CARTESIAN_POINT ( 'NONE',  ( 20.00000000000000000, 0.0000000000000000000, 8.500000000000000000 ) ) ;
#165 = AXIS2_PLACEMENT_3D ( 'NONE', #502, #2411, #2030 ) ;
#166 = CARTESIAN_POINT ( 'NONE',  ( 20.00000000000000400, 3.000000000000000000, 8.500000000000000000 ) ) ;
#167 = EDGE_LOOP ( 'NONE', ( #1229, #2141, #174, #1927 ) ) ;
#168 = LINE ( 'NONE', #1017, #596 ) ;
#169 = LINE ( 'NONE', #375, #221 ) ;
#170 = DIRECTION ( 'NONE',  ( -0.0000000000000000000, 1.000000000000000000, -0.0000000000000000000 ) ) ;
#171 = VECTOR ( 'NONE', #434, 1000.000000000000000 ) ;
#172 = EDGE_LOOP ( 'NONE', ( #890, #149, #582, #2095 ) ) ;
#173 = VECTOR ( 'NONE', #2383, 1000.000000000000000 ) ;
#174 = ORIENTED_EDGE ( 'NONE', *, *, #538, .T. ) ;
#175 = FACE_OUTER_BOUND ( 'NONE', #711, .T. ) ;
#176 = ORIENTED_EDGE ( 'NONE', *, *, #1069, .T. ) ;
#177 = DIRECTION ( 'NONE',  ( 1.000000000000000000, 0.0000000000000000000, 0.0000000000000000000 ) ) ;
#178 = FACE_OUTER_BOUND ( 'NONE', #2142, .T. ) ;
#179 = DIRECTION ( 'NONE',  ( 1.000000000000000000, 0.0000000000000000000, 0.0000000000000000000 ) ) ;
#180 = MECHANICAL_CONTEXT ( 'NONE', #361, 'mechanical' ) ;
#181 = ORIENTED_EDGE ( 'NONE', *, *, #2173, .T. ) ;
#182 = EDGE_CURVE ( 'NONE', #523, #2345, #2138, .T. ) ;
#183 = PLANE ( 'NONE',  #2274 ) ;
#184 = ORIENTED_EDGE ( 'NONE', *, *, #732, .T. ) ;
#185 = LINE ( 'NONE', #849, #1819 ) ;
#186 = AXIS2_PLACEMENT_3D ( 'NONE', #67, #1589, #2154 ) ;
#187 = DIRECTION ( 'NONE',  ( 0.0000000000000000000, -0.0000000000000000000, 1.000000000000000000 ) ) ;
#188 = AXIS2_PLACEMENT_3D ( 'NONE', #985, #1361, #781 ) ;
#189 = DIRECTION ( 'NONE',  ( 0.7071067811865536800, 0.7071067811865414700, -0.0000000000000000000 ) ) ;
#190 = EDGE_CURVE ( 'NONE', #348, #1320, #1178, .T. ) ;
#191 = CARTESIAN_POINT ( 'NONE',  ( -1.200000000000000600, 18.39999999999999900, 2.899999999999999900 ) ) ;
#192 = APPROVAL ( #2272, 'UNSPECIFIED' ) ;
#193 = EDGE_CURVE ( 'NONE', #970, #674, #2337, .T. ) ;
#194 = ORIENTED_EDGE ( 'NONE', *, *, #627, .T. ) ;
#195 = AXIS2_PLACEMENT_3D ( 'NONE', #1493, #1815, #665 ) ;
#196 = ORIENTED_EDGE ( 'NONE', *, *, #2206, .F. ) ;
#197 = LINE ( 'NONE', #1315, #397 ) ;
#198 = PERSON_AND_ORGANIZATION_ROLE ( 'design_owner' ) ;
#199 = ORIENTED_EDGE ( 'NONE', *, *, #2240, .F. ) ;
#200 = VECTOR ( 'NONE', #831, 1000.000000000000000 ) ;
#201 = ORIENTED_EDGE ( 'NONE', *, *, #841, .F. ) ;
#202 = LOCAL_TIME ( 9, 18, 27.00000000000000000, #2334 ) ;
#203 = CARTESIAN_POINT ( 'NONE',  ( 11.49999999999999600, 2.999999999999999100, -3.000000000000000000 ) ) ;
#204 = EDGE_LOOP ( 'NONE', ( #381, #47, #435, #1669 ) ) ;
#205 = VECTOR ( 'NONE', #1405, 1000.000000000000000 ) ;
#206 = DIRECTION ( 'NONE',  ( 0.0000000000000000000, 0.0000000000000000000, 1.000000000000000000 ) ) ;
#207 = CARTESIAN_POINT ( 'NONE',  ( 16.80000000000000100, 1.000000000000000000, -6.000000000000000000 ) ) ;
#208 = ORIENTED_EDGE ( 'NONE', *, *, #1016, .T. ) ;
#209 = ORIENTED_EDGE ( 'NONE', *, *, #1204, .T. ) ;
#210 = ORIENTED_EDGE ( 'NONE', *, *, #2137, .F. ) ;
#211 = ORIENTED_EDGE ( 'NONE', *, *, #2322, .T. ) ;
#212 = APPROVAL_ROLE ( '' ) ;
#213 = EDGE_CURVE ( 'NONE', #1921, #1418, #497, .T. ) ;
#214 = ORIENTED_EDGE ( 'NONE', *, *, #1711, .F. ) ;
#215 = DIRECTION ( 'NONE',  ( 0.7071067811865477900, -0.7071067811865473500, -0.0000000000000000000 ) ) ;
#216 = DIRECTION ( 'NONE',  ( -1.000000000000000000, 0.0000000000000000000, 0.0000000000000000000 ) ) ;
#217 = CARTESIAN_POINT ( 'NONE',  ( 0.4999999999999968900, 0.0000000000000000000, 8.500000000000000000 ) ) ;
#218 = EDGE_CURVE ( 'NONE', #2394, #1243, #986, .T. ) ;
#219 = CARTESIAN_POINT ( 'NONE',  ( 9.000000000000000000, 20.00000000000000000, 3.000000000000000000 ) ) ;
#220 = LINE ( 'NONE', #1647, #669 ) ;
#221 = VECTOR ( 'NONE', #2294, 1000.000000000000000 ) ;
#222 = AXIS2_PLACEMENT_3D ( 'NONE', #1338, #2111, #1734 ) ;
#223 = LINE ( 'NONE', #2126, #399 ) ;
#224 = PLANE ( 'NONE',  #1497 ) ;
#225 = ORIENTED_EDGE ( 'NONE', *, *, #2284, .F. ) ;
#226 = LINE ( 'NONE', #2246, #107 ) ;
#227 = AXIS2_PLACEMENT_3D ( 'NONE', #1827, #1461, #2225 ) ;
#228 = ORIENTED_EDGE ( 'NONE', *, *, #218, .T. ) ;
#229 = CIRCLE ( 'NONE', #100, 0.1999999999999987900 ) ;
#230 = ORIENTED_EDGE ( 'NONE', *, *, #2372, .T. ) ;
#231 = VERTEX_POINT ( 'NONE', #1018 ) ;
#232 = VECTOR ( 'NONE', #449, 1000.000000000000000 ) ;
#233 = DIRECTION ( 'NONE',  ( -0.7071067811865451300, 0.7071067811865500200, -0.0000000000000000000 ) ) ;
#234 = EDGE_LOOP ( 'NONE', ( #704, #1892, #1896, #2427 ) ) ;
#235 = VERTEX_POINT ( 'NONE', #1951 ) ;
#236 = CARTESIAN_POINT ( 'NONE',  ( -1.000000000000000000, 0.9999999999999986700, 2.899999999999999900 ) ) ;
#237 = EDGE_LOOP ( 'NONE', ( #637, #2194, #894, #832 ) ) ;
#238 = VECTOR ( 'NONE', #1649, 1000.000000000000000 ) ;
#239 = EDGE_CURVE ( 'NONE', #1385, #587, #677, .T. ) ;
#240 = DIRECTION ( 'NONE',  ( 0.0000000000000000000, 1.000000000000000000, 1.734723475976806800E-016 ) ) ;
#241 = AXIS2_PLACEMENT_3D ( 'NONE', #1741, #2131, #1371 ) ;
#242 = CARTESIAN_POINT ( 'NONE',  ( 3.000000000000001300, 19.99999999999999600, -8.417157287525382600 ) ) ;
#243 = CARTESIAN_POINT ( 'NONE',  ( -1.200000000000000200, 1.199999999999998800, -2.699999999999999300 ) ) ;
#244 = DIRECTION ( 'NONE',  ( 0.0000000000000000000, -1.000000000000000000, 0.0000000000000000000 ) ) ;
#245 = CARTESIAN_POINT ( 'NONE',  ( 2.999999999999995600, 11.50000000000000000, -3.000000000000000000 ) ) ;
#246 = DIRECTION ( 'NONE',  ( -0.7071067811865475700, 0.7071067811865474600, 0.0000000000000000000 ) ) ;
#247 = CARTESIAN_POINT ( 'NONE',  ( 2.000000000000000000, -1.000000000000000400, -2.899999999999999900 ) ) ;
#248 = ORIENTED_EDGE ( 'NONE', *, *, #756, .T. ) ;
#249 = EDGE_CURVE ( 'NONE', #1791, #2394, #553, .T. ) ;
#250 = CARTESIAN_POINT ( 'NONE',  ( 1.200000000000000200, -1.200000000000000600, 2.899999999999999900 ) ) ;
#251 = ORIENTED_EDGE ( 'NONE', *, *, #1197, .F. ) ;
#252 = FACE_OUTER_BOUND ( 'NONE', #1564, .T. ) ;
#253 = PERSON ( 'UNSPECIFIED', 'UNSPECIFIED', 'UNSPECIFIED', ('UNSPECIFIED'), ('UNSPECIFIED'), ('UNSPECIFIED') ) ;
#254 = CARTESIAN_POINT ( 'NONE',  ( 1.200000000000000200, -1.000000000000000400, 2.899999999999999900 ) ) ;
#255 = CARTESIAN_POINT ( 'NONE',  ( 0.0000000000000000000, 0.0000000000000000000, -8.500000000000000000 ) ) ;
#256 = ORIENTED_EDGE ( 'NONE', *, *, #2039, .F. ) ;
#257 = VECTOR ( 'NONE', #274, 1000.000000000000000 ) ;
#258 = EDGE_CURVE ( 'NONE', #1243, #605, #323, .T. ) ;
#259 = FACE_OUTER_BOUND ( 'NONE', #1605, .T. ) ;
#260 = CARTESIAN_POINT ( 'NONE',  ( -1.000000000000000400, 17.39999999999999900, 2.899999999999999900 ) ) ;
#261 = CARTESIAN_POINT ( 'NONE',  ( -1.200000000000000600, 18.19999999999999900, -2.699999999999999300 ) ) ;
#262 = EDGE_LOOP ( 'NONE', ( #1147, #1297, #672, #816 ) ) ;
#263 = FACE_OUTER_BOUND ( 'NONE', #337, .T. ) ;
#264 = ORIENTED_EDGE ( 'NONE', *, *, #1040, .T. ) ;
#265 =( BOUNDED_CURVE ( )  B_SPLINE_CURVE ( 3, ( #28, #1890, #1318, #1735 ),
 .UNSPECIFIED., .F., .F. ) 
 B_SPLINE_CURVE_WITH_KNOTS ( ( 4, 4 ),
 ( 0.0000000000000000000, 1.570796326794884300 ),
 .UNSPECIFIED. ) 
 CURVE ( )  GEOMETRIC_REPRESENTATION_ITEM ( )  RATIONAL_B_SPLINE_CURVE ( ( 1.000000000000000000, 0.8047378541243679400, 0.8047378541243679400, 1.000000000000000000 ) ) 
 REPRESENTATION_ITEM ( '' )  );
#266 = CARTESIAN_POINT ( 'NONE',  ( 19.80000000000000100, 0.0000000000000000000, 8.300000000000000700 ) ) ;
#267 = DIRECTION ( 'NONE',  ( 0.0000000000000000000, 0.0000000000000000000, -1.000000000000000000 ) ) ;
#268 = ORIENTED_EDGE ( 'NONE', *, *, #1588, .T. ) ;
#269 = DIRECTION ( 'NONE',  ( 1.000000000000000000, 0.0000000000000000000, 0.0000000000000000000 ) ) ;
#270 = ORIENTED_EDGE ( 'NONE', *, *, #696, .F. ) ;
#271 = CARTESIAN_POINT ( 'NONE',  ( -1.200000000000000400, 1.917157287525381100, -2.817157287525379900 ) ) ;
#272 = CARTESIAN_POINT ( 'NONE',  ( -1.200000000000000600, 17.39999999999999900, -2.899999999999999900 ) ) ;
#273 = EDGE_CURVE ( 'NONE', #401, #286, #120, .T. ) ;
#274 = DIRECTION ( 'NONE',  ( 0.0000000000000000000, -1.000000000000000000, 0.0000000000000000000 ) ) ;
#275 = CARTESIAN_POINT ( 'NONE',  ( 11.50000000000000000, 0.0000000000000000000, 0.0000000000000000000 ) ) ;
#276 = PLANE ( 'NONE',  #1423 ) ;
#277 = ADVANCED_FACE ( 'NONE', ( #2201 ), #70, .F. ) ;
#278 = DIRECTION ( 'NONE',  ( -0.0000000000000000000, 0.0000000000000000000, 1.000000000000000000 ) ) ;
#279 = ORIENTED_EDGE ( 'NONE', *, *, #383, .F. ) ;
#280 = CYLINDRICAL_SURFACE ( 'NONE', #626, 0.2000000000000000900 ) ;
#281 = DIRECTION ( 'NONE',  ( -0.0000000000000000000, -0.0000000000000000000, 1.000000000000000000 ) ) ;
#282 = CARTESIAN_POINT ( 'NONE',  ( 3.000000000000000000, 19.99999999999999600, -6.700000000000000200 ) ) ;
#283 = LINE ( 'NONE', #788, #1744 ) ;
#284 = ORIENTED_EDGE ( 'NONE', *, *, #1736, .T. ) ;
#285 = VECTOR ( 'NONE', #135, 1000.000000000000000 ) ;
#286 = VERTEX_POINT ( 'NONE', #2328 ) ;
#287 = VECTOR ( 'NONE', #468, 1000.000000000000000 ) ;
#288 = EDGE_CURVE ( 'NONE', #1617, #1450, #1111, .T. ) ;
#289 = LINE ( 'NONE', #1419, #740 ) ;
#290 = ORIENTED_EDGE ( 'NONE', *, *, #162, .F. ) ;
#291 = DIRECTION ( 'NONE',  ( 1.000000000000000000, 0.0000000000000000000, 0.0000000000000000000 ) ) ;
#292 = AXIS2_PLACEMENT_3D ( 'NONE', #695, #2004, #893 ) ;
#293 = EDGE_LOOP ( 'NONE', ( #1918, #1116, #1198, #2178 ) ) ;
#294 = CIRCLE ( 'NONE', #1576, 2.999999999999999600 ) ;
#295 = DIRECTION ( 'NONE',  ( 0.0000000000000000000, 0.0000000000000000000, -1.000000000000000000 ) ) ;
#296 = ADVANCED_FACE ( 'NONE', ( #178 ), #580, .T. ) ;
#297 = PLANE ( 'NONE',  #1676 ) ;
#298 = CARTESIAN_POINT ( 'NONE',  ( 0.0000000000000000000, 0.5000000000000003300, 6.000000000000000000 ) ) ;
#299 = EDGE_LOOP ( 'NONE', ( #1075, #2076, #1210, #1125, #1228, #1379 ) ) ;
#300 = DIRECTION ( 'NONE',  ( 0.0000000000000000000, 1.000000000000000000, 0.0000000000000000000 ) ) ;
#301 = ORIENTED_EDGE ( 'NONE', *, *, #1711, .T. ) ;
#302 = VECTOR ( 'NONE', #2348, 1000.000000000000000 ) ;
#303 = DIRECTION ( 'NONE',  ( -0.0000000000000000000, 0.0000000000000000000, -1.000000000000000000 ) ) ;
#304 = EDGE_CURVE ( 'NONE', #1839, #111, #1386, .T. ) ;
#305 = CARTESIAN_POINT ( 'NONE',  ( 0.4999999999999968900, 0.0000000000000000000, 8.500000000000000000 ) ) ;
#306 = ADVANCED_FACE ( 'NONE', ( #82, #1329 ), #1975, .F. ) ;
#307 = EDGE_CURVE ( 'NONE', #586, #1474, #1272, .T. ) ;
#308 = PLANE ( 'NONE',  #741 ) ;
#309 = DIRECTION ( 'NONE',  ( -1.000000000000000000, -0.0000000000000000000, -0.0000000000000000000 ) ) ;
#310 = DIRECTION ( 'NONE',  ( 1.156482317317871300E-015, 1.000000000000000000, 0.0000000000000000000 ) ) ;
#311 = CARTESIAN_POINT ( 'NONE',  ( 17.39999999999999900, -1.200000000000000200, 2.899999999999999900 ) ) ;
#312 = CARTESIAN_POINT ( 'NONE',  ( 17.39999999999999900, 1.000000000000000000, -2.899999999999999900 ) ) ;
#313 = LINE ( 'NONE', #260, #1263 ) ;
#314 = ORIENTED_EDGE ( 'NONE', *, *, #1337, .F. ) ;
#315 = VECTOR ( 'NONE', #2214, 1000.000000000000000 ) ;
#316 = EDGE_CURVE ( 'NONE', #1282, #2341, #892, .T. ) ;
#317 = CARTESIAN_POINT ( 'NONE',  ( 1.000000000000000200, 18.40000000000000200, -2.899999999999999900 ) ) ;
#318 = CARTESIAN_POINT ( 'NONE',  ( 18.39999999999999900, -1.000000000000000000, 2.899999999999999900 ) ) ;
#319 = ORIENTED_EDGE ( 'NONE', *, *, #1588, .F. ) ;
#320 = VECTOR ( 'NONE', #713, 1000.000000000000000 ) ;
#321 = ORIENTED_EDGE ( 'NONE', *, *, #1309, .F. ) ;
#322 = APPROVAL_PERSON_ORGANIZATION ( #819, #192, #1118 ) ;
#323 = LINE ( 'NONE', #2156, #205 ) ;
#324 = EDGE_CURVE ( 'NONE', #1059, #1474, #1636, .T. ) ;
#325 = ORIENTED_EDGE ( 'NONE', *, *, #1257, .F. ) ;
#326 = VECTOR ( 'NONE', #752, 1000.000000000000000 ) ;
#327 = APPROVAL ( #1323, 'UNSPECIFIED' ) ;
#328 = ORIENTED_EDGE ( 'NONE', *, *, #1434, .F. ) ;
#329 = CARTESIAN_POINT ( 'NONE',  ( 0.0000000000000000000, 19.00000000000000400, -6.000000000000000000 ) ) ;
#330 = ORIENTED_EDGE ( 'NONE', *, *, #2029, .T. ) ;
#331 = CARTESIAN_POINT ( 'NONE',  ( 0.0000000000000000000, -1.000000000000000000, -2.899999999999999900 ) ) ;
#332 = ADVANCED_FACE ( 'NONE', ( #1565 ), #2380, .F. ) ;
#333 = EDGE_CURVE ( 'NONE', #2459, #2305, #294, .T. ) ;
#334 = CARTESIAN_POINT ( 'NONE',  ( 1.000000000000000000, 18.40000000000000200, 2.899999999999999900 ) ) ;
#335 =( BOUNDED_CURVE ( )  B_SPLINE_CURVE ( 3, ( #2245, #535, #1856, #154 ),
 .UNSPECIFIED., .F., .F. ) 
 B_SPLINE_CURVE_WITH_KNOTS ( ( 4, 4 ),
 ( 3.141592653589793600, 4.712388980384689700 ),
 .UNSPECIFIED. ) 
 CURVE ( )  GEOMETRIC_REPRESENTATION_ITEM ( )  RATIONAL_B_SPLINE_CURVE ( ( 1.000000000000000000, 0.8047378541243650500, 0.8047378541243650500, 1.000000000000000000 ) ) 
 REPRESENTATION_ITEM ( '' )  );
#336 = CARTESIAN_POINT ( 'NONE',  ( 2.999999999999997300, 19.71715728752538200, 6.500000000000000900 ) ) ;
#337 = EDGE_LOOP ( 'NONE', ( #1207, #569, #1487, #1307 ) ) ;
#338 = ADVANCED_FACE ( 'NONE', ( #1722 ), #2212, .F. ) ;
#339 = CARTESIAN_POINT ( 'NONE',  ( 18.39999999999999900, -1.000000000000000000, -2.899999999999999900 ) ) ;
#340 = EDGE_LOOP ( 'NONE', ( #196, #749, #2234, #1269 ) ) ;
#341 = FACE_BOUND ( 'NONE', #2250, .T. ) ;
#342 = CYLINDRICAL_SURFACE ( 'NONE', #2211, 0.1999999999999987900 ) ;
#343 = LINE ( 'NONE', #620, #667 ) ;
#344 = ORIENTED_EDGE ( 'NONE', *, *, #121, .F. ) ;
#345 = VECTOR ( 'NONE', #1657, 1000.000000000000100 ) ;
#346 = ORIENTED_EDGE ( 'NONE', *, *, #1757, .F. ) ;
#347 = VECTOR ( 'NONE', #1460, 1000.000000000000000 ) ;
#348 = VERTEX_POINT ( 'NONE', #1255 ) ;
#349 = EDGE_CURVE ( 'NONE', #1357, #1956, #710, .T. ) ;
#350 = DIRECTION ( 'NONE',  ( -1.000000000000000000, -0.0000000000000000000, -0.0000000000000000000 ) ) ;
#351 = DIRECTION ( 'NONE',  ( 4.336808689942010300E-016, -1.000000000000000000, 0.0000000000000000000 ) ) ;
#352 = ORIENTED_EDGE ( 'NONE', *, *, #2150, .T. ) ;
#353 = PLANE ( 'NONE',  #984 ) ;
#354 = EDGE_CURVE ( 'NONE', #1168, #515, #1203, .T. ) ;
#355 = ORIENTED_EDGE ( 'NONE', *, *, #2025, .F. ) ;
#356 = DIRECTION ( 'NONE',  ( 5.102127870520018100E-017, -1.000000000000000000, 0.0000000000000000000 ) ) ;
#357 = ORIENTED_EDGE ( 'NONE', *, *, #2092, .T. ) ;
#358 = FACE_OUTER_BOUND ( 'NONE', #503, .T. ) ;
#359 = AXIS2_PLACEMENT_3D ( 'NONE', #2330, #2321, #426 ) ;
#360 = DIRECTION ( 'NONE',  ( 0.0000000000000000000, 0.0000000000000000000, -1.000000000000000000 ) ) ;
#361 = APPLICATION_CONTEXT ( 'configuration controlled 3d designs of mechanical parts and assemblies' ) ;
#362 = DIRECTION ( 'NONE',  ( 0.7071067811865451300, -0.7071067811865500200, -0.0000000000000000000 ) ) ;
#363 = EDGE_CURVE ( 'NONE', #531, #633, #1149, .T. ) ;
#364 =( BOUNDED_CURVE ( )  B_SPLINE_CURVE ( 3, ( #2382, #1278, #133, #1650 ),
 .UNSPECIFIED., .F., .F. ) 
 B_SPLINE_CURVE_WITH_KNOTS ( ( 4, 4 ),
 ( 1.084202172485502700E-015, 1.570796326794896600 ),
 .UNSPECIFIED. ) 
 CURVE ( )  GEOMETRIC_REPRESENTATION_ITEM ( )  RATIONAL_B_SPLINE_CURVE ( ( 1.000000000000000000, 0.8047378541243652700, 0.8047378541243652700, 1.000000000000000000 ) ) 
 REPRESENTATION_ITEM ( '' )  );
#365 = CARTESIAN_POINT ( 'NONE',  ( 19.00000000000000400, 0.0000000000000000000, -6.000000000000000000 ) ) ;
#366 = ORIENTED_EDGE ( 'NONE', *, *, #258, .T. ) ;
#367 = DIRECTION ( 'NONE',  ( -1.156482317317871300E-015, -1.000000000000000000, 0.0000000000000000000 ) ) ;
#368 = ORIENTED_EDGE ( 'NONE', *, *, #193, .F. ) ;
#369 = VECTOR ( 'NONE', #1070, 1000.000000000000000 ) ;
#370 = VERTEX_POINT ( 'NONE', #2405 ) ;
#371 = LINE ( 'NONE', #2068, #2454 ) ;
#372 = CARTESIAN_POINT ( 'NONE',  ( -1.000000000000000700, 18.39999999999999900, 2.899999999999999900 ) ) ;
#373 = VERTEX_POINT ( 'NONE', #659 ) ;
#374 = PERSON_AND_ORGANIZATION ( #253, #1981 ) ;
#375 = CARTESIAN_POINT ( 'NONE',  ( 20.00000000000000400, 11.50000000000000000, 3.000000000000000000 ) ) ;
#376 = VECTOR ( 'NONE', #1544, 1000.000000000000000 ) ;
#377 = DIRECTION ( 'NONE',  ( -0.0000000000000000000, -0.0000000000000000000, 1.000000000000000000 ) ) ;
#378 = EDGE_LOOP ( 'NONE', ( #2207, #608, #1920, #143, #519, #1682 ) ) ;
#379 = EDGE_CURVE ( 'NONE', #1929, #2460, #2314, .T. ) ;
#380 = DIRECTION ( 'NONE',  ( -0.0000000000000000000, -0.0000000000000000000, 1.000000000000000000 ) ) ;
#381 = ORIENTED_EDGE ( 'NONE', *, *, #1930, .F. ) ;
#382 = CARTESIAN_POINT ( 'NONE',  ( 20.00000000000000000, 3.000000000000000000, 8.300000000000000700 ) ) ;
#383 = EDGE_CURVE ( 'NONE', #1174, #1022, #1598, .T. ) ;
#384 = DIRECTION ( 'NONE',  ( -1.000000000000000000, -0.0000000000000000000, -0.0000000000000000000 ) ) ;
#385 = APPROVAL_STATUS ( 'not_yet_approved' ) ;
#386 = CARTESIAN_POINT ( 'NONE',  ( 17.39999999999999900, -1.000000000000000000, 2.899999999999999900 ) ) ;
#387 = CARTESIAN_POINT ( 'NONE',  ( -1.000000000000000000, 0.9999999999999986700, -2.899999999999999900 ) ) ;
#388 = EDGE_CURVE ( 'NONE', #1237, #2087, #2267, .T. ) ;
#389 = DIRECTION ( 'NONE',  ( 1.000000000000000000, -1.156482317317874300E-015, 0.0000000000000000000 ) ) ;
#390 = AXIS2_PLACEMENT_3D ( 'NONE', #1104, #1292, #2451 ) ;
#391 = EDGE_CURVE ( 'NONE', #400, #924, #1563, .T. ) ;
#392 = ORIENTED_EDGE ( 'NONE', *, *, #2075, .T. ) ;
#393 = DIRECTION ( 'NONE',  ( -1.000000000000000000, 1.156482317317878400E-015, 0.0000000000000000000 ) ) ;
#394 = FACE_BOUND ( 'NONE', #413, .T. ) ;
#395 = AXIS2_PLACEMENT_3D ( 'NONE', #2452, #563, #560 ) ;
#396 = VERTEX_POINT ( 'NONE', #317 ) ;
#397 = VECTOR ( 'NONE', #1102, 1000.000000000000000 ) ;
#398 = VERTEX_POINT ( 'NONE', #1997 ) ;
#399 = VECTOR ( 'NONE', #417, 1000.000000000000000 ) ;
#400 = VERTEX_POINT ( 'NONE', #861 ) ;
#401 = VERTEX_POINT ( 'NONE', #1221 ) ;
#402 = LINE ( 'NONE', #1127, #112 ) ;
#403 = DIRECTION ( 'NONE',  ( 0.0000000000000000000, 0.0000000000000000000, -1.000000000000000000 ) ) ;
#404 = ORIENTED_EDGE ( 'NONE', *, *, #801, .F. ) ;
#405 = VECTOR ( 'NONE', #1633, 1000.000000000000000 ) ;
#406 = ORIENTED_EDGE ( 'NONE', *, *, #769, .T. ) ;
#407 = ORIENTED_EDGE ( 'NONE', *, *, #703, .T. ) ;
#408 = ORIENTED_EDGE ( 'NONE', *, *, #1832, .T. ) ;
#409 = ORIENTED_EDGE ( 'NONE', *, *, #1551, .F. ) ;
#410 = ORIENTED_EDGE ( 'NONE', *, *, #2220, .F. ) ;
#411 =( BOUNDED_CURVE ( )  B_SPLINE_CURVE ( 3, ( #1679, #1286, #1853, #2275 ),
 .UNSPECIFIED., .F., .F. ) 
 B_SPLINE_CURVE_WITH_KNOTS ( ( 4, 4 ),
 ( 3.141592653589793100, 4.712388980384690600 ),
 .UNSPECIFIED. ) 
 CURVE ( )  GEOMETRIC_REPRESENTATION_ITEM ( )  RATIONAL_B_SPLINE_CURVE ( ( 1.000000000000000000, 0.8047378541243648300, 0.8047378541243648300, 1.000000000000000000 ) ) 
 REPRESENTATION_ITEM ( '' )  );
#412 = EDGE_CURVE ( 'NONE', #2104, #398, #549, .T. ) ;
#413 = EDGE_LOOP ( 'NONE', ( #1874, #822, #428, #718 ) ) ;
#414 = VECTOR ( 'NONE', #72, 1000.000000000000000 ) ;
#415 = CARTESIAN_POINT ( 'NONE',  ( 16.80000000000000100, 1.000000000000000000, 6.000000000000000000 ) ) ;
#416 = CARTESIAN_POINT ( 'NONE',  ( 1.800000000000000000, -1.200000000000000600, -2.699999999999999300 ) ) ;
#417 = DIRECTION ( 'NONE',  ( 0.0000000000000000000, -1.000000000000000000, 0.0000000000000000000 ) ) ;
#418 = CARTESIAN_POINT ( 'NONE',  ( 1.000000000000000000, 3.000000000000000000, -6.000000000000000000 ) ) ;
#419 = EDGE_CURVE ( 'NONE', #1033, #1320, #1063, .T. ) ;
#420 = DIRECTION ( 'NONE',  ( -1.000000000000000000, -0.0000000000000000000, -0.0000000000000000000 ) ) ;
#421 = FACE_OUTER_BOUND ( 'NONE', #293, .T. ) ;
#422 = AXIS2_PLACEMENT_3D ( 'NONE', #2401, #2000, #2410 ) ;
#423 = VECTOR ( 'NONE', #482, 1000.000000000000000 ) ;
#424 = CARTESIAN_POINT ( 'NONE',  ( 2.999999999999999100, 19.99999999999999600, 6.700000000000000200 ) ) ;
#425 = ORIENTED_EDGE ( 'NONE', *, *, #773, .T. ) ;
#426 = DIRECTION ( 'NONE',  ( 1.000000000000000000, 4.336808689942009800E-016, 0.0000000000000000000 ) ) ;
#427 = LINE ( 'NONE', #880, #369 ) ;
#428 = ORIENTED_EDGE ( 'NONE', *, *, #412, .T. ) ;
#429 = FACE_OUTER_BOUND ( 'NONE', #1138, .T. ) ;
#430 = CLOSED_SHELL ( 'NONE', ( #150, #97, #65, #1189, #1053, #306, #1582, #827, #1783, #436, #1652, #1208, #2167, #125, #1960, #728, #1800, #1393, #1024, #2396, #1429, #108, #2255, #2373, #1251, #856, #1218, #631, #277, #1473, #1440, #1046, #2434, #1234, #2209, #1999, #898, #2232, #1612, #1678, #651, #2243, #528, #1796, #53, #2347, #1967, #2418, #332, #80, #1288, #693, #2188, #2014, #1987, #2152, #475, #1383, #1852, #1009, #2384, #658, #505, #722, #2327, #2355, #1453, #1821, #2057, #907, #873, #1670, #296, #2215, #1601, #1763, #1065, #1404, #1624, #618, #1490, #679, #338 ) ) ;
#431 = LINE ( 'NONE', #1340, #1539 ) ;
#432 = VECTOR ( 'NONE', #462, 1000.000000000000000 ) ;
#433 = DIRECTION ( 'NONE',  ( -1.000000000000000000, 0.0000000000000000000, 0.0000000000000000000 ) ) ;
#434 = DIRECTION ( 'NONE',  ( -1.000000000000000000, 0.0000000000000000000, 0.0000000000000000000 ) ) ;
#435 = ORIENTED_EDGE ( 'NONE', *, *, #2296, .F. ) ;
#436 = ADVANCED_FACE ( 'NONE', ( #2198 ), #297, .F. ) ;
#437 = CARTESIAN_POINT ( 'NONE',  ( 1.000000000000000000, -1.000000000000000400, -2.899999999999999900 ) ) ;
#438 = EDGE_LOOP ( 'NONE', ( #1779, #1547, #1093, #199 ) ) ;
#439 = LINE ( 'NONE', #1642, #238 ) ;
#440 = EDGE_CURVE ( 'NONE', #717, #2318, #229, .T. ) ;
#441 = CARTESIAN_POINT ( 'NONE',  ( 17.39999999999999900, 1.000000000000000000, 2.899999999999999900 ) ) ;
#442 = DIRECTION ( 'NONE',  ( 0.0000000000000000000, 0.0000000000000000000, 1.000000000000000000 ) ) ;
#443 = DIRECTION ( 'NONE',  ( -0.0000000000000000000, 0.0000000000000000000, 1.000000000000000000 ) ) ;
#444 = APPROVAL ( #385, 'UNSPECIFIED' ) ;
#445 = DIRECTION ( 'NONE',  ( 1.000000000000000000, 0.0000000000000000000, 0.0000000000000000000 ) ) ;
#446 = DIRECTION ( 'NONE',  ( 0.0000000000000000000, 0.0000000000000000000, 1.000000000000000000 ) ) ;
#447 = CARTESIAN_POINT ( 'NONE',  ( 17.39999999999999900, 1.000000000000000000, -2.899999999999999900 ) ) ;
#448 = CARTESIAN_POINT ( 'NONE',  ( 20.00000000000000000, 0.0000000000000000000, 8.300000000000000700 ) ) ;
#449 = DIRECTION ( 'NONE',  ( 1.000000000000000000, -4.294568292880020500E-017, -0.0000000000000000000 ) ) ;
#450 = EDGE_LOOP ( 'NONE', ( #661, #1142, #2259, #684 ) ) ;
#451 = EDGE_CURVE ( 'NONE', #638, #2266, #1380, .T. ) ;
#452 = LINE ( 'NONE', #1074, #1403 ) ;
#453 = ORIENTED_EDGE ( 'NONE', *, *, #190, .T. ) ;
#454 = LINE ( 'NONE', #305, #1587 ) ;
#455 = CARTESIAN_POINT ( 'NONE',  ( 3.000000000000000000, 1.000000000000000000, -6.000000000000000000 ) ) ;
#456 = DIRECTION ( 'NONE',  ( -0.0000000000000000000, -0.0000000000000000000, 1.000000000000000000 ) ) ;
#457 = ORIENTED_EDGE ( 'NONE', *, *, #1955, .T. ) ;
#458 = VECTOR ( 'NONE', #244, 1000.000000000000000 ) ;
#459 = ORIENTED_EDGE ( 'NONE', *, *, #939, .F. ) ;
#460 = SHAPE_DEFINITION_REPRESENTATION ( #2125, #2035 ) ;
#461 = CARTESIAN_POINT ( 'NONE',  ( -1.000000000000000000, 0.9999999999999986700, -2.899999999999999900 ) ) ;
#462 = DIRECTION ( 'NONE',  ( 1.000000000000000000, 0.0000000000000000000, 0.0000000000000000000 ) ) ;
#463 = CARTESIAN_POINT ( 'NONE',  ( 19.71715728752538500, 3.000000000000000000, -6.500000000000000900 ) ) ;
#464 = ORIENTED_EDGE ( 'NONE', *, *, #182, .T. ) ;
#465 = VECTOR ( 'NONE', #1523, 1000.000000000000000 ) ;
#466 = ORIENTED_EDGE ( 'NONE', *, *, #939, .T. ) ;
#467 = ORIENTED_EDGE ( 'NONE', *, *, #1608, .T. ) ;
#468 = DIRECTION ( 'NONE',  ( 0.0000000000000000000, 0.0000000000000000000, 1.000000000000000000 ) ) ;
#469 = VERTEX_POINT ( 'NONE', #339 ) ;
#470 = ORIENTED_EDGE ( 'NONE', *, *, #1409, .F. ) ;
#471 = LINE ( 'NONE', #437, #2059 ) ;
#472 = DIRECTION ( 'NONE',  ( -1.000000000000000000, 0.0000000000000000000, -0.0000000000000000000 ) ) ;
#473 = DIRECTION ( 'NONE',  ( -1.000000000000000000, 0.0000000000000000000, -0.0000000000000000000 ) ) ;
#474 = EDGE_CURVE ( 'NONE', #531, #2218, #492, .T. ) ;
#475 = ADVANCED_FACE ( 'NONE', ( #2134 ), #1325, .T. ) ;
#476 = EDGE_CURVE ( 'NONE', #2407, #529, #1750, .T. ) ;
#477 = CARTESIAN_POINT ( 'NONE',  ( -1.000000000000000700, 18.39999999999999900, -2.899999999999999900 ) ) ;
#478 = DIRECTION ( 'NONE',  ( 1.000000000000000000, 0.0000000000000000000, 0.0000000000000000000 ) ) ;
#479 = AXIS2_PLACEMENT_3D ( 'NONE', #595, #2312, #1353 ) ;
#480 = CARTESIAN_POINT ( 'NONE',  ( 2.999999999999997300, 19.71715728752537800, -6.500000000000000900 ) ) ;
#481 = CARTESIAN_POINT ( 'NONE',  ( 18.19999999999999900, -1.000000000000000000, 2.899999999999999900 ) ) ;
#482 = DIRECTION ( 'NONE',  ( -0.0000000000000000000, -0.0000000000000000000, -1.000000000000000000 ) ) ;
#483 =( BOUNDED_CURVE ( )  B_SPLINE_CURVE ( 3, ( #1378, #1365, #1359, #613 ),
 .UNSPECIFIED., .F., .F. ) 
 B_SPLINE_CURVE_WITH_KNOTS ( ( 4, 4 ),
 ( 0.0000000000000000000, 1.570796326794896600 ),
 .UNSPECIFIED. ) 
 CURVE ( )  GEOMETRIC_REPRESENTATION_ITEM ( )  RATIONAL_B_SPLINE_CURVE ( ( 1.000000000000000000, 0.8047378541243649400, 0.8047378541243649400, 1.000000000000000000 ) ) 
 REPRESENTATION_ITEM ( '' )  );
#484 = CARTESIAN_POINT ( 'NONE',  ( 0.0000000000000000000, 11.50000000000000000, 0.0000000000000000000 ) ) ;
#485 = LINE ( 'NONE', #1820, #345 ) ;
#486 = CARTESIAN_POINT ( 'NONE',  ( 0.0000000000000000000, 9.000000000000000000, 0.0000000000000000000 ) ) ;
#487 = LINE ( 'NONE', #1244, #1348 ) ;
#488 = VERTEX_POINT ( 'NONE', #1658 ) ;
#489 = FACE_OUTER_BOUND ( 'NONE', #1599, .T. ) ;
#490 = EDGE_CURVE ( 'NONE', #579, #601, #1121, .T. ) ;
#491 = EDGE_LOOP ( 'NONE', ( #17, #2360, #1166, #194 ) ) ;
#492 = LINE ( 'NONE', #734, #45 ) ;
#493 = ORIENTED_EDGE ( 'NONE', *, *, #2415, .T. ) ;
#494 = VECTOR ( 'NONE', #1910, 1000.000000000000000 ) ;
#495 = DIRECTION ( 'NONE',  ( -0.0000000000000000000, -0.0000000000000000000, 1.000000000000000000 ) ) ;
#496 = AXIS2_PLACEMENT_3D ( 'NONE', #1795, #443, #2349 ) ;
#497 = LINE ( 'NONE', #2143, #232 ) ;
#498 = PLANE ( 'NONE',  #2376 ) ;
#499 = DIRECTION ( 'NONE',  ( -1.000000000000000000, -5.102127870520018100E-017, 0.0000000000000000000 ) ) ;
#500 = DIRECTION ( 'NONE',  ( -0.7071067811865451300, 0.7071067811865500200, -0.0000000000000000000 ) ) ;
#501 = EDGE_LOOP ( 'NONE', ( #798, #1041, #646, #1200 ) ) ;
#502 = CARTESIAN_POINT ( 'NONE',  ( 2.999999999999997300, 19.99999999999999600, 8.500000000000000000 ) ) ;
#503 = EDGE_LOOP ( 'NONE', ( #1387, #883, #2370, #2233 ) ) ;
#504 = FACE_OUTER_BOUND ( 'NONE', #2287, .T. ) ;
#505 = ADVANCED_FACE ( 'NONE', ( #175 ), #1479, .T. ) ;
#506 = DIRECTION ( 'NONE',  ( -1.000000000000000000, 1.156482317317871300E-015, 0.0000000000000000000 ) ) ;
#507 = CARTESIAN_POINT ( 'NONE',  ( 2.999999999999997300, 9.000000000000000000, -2.999999999999999100 ) ) ;
#508 = EDGE_CURVE ( 'NONE', #546, #116, #2399, .T. ) ;
#509 = EDGE_CURVE ( 'NONE', #286, #2407, #1870, .T. ) ;
#510 = CARTESIAN_POINT ( 'NONE',  ( 1.000000000000000000, 3.000000000000000000, 2.899999999999999900 ) ) ;
#511 = CARTESIAN_POINT ( 'NONE',  ( -1.200000000000000400, 18.31715728752538300, -2.817157287525379900 ) ) ;
#512 = ORIENTED_EDGE ( 'NONE', *, *, #1287, .T. ) ;
#513 = CARTESIAN_POINT ( 'NONE',  ( -1.200000000000000600, 1.800000000000000000, 2.699999999999999700 ) ) ;
#514 = FACE_OUTER_BOUND ( 'NONE', #584, .T. ) ;
#515 = VERTEX_POINT ( 'NONE', #1491 ) ;
#516 = LINE ( 'NONE', #1211, #1445 ) ;
#517 = EDGE_CURVE ( 'NONE', #2316, #1924, #1509, .T. ) ;
#518 = CARTESIAN_POINT ( 'NONE',  ( -1.000000000000000400, 2.000000000000000000, -2.899999999999999900 ) ) ;
#519 = ORIENTED_EDGE ( 'NONE', *, *, #2444, .T. ) ;
#520 = LINE ( 'NONE', #1566, #1089 ) ;
#521 = ORIENTED_EDGE ( 'NONE', *, *, #1901, .F. ) ;
#522 = PERSON_AND_ORGANIZATION ( #253, #1981 ) ;
#523 = VERTEX_POINT ( 'NONE', #2051 ) ;
#524 = VECTOR ( 'NONE', #1863, 1000.000000000000000 ) ;
#525 = AXIS2_PLACEMENT_3D ( 'NONE', #839, #807, #1370 ) ;
#526 = EDGE_CURVE ( 'NONE', #2316, #1363, #117, .T. ) ;
#527 = CARTESIAN_POINT ( 'NONE',  ( 20.00000000000000400, 3.000000000000000000, 8.300000000000000700 ) ) ;
#528 = ADVANCED_FACE ( 'NONE', ( #429 ), #2422, .F. ) ;
#529 = VERTEX_POINT ( 'NONE', #1480 ) ;
#530 = PRODUCT_DEFINITION_FORMATION_WITH_SPECIFIED_SOURCE ( 'ANY', '', #1737, .NOT_KNOWN. ) ;
#531 = VERTEX_POINT ( 'NONE', #930 ) ;
#532 = DIRECTION ( 'NONE',  ( -1.000000000000000000, 0.0000000000000000000, 0.0000000000000000000 ) ) ;
#533 = ORIENTED_EDGE ( 'NONE', *, *, #1392, .T. ) ;
#534 = CYLINDRICAL_SURFACE ( 'NONE', #834, 0.1999999999999987900 ) ;
#535 = CARTESIAN_POINT ( 'NONE',  ( -1.117157287525381000, 0.9999999999999986700, 2.899999999999999900 ) ) ;
#536 = CARTESIAN_POINT ( 'NONE',  ( 18.39999999999999900, -1.000000000000000000, 2.899999999999999900 ) ) ;
#537 = CARTESIAN_POINT ( 'NONE',  ( 0.0000000000000000000, 3.000000000000000000, -6.000000000000000000 ) ) ;
#538 = EDGE_CURVE ( 'NONE', #2301, #400, #1542, .T. ) ;
#539 = AXIS2_PLACEMENT_3D ( 'NONE', #1578, #2366, #472 ) ;
#540 = CARTESIAN_POINT ( 'NONE',  ( -1.200000000000000400, 1.917157287525381100, 2.817157287525379900 ) ) ;
#541 =( NAMED_UNIT ( * ) SI_UNIT ( $, .STERADIAN. ) SOLID_ANGLE_UNIT ( ) );
#542 = EDGE_LOOP ( 'NONE', ( #29, #851, #577, #1291 ) ) ;
#543 = FACE_OUTER_BOUND ( 'NONE', #2170, .T. ) ;
#544 = CARTESIAN_POINT ( 'NONE',  ( 0.0000000000000000000, 0.0000000000000000000, -6.000000000000000000 ) ) ;
#545 = LINE ( 'NONE', #1604, #200 ) ;
#546 = VERTEX_POINT ( 'NONE', #151 ) ;
#547 = LINE ( 'NONE', #1842, #2074 ) ;
#548 = PERSON_AND_ORGANIZATION_ROLE ( 'creator' ) ;
#549 = LINE ( 'NONE', #1248, #2077 ) ;
#550 = DATE_AND_TIME ( #21, #77 ) ;
#551 = EDGE_CURVE ( 'NONE', #978, #1617, #817, .T. ) ;
#552 = CARTESIAN_POINT ( 'NONE',  ( 0.4999999999999968900, 0.0000000000000000000, 8.500000000000000000 ) ) ;
#553 = LINE ( 'NONE', #1961, #1841 ) ;
#554 = AXIS2_PLACEMENT_3D ( 'NONE', #191, #1884, #8 ) ;
#555 = DIRECTION ( 'NONE',  ( -0.0000000000000000000, -0.0000000000000000000, 1.000000000000000000 ) ) ;
#556 = EDGE_CURVE ( 'NONE', #1693, #1223, #371, .T. ) ;
#557 = LINE ( 'NONE', #2078, #52 ) ;
#558 = DIRECTION ( 'NONE',  ( -1.000000000000000000, 0.0000000000000000000, 0.0000000000000000000 ) ) ;
#559 = FACE_OUTER_BOUND ( 'NONE', #1754, .T. ) ;
#560 = DIRECTION ( 'NONE',  ( 1.355252715606880300E-016, -1.000000000000000000, 0.0000000000000000000 ) ) ;
#561 = PLANE ( 'NONE',  #554 ) ;
#562 = EDGE_CURVE ( 'NONE', #1033, #2114, #995, .T. ) ;
#563 = DIRECTION ( 'NONE',  ( -1.000000000000000000, -1.355252715606880300E-016, 0.0000000000000000000 ) ) ;
#564 = CARTESIAN_POINT ( 'NONE',  ( 1.800000000000000000, -1.200000000000000600, 2.699999999999999700 ) ) ;
#565 = EDGE_CURVE ( 'NONE', #488, #796, #946, .T. ) ;
#566 = CARTESIAN_POINT ( 'NONE',  ( 1.000000000000000200, 1.000000000000000000, -6.000000000000000000 ) ) ;
#567 = DIRECTION ( 'NONE',  ( 1.000000000000000000, -1.156482317317871300E-015, -0.0000000000000000000 ) ) ;
#568 = CC_DESIGN_APPROVAL ( #444, ( #530 ) ) ;
#569 = ORIENTED_EDGE ( 'NONE', *, *, #2089, .T. ) ;
#570 = DIRECTION ( 'NONE',  ( 1.000000000000000000, 0.0000000000000000000, 0.0000000000000000000 ) ) ;
#571 = VECTOR ( 'NONE', #558, 1000.000000000000000 ) ;
#572 = ORIENTED_EDGE ( 'NONE', *, *, #2064, .F. ) ;
#573 = VECTOR ( 'NONE', #2065, 1000.000000000000000 ) ;
#574 = ORIENTED_EDGE ( 'NONE', *, *, #1333, .F. ) ;
#575 = VERTEX_POINT ( 'NONE', #2265 ) ;
#576 = VECTOR ( 'NONE', #32, 1000.000000000000000 ) ;
#577 = ORIENTED_EDGE ( 'NONE', *, *, #2206, .T. ) ;
#578 = COORDINATED_UNIVERSAL_TIME_OFFSET ( 8, 0, .AHEAD. ) ;
#579 = VERTEX_POINT ( 'NONE', #5 ) ;
#580 = CYLINDRICAL_SURFACE ( 'NONE', #2063, 0.2000000000000000900 ) ;
#581 = ORIENTED_EDGE ( 'NONE', *, *, #1911, .F. ) ;
#582 = ORIENTED_EDGE ( 'NONE', *, *, #99, .T. ) ;
#583 = ORIENTED_EDGE ( 'NONE', *, *, #239, .F. ) ;
#584 = EDGE_LOOP ( 'NONE', ( #863, #1528, #1954, #1816 ) ) ;
#585 = EDGE_CURVE ( 'NONE', #2317, #796, #2369, .T. ) ;
#586 = VERTEX_POINT ( 'NONE', #564 ) ;
#587 = VERTEX_POINT ( 'NONE', #1908 ) ;
#588 = PLANE ( 'NONE',  #1242 ) ;
#589 = EDGE_LOOP ( 'NONE', ( #2222, #739, #1043, #1980 ) ) ;
#590 = LINE ( 'NONE', #217, #1071 ) ;
#591 = CARTESIAN_POINT ( 'NONE',  ( -2.576064361825558500E-015, 19.80000000000000100, 8.500000000000000000 ) ) ;
#592 = CARTESIAN_POINT ( 'NONE',  ( 1.000000000000000200, 1.000000000000000000, -6.000000000000000000 ) ) ;
#593 = EDGE_CURVE ( 'NONE', #1425, #1025, #673, .T. ) ;
#594 = DIRECTION ( 'NONE',  ( 0.0000000000000000000, 0.0000000000000000000, -1.000000000000000000 ) ) ;
#595 = CARTESIAN_POINT ( 'NONE',  ( 1.000000000000000000, 1.000000000000000200, 2.899999999999999900 ) ) ;
#596 = VECTOR ( 'NONE', #2186, 1000.000000000000000 ) ;
#597 = LINE ( 'NONE', #790, #171 ) ;
#598 = ORIENTED_EDGE ( 'NONE', *, *, #153, .F. ) ;
#599 = VECTOR ( 'NONE', #904, 1000.000000000000000 ) ;
#600 = DIRECTION ( 'NONE',  ( 1.000000000000000000, -4.294568292880020500E-017, -0.0000000000000000000 ) ) ;
#601 = VERTEX_POINT ( 'NONE', #934 ) ;
#602 = VECTOR ( 'NONE', #170, 1000.000000000000000 ) ;
#603 = COORDINATED_UNIVERSAL_TIME_OFFSET ( 8, 0, .AHEAD. ) ;
#604 = CARTESIAN_POINT ( 'NONE',  ( 1.000000000000000200, 1.000000000000000000, -6.000000000000000000 ) ) ;
#605 = VERTEX_POINT ( 'NONE', #386 ) ;
#606 = FACE_OUTER_BOUND ( 'NONE', #1655, .T. ) ;
#607 = ORIENTED_EDGE ( 'NONE', *, *, #333, .F. ) ;
#608 = ORIENTED_EDGE ( 'NONE', *, *, #1933, .T. ) ;
#609 = EDGE_CURVE ( 'NONE', #2197, #1775, #2428, .T. ) ;
#610 = ORIENTED_EDGE ( 'NONE', *, *, #2089, .F. ) ;
#611 = DIRECTION ( 'NONE',  ( -1.971276677246371000E-016, 1.000000000000000000, 0.0000000000000000000 ) ) ;
#612 = VECTOR ( 'NONE', #500, 1000.000000000000100 ) ;
#613 = CARTESIAN_POINT ( 'NONE',  ( 18.19999999999999900, -1.200000000000000200, -2.699999999999999300 ) ) ;
#614 = AXIS2_PLACEMENT_3D ( 'NONE', #484, #2001, #697 ) ;
#615 = DIRECTION ( 'NONE',  ( 0.0000000000000000000, -1.000000000000000000, -1.734723475976806800E-016 ) ) ;
#616 = CARTESIAN_POINT ( 'NONE',  ( 1.000000000000000000, 17.39999999999999900, 2.899999999999999900 ) ) ;
#617 =( BOUNDED_CURVE ( )  B_SPLINE_CURVE ( 3, ( #810, #836, #1205, #1574 ),
 .UNSPECIFIED., .F., .F. ) 
 B_SPLINE_CURVE_WITH_KNOTS ( ( 4, 4 ),
 ( 4.712388980384689700, 6.283185307179585300 ),
 .UNSPECIFIED. ) 
 CURVE ( )  GEOMETRIC_REPRESENTATION_ITEM ( )  RATIONAL_B_SPLINE_CURVE ( ( 1.000000000000000000, 0.8047378541243652700, 0.8047378541243652700, 1.000000000000000000 ) ) 
 REPRESENTATION_ITEM ( '' )  );
#618 = ADVANCED_FACE ( 'NONE', ( #974 ), #1811, .T. ) ;
#619 = CARTESIAN_POINT ( 'NONE',  ( 19.00000000000000400, 0.0000000000000000000, 6.000000000000000000 ) ) ;
#620 = CARTESIAN_POINT ( 'NONE',  ( -1.200000000000000600, 18.39999999999999900, -2.699999999999999300 ) ) ;
#621 = CARTESIAN_POINT ( 'NONE',  ( 20.00000000000000400, 3.000000000000000000, -2.999999999999999100 ) ) ;
#622 = EDGE_CURVE ( 'NONE', #111, #122, #1415, .T. ) ;
#623 = DIRECTION ( 'NONE',  ( 0.0000000000000000000, 0.0000000000000000000, 1.000000000000000000 ) ) ;
#624 = CARTESIAN_POINT ( 'NONE',  ( 11.35857864376268900, 11.35857864376269100, 8.300000000000000700 ) ) ;
#625 = DIRECTION ( 'NONE',  ( 1.000000000000000000, 0.0000000000000000000, 0.0000000000000000000 ) ) ;
#626 = AXIS2_PLACEMENT_3D ( 'NONE', #1488, #1873, #746 ) ;
#627 = EDGE_CURVE ( 'NONE', #401, #398, #1238, .T. ) ;
#628 = DIRECTION ( 'NONE',  ( -1.301042606982605300E-016, 1.000000000000000000, 0.0000000000000000000 ) ) ;
#629 = VERTEX_POINT ( 'NONE', #770 ) ;
#630 = LINE ( 'NONE', #1817, #2251 ) ;
#631 = ADVANCED_FACE ( 'NONE', ( #2309 ), #561, .F. ) ;
#632 = DIRECTION ( 'NONE',  ( 0.0000000000000000000, -0.0000000000000000000, 1.000000000000000000 ) ) ;
#633 = VERTEX_POINT ( 'NONE', #1707 ) ;
#634 = LINE ( 'NONE', #1155, #141 ) ;
#635 = ORIENTED_EDGE ( 'NONE', *, *, #304, .F. ) ;
#636 = FACE_OUTER_BOUND ( 'NONE', #262, .T. ) ;
#637 = ORIENTED_EDGE ( 'NONE', *, *, #1698, .T. ) ;
#638 = VERTEX_POINT ( 'NONE', #1517 ) ;
#639 = FACE_OUTER_BOUND ( 'NONE', #776, .T. ) ;
#640 = VERTEX_POINT ( 'NONE', #2094 ) ;
#641 = CARTESIAN_POINT ( 'NONE',  ( 2.999999999999997300, 19.99999999999999600, 8.500000000000000000 ) ) ;
#642 = DIRECTION ( 'NONE',  ( -0.0000000000000000000, 1.000000000000000000, -1.734723475976806800E-016 ) ) ;
#643 = ORIENTED_EDGE ( 'NONE', *, *, #451, .T. ) ;
#644 = CARTESIAN_POINT ( 'NONE',  ( 0.0000000000000000000, 0.5000000000000003300, -6.000000000000000000 ) ) ;
#645 = CARTESIAN_POINT ( 'NONE',  ( 2.000000000000000000, -1.200000000000000600, 2.899999999999999900 ) ) ;
#646 = ORIENTED_EDGE ( 'NONE', *, *, #2322, .F. ) ;
#647 = ORIENTED_EDGE ( 'NONE', *, *, #538, .F. ) ;
#648 = EDGE_CURVE ( 'NONE', #231, #2056, #1928, .T. ) ;
#649 = ORIENTED_EDGE ( 'NONE', *, *, #79, .F. ) ;
#650 = CYLINDRICAL_SURFACE ( 'NONE', #359, 0.1999999999999999800 ) ;
#651 = ADVANCED_FACE ( 'NONE', ( #2263 ), #1336, .T. ) ;
#652 = EDGE_CURVE ( 'NONE', #469, #924, #920, .T. ) ;
#653 = DIRECTION ( 'NONE',  ( 0.0000000000000000000, 0.0000000000000000000, -1.000000000000000000 ) ) ;
#654 = CARTESIAN_POINT ( 'NONE',  ( -1.200000000000000600, 17.59999999999999800, -2.699999999999999300 ) ) ;
#655 = PLANE ( 'NONE',  #2258 ) ;
#656 = CARTESIAN_POINT ( 'NONE',  ( -1.200000000000000200, 0.9999999999999985600, 2.899999999999999900 ) ) ;
#657 = DIRECTION ( 'NONE',  ( -1.000000000000000000, 1.156482317317871300E-015, 0.0000000000000000000 ) ) ;
#658 = ADVANCED_FACE ( 'NONE', ( #1301 ), #1626, .T. ) ;
#659 = CARTESIAN_POINT ( 'NONE',  ( 1.000000000000000000, -1.000000000000000700, -2.899999999999999900 ) ) ;
#660 = DIRECTION ( 'NONE',  ( 1.000000000000000000, 0.0000000000000000000, -0.0000000000000000000 ) ) ;
#661 = ORIENTED_EDGE ( 'NONE', *, *, #2403, .F. ) ;
#662 = EDGE_CURVE ( 'NONE', #1489, #1729, #1694, .T. ) ;
#663 = VECTOR ( 'NONE', #309, 1000.000000000000000 ) ;
#664 = CYLINDRICAL_SURFACE ( 'NONE', #1280, 3.000000000000000000 ) ;
#665 = DIRECTION ( 'NONE',  ( 1.000000000000000000, 0.0000000000000000000, -0.0000000000000000000 ) ) ;
#666 = DIRECTION ( 'NONE',  ( -0.0000000000000000000, -0.0000000000000000000, -1.000000000000000000 ) ) ;
#667 = VECTOR ( 'NONE', #95, 1000.000000000000000 ) ;
#668 = ORIENTED_EDGE ( 'NONE', *, *, #2025, .T. ) ;
#669 = VECTOR ( 'NONE', #2202, 1000.000000000000000 ) ;
#670 = DIRECTION ( 'NONE',  ( 9.856383386231856400E-017, -1.000000000000000000, 0.0000000000000000000 ) ) ;
#671 = CARTESIAN_POINT ( 'NONE',  ( 1.000000000000000000, 19.00000000000000400, -6.000000000000000000 ) ) ;
#672 = ORIENTED_EDGE ( 'NONE', *, *, #509, .T. ) ;
#673 = LINE ( 'NONE', #1328, #2286 ) ;
#674 = VERTEX_POINT ( 'NONE', #203 ) ;
#675 = APPROVAL_DATE_TIME ( #2047, #444 ) ;
#676 = ORIENTED_EDGE ( 'NONE', *, *, #931, .T. ) ;
#677 = LINE ( 'NONE', #88, #1953 ) ;
#678 = CARTESIAN_POINT ( 'NONE',  ( 0.0000000000000000000, 0.0000000000000000000, 6.500000000000000900 ) ) ;
#679 = ADVANCED_FACE ( 'NONE', ( #2257 ), #183, .F. ) ;
#680 = ORIENTED_EDGE ( 'NONE', *, *, #1079, .T. ) ;
#681 = CARTESIAN_POINT ( 'NONE',  ( -1.000000000000000400, 0.0000000000000000000, -2.899999999999999900 ) ) ;
#682 = ORIENTED_EDGE ( 'NONE', *, *, #2120, .F. ) ;
#683 = CARTESIAN_POINT ( 'NONE',  ( 1.000000000000000200, 18.40000000000000200, 2.899999999999999900 ) ) ;
#684 = ORIENTED_EDGE ( 'NONE', *, *, #316, .F. ) ;
#685 = LINE ( 'NONE', #2157, #158 ) ;
#686 = CARTESIAN_POINT ( 'NONE',  ( 2.999999999999995600, 11.50000000000000000, 3.000000000000000000 ) ) ;
#687 = EDGE_CURVE ( 'NONE', #1282, #633, #2227, .T. ) ;
#688 = DIRECTION ( 'NONE',  ( 1.000000000000000000, 0.0000000000000000000, -0.0000000000000000000 ) ) ;
#689 = AXIS2_PLACEMENT_3D ( 'NONE', #1182, #1171, #2320 ) ;
#690 = EDGE_CURVE ( 'NONE', #633, #2056, #1298, .T. ) ;
#691 = CARTESIAN_POINT ( 'NONE',  ( 1.000000000000000400, 16.80000000000000100, -6.000000000000000000 ) ) ;
#692 = DIRECTION ( 'NONE',  ( 0.0000000000000000000, 0.0000000000000000000, -1.000000000000000000 ) ) ;
#693 = ADVANCED_FACE ( 'NONE', ( #1660 ), #2139, .T. ) ;
#694 = DIRECTION ( 'NONE',  ( 0.7071067811865477900, -0.7071067811865473500, -0.0000000000000000000 ) ) ;
#695 = CARTESIAN_POINT ( 'NONE',  ( -1.000000000000000400, 17.59999999999999800, 2.899999999999999900 ) ) ;
#696 = EDGE_CURVE ( 'NONE', #575, #1425, #1167, .T. ) ;
#697 = DIRECTION ( 'NONE',  ( 0.0000000000000000000, 0.0000000000000000000, 1.000000000000000000 ) ) ;
#698 = ORIENTED_EDGE ( 'NONE', *, *, #1823, .F. ) ;
#699 = CARTESIAN_POINT ( 'NONE',  ( 3.000000000000000000, 19.99999999999999600, -8.300000000000000700 ) ) ;
#700 = FACE_OUTER_BOUND ( 'NONE', #1830, .T. ) ;
#701 = EDGE_LOOP ( 'NONE', ( #1688, #1090, #1742, #352 ) ) ;
#702 = CYLINDRICAL_SURFACE ( 'NONE', #803, 0.2000000000000000900 ) ;
#703 = EDGE_CURVE ( 'NONE', #735, #348, #1746, .T. ) ;
#704 = ORIENTED_EDGE ( 'NONE', *, *, #1217, .T. ) ;
#705 = LINE ( 'NONE', #1970, #2129 ) ;
#706 = DATE_AND_TIME ( #1476, #891 ) ;
#707 = DIRECTION ( 'NONE',  ( 0.0000000000000000000, 0.0000000000000000000, -1.000000000000000000 ) ) ;
#708 = AXIS2_PLACEMENT_3D ( 'NONE', #1709, #958, #2069 ) ;
#709 = ORIENTED_EDGE ( 'NONE', *, *, #1526, .T. ) ;
#710 = LINE ( 'NONE', #1641, #2171 ) ;
#711 = EDGE_LOOP ( 'NONE', ( #1109, #2098, #2282, #994 ) ) ;
#712 = CARTESIAN_POINT ( 'NONE',  ( 3.000000000000000000, -1.288370487864006100E-016, -6.000000000000000000 ) ) ;
#713 = DIRECTION ( 'NONE',  ( -0.0000000000000000000, 1.000000000000000000, -0.0000000000000000000 ) ) ;
#714 = EDGE_LOOP ( 'NONE', ( #321, #1374, #1720, #1332 ) ) ;
#715 = ORIENTED_EDGE ( 'NONE', *, *, #2351, .T. ) ;
#716 = DIRECTION ( 'NONE',  ( 0.0000000000000000000, 0.0000000000000000000, -1.000000000000000000 ) ) ;
#717 = VERTEX_POINT ( 'NONE', #591 ) ;
#718 = ORIENTED_EDGE ( 'NONE', *, *, #627, .F. ) ;
#719 = DIRECTION ( 'NONE',  ( 0.0000000000000000000, 1.000000000000000000, -1.734723475976806800E-016 ) ) ;
#720 = ORIENTED_EDGE ( 'NONE', *, *, #2335, .T. ) ;
#721 = CARTESIAN_POINT ( 'NONE',  ( -1.200000000000000600, 18.39999999999999900, -2.899999999999999900 ) ) ;
#722 = ADVANCED_FACE ( 'NONE', ( #1922 ), #75, .T. ) ;
#723 = DIRECTION ( 'NONE',  ( 0.7071067811865474600, 0.7071067811865474600, 0.0000000000000000000 ) ) ;
#724 = EDGE_CURVE ( 'NONE', #973, #1693, #520, .T. ) ;
#725 = CARTESIAN_POINT ( 'NONE',  ( -1.117157287525381500, 18.39999999999999900, -2.899999999999999500 ) ) ;
#726 = CARTESIAN_POINT ( 'NONE',  ( 2.999999999999997300, 19.99999999999999300, -3.000000000000000900 ) ) ;
#727 = CARTESIAN_POINT ( 'NONE',  ( 9.000000000000000000, 0.0000000000000000000, 3.000000000000000000 ) ) ;
#728 = ADVANCED_FACE ( 'NONE', ( #1351 ), #785, .T. ) ;
#729 = ORIENTED_EDGE ( 'NONE', *, *, #1736, .F. ) ;
#730 = VECTOR ( 'NONE', #1681, 1000.000000000000000 ) ;
#731 = LINE ( 'NONE', #207, #1686 ) ;
#732 = EDGE_CURVE ( 'NONE', #587, #2459, #597, .T. ) ;
#733 = CARTESIAN_POINT ( 'NONE',  ( -1.000000000000000400, 2.000000000000000000, -2.899999999999999900 ) ) ;
#734 = CARTESIAN_POINT ( 'NONE',  ( 3.000000000000000000, 19.99999999999999600, -6.500000000000000900 ) ) ;
#735 = VERTEX_POINT ( 'NONE', #2307 ) ;
#736 = VECTOR ( 'NONE', #1938, 1000.000000000000000 ) ;
#737 = ORIENTED_EDGE ( 'NONE', *, *, #1851, .F. ) ;
#738 = LINE ( 'NONE', #1008, #1232 ) ;
#739 = ORIENTED_EDGE ( 'NONE', *, *, #908, .F. ) ;
#740 = VECTOR ( 'NONE', #1190, 1000.000000000000000 ) ;
#741 = AXIS2_PLACEMENT_3D ( 'NONE', #166, #356, #1881 ) ;
#742 = CARTESIAN_POINT ( 'NONE',  ( 1.000000000000000400, 16.80000000000000100, 6.000000000000000000 ) ) ;
#743 = EDGE_CURVE ( 'NONE', #1194, #1791, #916, .T. ) ;
#744 = CARTESIAN_POINT ( 'NONE',  ( -1.000000000000000700, 18.39999999999999900, 2.899999999999999900 ) ) ;
#745 = VECTOR ( 'NONE', #1555, 1000.000000000000000 ) ;
#746 = DIRECTION ( 'NONE',  ( 0.0000000000000000000, 0.0000000000000000000, 1.000000000000000000 ) ) ;
#747 =( NAMED_UNIT ( * ) PLANE_ANGLE_UNIT ( ) SI_UNIT ( $, .RADIAN. ) );
#748 = AXIS2_PLACEMENT_3D ( 'NONE', #2182, #1786, #2352 ) ;
#749 = ORIENTED_EDGE ( 'NONE', *, *, #2386, .T. ) ;
#750 = VERTEX_POINT ( 'NONE', #43 ) ;
#751 = VECTOR ( 'NONE', #1188, 1000.000000000000000 ) ;
#752 = DIRECTION ( 'NONE',  ( 0.7071067811865475700, -0.7071067811865474600, -0.0000000000000000000 ) ) ;
#753 = PLANE ( 'NONE',  #1395 ) ;
#754 = CARTESIAN_POINT ( 'NONE',  ( 19.00000000000000400, 0.0000000000000000000, -6.000000000000000000 ) ) ;
#755 = DIRECTION ( 'NONE',  ( 0.0000000000000000000, 0.0000000000000000000, -1.000000000000000000 ) ) ;
#756 = EDGE_CURVE ( 'NONE', #469, #235, #483, .T. ) ;
#757 = CARTESIAN_POINT ( 'NONE',  ( 0.0000000000000000000, 3.000000000000000000, -6.000000000000000000 ) ) ;
#758 = AXIS2_PLACEMENT_3D ( 'NONE', #885, #2238, #2013 ) ;
#759 = CARTESIAN_POINT ( 'NONE',  ( 0.0000000000000000000, 3.000000000000000000, -6.000000000000000000 ) ) ;
#760 = FACE_OUTER_BOUND ( 'NONE', #340, .T. ) ;
#761 = ORIENTED_EDGE ( 'NONE', *, *, #1170, .F. ) ;
#762 = LINE ( 'NONE', #334, #1143 ) ;
#763 = CARTESIAN_POINT ( 'NONE',  ( 11.35857864376268900, 11.35857864376269100, 8.500000000000000000 ) ) ;
#764 = PLANE ( 'NONE',  #708 ) ;
#765 = ORIENTED_EDGE ( 'NONE', *, *, #324, .T. ) ;
#766 = LINE ( 'NONE', #1007, #257 ) ;
#767 = ORIENTED_EDGE ( 'NONE', *, *, #1131, .F. ) ;
#768 = DATE_AND_TIME ( #1270, #1782 ) ;
#769 = EDGE_CURVE ( 'NONE', #796, #2345, #1199, .T. ) ;
#770 = CARTESIAN_POINT ( 'NONE',  ( 1.000000000000000000, 2.000000000000000000, -2.899999999999999900 ) ) ;
#771 = VECTOR ( 'NONE', #246, 1000.000000000000000 ) ;
#772 = CARTESIAN_POINT ( 'NONE',  ( 0.0000000000000000000, 0.0000000000000000000, 8.500000000000000000 ) ) ;
#773 = EDGE_CURVE ( 'NONE', #373, #1059, #1411, .T. ) ;
#774 = CARTESIAN_POINT ( 'NONE',  ( -1.200000000000000400, 17.48284271247461400, 2.817157287525379900 ) ) ;
#775 = ORIENTED_EDGE ( 'NONE', *, *, #2137, .T. ) ;
#776 = EDGE_LOOP ( 'NONE', ( #1835, #409, #268, #572, #1713, #1304, #2436, #2205 ) ) ;
#777 = ORIENTED_EDGE ( 'NONE', *, *, #1287, .F. ) ;
#778 = ORIENTED_EDGE ( 'NONE', *, *, #1868, .T. ) ;
#779 = ORIENTED_EDGE ( 'NONE', *, *, #900, .F. ) ;
#780 = CARTESIAN_POINT ( 'NONE',  ( 2.168404344971008900E-016, 16.80000000000000100, -6.000000000000000000 ) ) ;
#781 = DIRECTION ( 'NONE',  ( -1.000000000000000000, 0.0000000000000000000, -0.0000000000000000000 ) ) ;
#782 = DIRECTION ( 'NONE',  ( -1.000000000000000000, -0.0000000000000000000, -0.0000000000000000000 ) ) ;
#783 = EDGE_CURVE ( 'NONE', #1320, #2262, #969, .T. ) ;
#784 =( BOUNDED_CURVE ( )  B_SPLINE_CURVE ( 3, ( #1730, #2123, #1342, #1145 ),
 .UNSPECIFIED., .F., .F. ) 
 B_SPLINE_CURVE_WITH_KNOTS ( ( 4, 4 ),
 ( 1.570796326794896600, 3.141592653589793100 ),
 .UNSPECIFIED. ) 
 CURVE ( )  GEOMETRIC_REPRESENTATION_ITEM ( )  RATIONAL_B_SPLINE_CURVE ( ( 1.000000000000000000, 0.8047378541243649400, 0.8047378541243649400, 1.000000000000000000 ) ) 
 REPRESENTATION_ITEM ( '' )  );
#785 = PLANE ( 'NONE',  #1072 ) ;
#786 = EDGE_CURVE ( 'NONE', #2292, #1747, #1144, .T. ) ;
#787 = CARTESIAN_POINT ( 'NONE',  ( 3.000000000000000000, 1.000000000000000000, 6.000000000000000000 ) ) ;
#788 = CARTESIAN_POINT ( 'NONE',  ( 1.000000000000000000, 3.000000000000000000, 6.000000000000000000 ) ) ;
#789 = VERTEX_POINT ( 'NONE', #56 ) ;
#790 = CARTESIAN_POINT ( 'NONE',  ( 20.00000000000000400, 9.000000000000000000, 2.999999999999999600 ) ) ;
#791 = LINE ( 'NONE', #2412, #423 ) ;
#792 = VECTOR ( 'NONE', #384, 1000.000000000000000 ) ;
#793 = ORIENTED_EDGE ( 'NONE', *, *, #134, .T. ) ;
#794 = VECTOR ( 'NONE', #600, 1000.000000000000000 ) ;
#795 = CARTESIAN_POINT ( 'NONE',  ( -1.117157287525381000, 0.9999999999999986700, -2.899999999999999500 ) ) ;
#796 = VERTEX_POINT ( 'NONE', #1554 ) ;
#797 = VECTOR ( 'NONE', #1308, 1000.000000000000000 ) ;
#798 = ORIENTED_EDGE ( 'NONE', *, *, #1930, .T. ) ;
#799 = VECTOR ( 'NONE', #2442, 1000.000000000000000 ) ;
#800 = VECTOR ( 'NONE', #281, 1000.000000000000000 ) ;
#801 = EDGE_CURVE ( 'NONE', #523, #2197, #223, .T. ) ;
#802 = ORIENTED_EDGE ( 'NONE', *, *, #1396, .T. ) ;
#803 = AXIS2_PLACEMENT_3D ( 'NONE', #1241, #2395, #1076 ) ;
#804 = DIRECTION ( 'NONE',  ( -1.084202172485504400E-016, 1.000000000000000000, 0.0000000000000000000 ) ) ;
#805 = CARTESIAN_POINT ( 'NONE',  ( 20.00000000000000400, 3.000000000000000000, -8.300000000000002500 ) ) ;
#806 = ORIENTED_EDGE ( 'NONE', *, *, #902, .T. ) ;
#807 = DIRECTION ( 'NONE',  ( -1.000000000000000000, 0.0000000000000000000, 0.0000000000000000000 ) ) ;
#808 = PLANE ( 'NONE',  #1520 ) ;
#809 = EDGE_CURVE ( 'NONE', #2345, #1775, #1058, .T. ) ;
#810 = CARTESIAN_POINT ( 'NONE',  ( -1.200000000000000600, 18.19999999999999900, 2.699999999999999700 ) ) ;
#811 = EDGE_CURVE ( 'NONE', #2305, #2087, #2193, .T. ) ;
#812 = DIRECTION ( 'NONE',  ( -1.000000000000000000, 0.0000000000000000000, 0.0000000000000000000 ) ) ;
#813 = FACE_OUTER_BOUND ( 'NONE', #2430, .T. ) ;
#814 = ORIENTED_EDGE ( 'NONE', *, *, #1289, .F. ) ;
#815 = FACE_OUTER_BOUND ( 'NONE', #589, .T. ) ;
#816 = ORIENTED_EDGE ( 'NONE', *, *, #476, .T. ) ;
#817 = LINE ( 'NONE', #1494, #1034 ) ;
#818 = ORIENTED_EDGE ( 'NONE', *, *, #662, .F. ) ;
#819 = PERSON_AND_ORGANIZATION ( #253, #1981 ) ;
#820 = CARTESIAN_POINT ( 'NONE',  ( 11.50000000000000000, 2.999999999999999100, 0.0000000000000000000 ) ) ;
#821 = DIRECTION ( 'NONE',  ( -1.000000000000000000, -0.0000000000000000000, -0.0000000000000000000 ) ) ;
#822 = ORIENTED_EDGE ( 'NONE', *, *, #1317, .T. ) ;
#823 = LINE ( 'NONE', #236, #1513 ) ;
#824 = EDGE_CURVE ( 'NONE', #1324, #640, #705, .T. ) ;
#825 = ORIENTED_EDGE ( 'NONE', *, *, #593, .T. ) ;
#826 = CARTESIAN_POINT ( 'NONE',  ( 1.000000000000000000, 19.00000000000000400, 6.000000000000000000 ) ) ;
#827 = ADVANCED_FACE ( 'NONE', ( #2045 ), #837, .F. ) ;
#828 = EDGE_CURVE ( 'NONE', #587, #2256, #2363, .T. ) ;
#829 = CARTESIAN_POINT ( 'NONE',  ( -1.000000000000000400, 2.000000000000000000, 2.899999999999999900 ) ) ;
#830 = ORIENTED_EDGE ( 'NONE', *, *, #1939, .T. ) ;
#831 = DIRECTION ( 'NONE',  ( 0.7071067811865414700, -0.7071067811865536800, -0.0000000000000000000 ) ) ;
#832 = ORIENTED_EDGE ( 'NONE', *, *, #249, .F. ) ;
#833 = CARTESIAN_POINT ( 'NONE',  ( 0.0000000000000000000, 19.00000000000000400, -6.000000000000000000 ) ) ;
#834 = AXIS2_PLACEMENT_3D ( 'NONE', #1596, #1049, #1236 ) ;
#835 = DIRECTION ( 'NONE',  ( -0.7071067811865414700, 0.7071067811865536800, -0.0000000000000000000 ) ) ;
#836 = CARTESIAN_POINT ( 'NONE',  ( -1.200000000000000400, 18.31715728752538300, 2.817157287525380300 ) ) ;
#837 = PLANE ( 'NONE',  #1838 ) ;
#838 = CARTESIAN_POINT ( 'NONE',  ( 20.00000000000000000, 3.000000000000000000, 6.500000000000000900 ) ) ;
#839 = CARTESIAN_POINT ( 'NONE',  ( 2.999999999999997300, 19.99999999999999600, 8.500000000000000000 ) ) ;
#840 = PLANE ( 'NONE',  #1119 ) ;
#841 = EDGE_CURVE ( 'NONE', #973, #789, #1621, .T. ) ;
#842 = CARTESIAN_POINT ( 'NONE',  ( 1.000000000000000000, 1.000000000000000200, 2.899999999999999900 ) ) ;
#843 = PLANE ( 'NONE',  #2219 ) ;
#844 = CARTESIAN_POINT ( 'NONE',  ( 20.00000000000000400, 3.000000000000000000, 6.700000000000000200 ) ) ;
#845 = ORIENTED_EDGE ( 'NONE', *, *, #2372, .F. ) ;
#846 = FACE_BOUND ( 'NONE', #2196, .T. ) ;
#847 = CARTESIAN_POINT ( 'NONE',  ( 3.000000000000000000, 1.000000000000000000, -6.000000000000000000 ) ) ;
#848 = ORIENTED_EDGE ( 'NONE', *, *, #476, .F. ) ;
#849 = CARTESIAN_POINT ( 'NONE',  ( 16.80000000000000100, 0.0000000000000000000, 6.000000000000000000 ) ) ;
#850 = FACE_OUTER_BOUND ( 'NONE', #1172, .T. ) ;
#851 = ORIENTED_EDGE ( 'NONE', *, *, #824, .T. ) ;
#852 = ORIENTED_EDGE ( 'NONE', *, *, #324, .F. ) ;
#853 = FACE_OUTER_BOUND ( 'NONE', #1030, .T. ) ;
#854 = ORIENTED_EDGE ( 'NONE', *, *, #1608, .F. ) ;
#855 = CYLINDRICAL_SURFACE ( 'NONE', #1913, 0.2000000000000002900 ) ;
#856 = ADVANCED_FACE ( 'NONE', ( #636 ), #2183, .T. ) ;
#857 = EDGE_LOOP ( 'NONE', ( #1844, #1266, #1756, #325, #777, #1732, #793, #314 ) ) ;
#858 = VECTOR ( 'NONE', #1726, 1000.000000000000000 ) ;
#859 = ORIENTED_EDGE ( 'NONE', *, *, #2386, .F. ) ;
#860 = VERTEX_POINT ( 'NONE', #654 ) ;
#861 = CARTESIAN_POINT ( 'NONE',  ( 18.39999999999999900, 1.000000000000000000, 2.899999999999999900 ) ) ;
#862 = DIRECTION ( 'NONE',  ( -0.0000000000000000000, -1.000000000000000000, -0.0000000000000000000 ) ) ;
#863 = ORIENTED_EDGE ( 'NONE', *, *, #1051, .T. ) ;
#864 = VERTEX_POINT ( 'NONE', #103 ) ;
#865 = EDGE_CURVE ( 'NONE', #2175, #860, #343, .T. ) ;
#866 = CARTESIAN_POINT ( 'NONE',  ( 17.39999999999999900, -1.000000000000000000, 2.899999999999999900 ) ) ;
#867 = VERTEX_POINT ( 'NONE', #2339 ) ;
#868 = VECTOR ( 'NONE', #899, 1000.000000000000000 ) ;
#869 = EDGE_CURVE ( 'NONE', #1022, #1584, #545, .T. ) ;
#870 = CARTESIAN_POINT ( 'NONE',  ( 0.0000000000000000000, 11.50000000000000000, 3.000000000000000000 ) ) ;
#871 = CARTESIAN_POINT ( 'NONE',  ( 9.000000000000000000, 2.999999999999999100, 0.0000000000000000000 ) ) ;
#872 = CARTESIAN_POINT ( 'NONE',  ( 1.000000000000000000, -1.200000000000000600, 2.899999999999999900 ) ) ;
#873 = ADVANCED_FACE ( 'NONE', ( #853 ), #2304, .T. ) ;
#874 = PLANE ( 'NONE',  #1176 ) ;
#875 = CARTESIAN_POINT ( 'NONE',  ( 17.59999999999999800, -1.200000000000000200, -2.699999999999999300 ) ) ;
#876 = PLANE ( 'NONE',  #2140 ) ;
#877 = CARTESIAN_POINT ( 'NONE',  ( 0.0000000000000000000, 0.0000000000000000000, 2.899999999999999900 ) ) ;
#878 = CARTESIAN_POINT ( 'NONE',  ( 0.0000000000000000000, 0.0000000000000000000, -2.899999999999999900 ) ) ;
#879 = EDGE_CURVE ( 'NONE', #1781, #1310, #2103, .T. ) ;
#880 = CARTESIAN_POINT ( 'NONE',  ( 18.39999999999999900, -1.000000000000000000, 2.899999999999999900 ) ) ;
#881 = CARTESIAN_POINT ( 'NONE',  ( 19.80000000000000100, -2.289834988289385700E-014, -8.500000000000000000 ) ) ;
#882 = VECTOR ( 'NONE', #495, 1000.000000000000000 ) ;
#883 = ORIENTED_EDGE ( 'NONE', *, *, #565, .F. ) ;
#884 = CYLINDRICAL_SURFACE ( 'NONE', #1701, 2.999999999999999600 ) ;
#885 = CARTESIAN_POINT ( 'NONE',  ( -1.000000000000000400, 18.19999999999999900, 2.899999999999999900 ) ) ;
#886 = DIRECTION ( 'NONE',  ( 0.0000000000000000000, 0.0000000000000000000, -1.000000000000000000 ) ) ;
#887 = DIRECTION ( 'NONE',  ( -0.0000000000000000000, 0.0000000000000000000, 1.000000000000000000 ) ) ;
#888 = ORIENTED_EDGE ( 'NONE', *, *, #2153, .T. ) ;
#889 = VECTOR ( 'NONE', #1078, 1000.000000000000000 ) ;
#890 = ORIENTED_EDGE ( 'NONE', *, *, #288, .T. ) ;
#891 = LOCAL_TIME ( 9, 18, 27.00000000000000000, #1512 ) ;
#892 = LINE ( 'NONE', #424, #771 ) ;
#893 = DIRECTION ( 'NONE',  ( -1.000000000000000000, 0.0000000000000000000, 0.0000000000000000000 ) ) ;
#894 = ORIENTED_EDGE ( 'NONE', *, *, #218, .F. ) ;
#895 = ORIENTED_EDGE ( 'NONE', *, *, #1464, .T. ) ;
#896 = FACE_OUTER_BOUND ( 'NONE', #1684, .T. ) ;
#897 = PLANE ( 'NONE',  #1001 ) ;
#898 = ADVANCED_FACE ( 'NONE', ( #1558 ), #843, .F. ) ;
#899 = DIRECTION ( 'NONE',  ( -0.0000000000000000000, -0.0000000000000000000, 1.000000000000000000 ) ) ;
#900 = EDGE_CURVE ( 'NONE', #1059, #750, #1865, .T. ) ;
#901 = DIRECTION ( 'NONE',  ( 0.0000000000000000000, 0.0000000000000000000, 1.000000000000000000 ) ) ;
#902 = EDGE_CURVE ( 'NONE', #1156, #488, #1719, .T. ) ;
#903 = CARTESIAN_POINT ( 'NONE',  ( 2.999999999999997300, 3.300000000000004300, -6.500000000000000900 ) ) ;
#904 = DIRECTION ( 'NONE',  ( -0.0000000000000000000, -1.000000000000000000, -0.0000000000000000000 ) ) ;
#905 = CARTESIAN_POINT ( 'NONE',  ( 2.999999999999996900, 19.79999999999999700, -8.300000000000002500 ) ) ;
#906 = DIRECTION ( 'NONE',  ( 0.0000000000000000000, 0.0000000000000000000, -1.000000000000000000 ) ) ;
#907 = ADVANCED_FACE ( 'NONE', ( #2010 ), #1537, .T. ) ;
#908 = EDGE_CURVE ( 'NONE', #235, #1194, #1780, .T. ) ;
#909 = DIRECTION ( 'NONE',  ( 0.0000000000000000000, 0.0000000000000000000, -1.000000000000000000 ) ) ;
#910 = ORIENTED_EDGE ( 'NONE', *, *, #1991, .F. ) ;
#911 = DIRECTION ( 'NONE',  ( 0.0000000000000000000, 0.0000000000000000000, 1.000000000000000000 ) ) ;
#912 = VECTOR ( 'NONE', #179, 1000.000000000000000 ) ;
#913 = EDGE_CURVE ( 'NONE', #867, #122, #766, .T. ) ;
#914 = DIRECTION ( 'NONE',  ( -1.000000000000000000, 0.0000000000000000000, 0.0000000000000000000 ) ) ;
#915 = ORIENTED_EDGE ( 'NONE', *, *, #1131, .T. ) ;
#916 = LINE ( 'NONE', #981, #1979 ) ;
#917 = EDGE_LOOP ( 'NONE', ( #1468, #1330, #2160, #830 ) ) ;
#918 = VECTOR ( 'NONE', #1402, 1000.000000000000000 ) ;
#919 = ORIENTED_EDGE ( 'NONE', *, *, #2240, .T. ) ;
#920 = LINE ( 'NONE', #940, #799 ) ;
#921 = ORIENTED_EDGE ( 'NONE', *, *, #769, .F. ) ;
#922 = DIRECTION ( 'NONE',  ( -1.000000000000000000, -1.577021341797097000E-015, -0.0000000000000000000 ) ) ;
#923 = CARTESIAN_POINT ( 'NONE',  ( -0.9999999999999995600, -4.336808689942008400E-016, 2.899999999999999900 ) ) ;
#924 = VERTEX_POINT ( 'NONE', #1994 ) ;
#925 = CARTESIAN_POINT ( 'NONE',  ( -1.000000000000000700, 18.39999999999999900, -2.899999999999999900 ) ) ;
#926 = ORIENTED_EDGE ( 'NONE', *, *, #1677, .T. ) ;
#927 = CARTESIAN_POINT ( 'NONE',  ( 20.00000000000000400, 3.000000000000000000, -8.300000000000002500 ) ) ;
#928 = ORIENTED_EDGE ( 'NONE', *, *, #153, .T. ) ;
#929 = LINE ( 'NONE', #2381, #2086 ) ;
#930 = CARTESIAN_POINT ( 'NONE',  ( 3.000000000000000000, 19.99999999999999600, -6.700000000000000200 ) ) ;
#931 = EDGE_CURVE ( 'NONE', #1976, #2316, #1805, .T. ) ;
#932 = PLANE ( 'NONE',  #1825 ) ;
#933 = CARTESIAN_POINT ( 'NONE',  ( 2.999999999999997300, 19.99999999999999600, 6.700000000000000200 ) ) ;
#934 = CARTESIAN_POINT ( 'NONE',  ( -1.000000000000000000, 0.9999999999999986700, 2.899999999999999900 ) ) ;
#935 = DIRECTION ( 'NONE',  ( 0.0000000000000000000, 1.000000000000000000, 0.0000000000000000000 ) ) ;
#936 = DIRECTION ( 'NONE',  ( -0.0000000000000000000, -0.0000000000000000000, -1.000000000000000000 ) ) ;
#937 = CARTESIAN_POINT ( 'NONE',  ( 20.00000000000000400, 3.000000000000000000, -6.500000000000000900 ) ) ;
#938 = CIRCLE ( 'NONE', #614, 3.000000000000000000 ) ;
#939 = EDGE_CURVE ( 'NONE', #867, #2292, #1917, .T. ) ;
#940 = CARTESIAN_POINT ( 'NONE',  ( 18.39999999999999900, 1.000000000000000000, -2.899999999999999900 ) ) ;
#941 = LINE ( 'NONE', #691, #882 ) ;
#942 = ORIENTED_EDGE ( 'NONE', *, *, #2408, .T. ) ;
#943 = FACE_OUTER_BOUND ( 'NONE', #2417, .T. ) ;
#944 = ORIENTED_EDGE ( 'NONE', *, *, #1452, .T. ) ;
#945 = VERTEX_POINT ( 'NONE', #447 ) ;
#946 = LINE ( 'NONE', #2280, #1837 ) ;
#947 = AXIS2_PLACEMENT_3D ( 'NONE', #2084, #367, #389 ) ;
#948 = EDGE_CURVE ( 'NONE', #1324, #370, #452, .T. ) ;
#949 = ORIENTED_EDGE ( 'NONE', *, *, #913, .F. ) ;
#950 = LINE ( 'NONE', #9, #2402 ) ;
#951 = DIRECTION ( 'NONE',  ( -0.7071067811865475700, 0.7071067811865474600, 0.0000000000000000000 ) ) ;
#952 = VERTEX_POINT ( 'NONE', #477 ) ;
#953 = CARTESIAN_POINT ( 'NONE',  ( 20.00000000000000400, 3.000000000000000000, 8.500000000000000000 ) ) ;
#954 = ORIENTED_EDGE ( 'NONE', *, *, #696, .T. ) ;
#955 = FACE_OUTER_BOUND ( 'NONE', #1665, .T. ) ;
#956 = CARTESIAN_POINT ( 'NONE',  ( 11.49999999999999600, 0.0000000000000000000, 3.000000000000000000 ) ) ;
#957 = EDGE_CURVE ( 'NONE', #286, #68, #941, .T. ) ;
#958 = DIRECTION ( 'NONE',  ( -1.000000000000000000, 0.0000000000000000000, -0.0000000000000000000 ) ) ;
#959 = CARTESIAN_POINT ( 'NONE',  ( 20.00000000000000000, 0.0000000000000000000, -8.300000000000002500 ) ) ;
#960 = EDGE_CURVE ( 'NONE', #1025, #789, #69, .T. ) ;
#961 = DIRECTION ( 'NONE',  ( 1.000000000000000000, 7.885106708985486100E-016, -0.0000000000000000000 ) ) ;
#962 = AXIS2_PLACEMENT_3D ( 'NONE', #2082, #963, #1515 ) ;
#963 = DIRECTION ( 'NONE',  ( 0.0000000000000000000, 0.0000000000000000000, 1.000000000000000000 ) ) ;
#964 =( BOUNDED_CURVE ( )  B_SPLINE_CURVE ( 3, ( #1668, #1096, #160, #927 ),
 .UNSPECIFIED., .F., .F. ) 
 B_SPLINE_CURVE_WITH_KNOTS ( ( 4, 4 ),
 ( 1.570796326794896600, 3.141592653589793100 ),
 .UNSPECIFIED. ) 
 CURVE ( )  GEOMETRIC_REPRESENTATION_ITEM ( )  RATIONAL_B_SPLINE_CURVE ( ( 1.000000000000000000, 0.8047378541243649400, 0.8047378541243649400, 1.000000000000000000 ) ) 
 REPRESENTATION_ITEM ( '' )  );
#965 = VECTOR ( 'NONE', #2088, 1000.000000000000000 ) ;
#966 = VERTEX_POINT ( 'NONE', #683 ) ;
#967 = CYLINDRICAL_SURFACE ( 'NONE', #2080, 0.2000000000000000900 ) ;
#968 = ORIENTED_EDGE ( 'NONE', *, *, #828, .F. ) ;
#969 = LINE ( 'NONE', #2324, #576 ) ;
#970 = VERTEX_POINT ( 'NONE', #2031 ) ;
#971 = EDGE_CURVE ( 'NONE', #400, #2358, #630, .T. ) ;
#972 = DIRECTION ( 'NONE',  ( -0.0000000000000000000, -0.0000000000000000000, 1.000000000000000000 ) ) ;
#973 = VERTEX_POINT ( 'NONE', #1271 ) ;
#974 = FACE_OUTER_BOUND ( 'NONE', #81, .T. ) ;
#975 = ORIENTED_EDGE ( 'NONE', *, *, #2273, .F. ) ;
#976 = DIRECTION ( 'NONE',  ( -1.084202172485504400E-016, 1.000000000000000000, -0.0000000000000000000 ) ) ;
#977 = FACE_OUTER_BOUND ( 'NONE', #2135, .T. ) ;
#978 = VERTEX_POINT ( 'NONE', #1848 ) ;
#979 = ORIENTED_EDGE ( 'NONE', *, *, #517, .T. ) ;
#980 = LINE ( 'NONE', #50, #1129 ) ;
#981 = CARTESIAN_POINT ( 'NONE',  ( 17.39999999999999900, -1.200000000000000200, 2.699999999999999700 ) ) ;
#982 = PLANE ( 'NONE',  #1915 ) ;
#983 = CARTESIAN_POINT ( 'NONE',  ( 3.000000000000000000, 19.99999999999999600, -8.300000000000000700 ) ) ;
#984 = AXIS2_PLACEMENT_3D ( 'NONE', #1886, #935, #187 ) ;
#985 = CARTESIAN_POINT ( 'NONE',  ( 0.0000000000000000000, 0.0000000000000000000, 2.899999999999999900 ) ) ;
#986 =( BOUNDED_CURVE ( )  B_SPLINE_CURVE ( 3, ( #1569, #2180, #990, #1774 ),
 .UNSPECIFIED., .F., .F. ) 
 B_SPLINE_CURVE_WITH_KNOTS ( ( 4, 4 ),
 ( 4.712388980384689700, 6.283185307179586200 ),
 .UNSPECIFIED. ) 
 CURVE ( )  GEOMETRIC_REPRESENTATION_ITEM ( )  RATIONAL_B_SPLINE_CURVE ( ( 1.000000000000000000, 0.8047378541243649400, 0.8047378541243649400, 1.000000000000000000 ) ) 
 REPRESENTATION_ITEM ( '' )  );
#987 = CARTESIAN_POINT ( 'NONE',  ( 20.00000000000000400, 11.50000000000000000, 3.000000000000000000 ) ) ;
#988 = FACE_BOUND ( 'NONE', #2433, .T. ) ;
#989 = CYLINDRICAL_SURFACE ( 'NONE', #1627, 3.000000000000000000 ) ;
#990 = CARTESIAN_POINT ( 'NONE',  ( 17.39999999999999900, -1.117157287525381000, -2.899999999999999500 ) ) ;
#991 = ORIENTED_EDGE ( 'NONE', *, *, #1577, .T. ) ;
#992 = CARTESIAN_POINT ( 'NONE',  ( -1.200000000000000600, 2.000000000000000000, 2.899999999999999900 ) ) ;
#993 = LINE ( 'NONE', #164, #2161 ) ;
#994 = ORIENTED_EDGE ( 'NONE', *, *, #59, .F. ) ;
#995 = LINE ( 'NONE', #2033, #1983 ) ;
#996 = ORIENTED_EDGE ( 'NONE', *, *, #1146, .T. ) ;
#997 = APPROVAL_PERSON_ORGANIZATION ( #1175, #444, #212 ) ;
#998 = EDGE_CURVE ( 'NONE', #966, #396, #1654, .T. ) ;
#999 = CARTESIAN_POINT ( 'NONE',  ( -1.000000000000000400, 17.39999999999999900, -2.899999999999999900 ) ) ;
#1000 = ORIENTED_EDGE ( 'NONE', *, *, #1643, .T. ) ;
#1001 = AXIS2_PLACEMENT_3D ( 'NONE', #136, #2037, #1465 ) ;
#1002 = CARTESIAN_POINT ( 'NONE',  ( 2.168404344971008900E-016, 16.80000000000000100, -6.000000000000000000 ) ) ;
#1003 = CARTESIAN_POINT ( 'NONE',  ( 2.000000000000000000, -1.117157287525381500, -2.899999999999999500 ) ) ;
#1004 = LINE ( 'NONE', #1620, #1101 ) ;
#1005 = CARTESIAN_POINT ( 'NONE',  ( 2.000000000000000000, 1.000000000000000000, -6.000000000000000000 ) ) ;
#1006 = DIRECTION ( 'NONE',  ( -0.0000000000000000000, -1.000000000000000000, -0.0000000000000000000 ) ) ;
#1007 = CARTESIAN_POINT ( 'NONE',  ( 9.000000000000000000, 20.00000000000000000, -3.000000000000000000 ) ) ;
#1008 = CARTESIAN_POINT ( 'NONE',  ( 1.000000000000000000, 1.000000000000000200, 2.899999999999999900 ) ) ;
#1009 = ADVANCED_FACE ( 'NONE', ( #2040 ), #1715, .T. ) ;
#1010 = CARTESIAN_POINT ( 'NONE',  ( -1.200000000000000600, 1.800000000000000000, -2.699999999999999300 ) ) ;
#1011 = CARTESIAN_POINT ( 'NONE',  ( 1.917157287525381100, -1.200000000000000400, -2.817157287525379900 ) ) ;
#1012 = EDGE_CURVE ( 'NONE', #1363, #373, #487, .T. ) ;
#1013 = DIRECTION ( 'NONE',  ( -0.0000000000000000000, -0.0000000000000000000, 1.000000000000000000 ) ) ;
#1014 = DIRECTION ( 'NONE',  ( 0.0000000000000000000, 0.0000000000000000000, -1.000000000000000000 ) ) ;
#1015 = AXIS2_PLACEMENT_3D ( 'NONE', #36, #403, #1549 ) ;
#1016 = EDGE_CURVE ( 'NONE', #945, #1243, #1799, .T. ) ;
#1017 = CARTESIAN_POINT ( 'NONE',  ( 2.999999999999997300, 19.99999999999999600, -6.500000000000000900 ) ) ;
#1018 = CARTESIAN_POINT ( 'NONE',  ( 20.00000000000000000, 0.0000000000000000000, -8.300000000000002500 ) ) ;
#1019 = CARTESIAN_POINT ( 'NONE',  ( 0.0000000000000000000, 0.0000000000000000000, -6.500000000000000900 ) ) ;
#1020 = VERTEX_POINT ( 'NONE', #2221 ) ;
#1021 = CARTESIAN_POINT ( 'NONE',  ( 1.000000000000000000, 19.00000000000000400, 6.000000000000000000 ) ) ;
#1022 = VERTEX_POINT ( 'NONE', #903 ) ;
#1023 = LINE ( 'NONE', #1477, #1743 ) ;
#1024 = ADVANCED_FACE ( 'NONE', ( #700 ), #989, .F. ) ;
#1025 = VERTEX_POINT ( 'NONE', #2235 ) ;
#1026 = LINE ( 'NONE', #1290, #573 ) ;
#1027 = DIRECTION ( 'NONE',  ( -0.0000000000000000000, 1.000000000000000000, -0.0000000000000000000 ) ) ;
#1028 = ORIENTED_EDGE ( 'NONE', *, *, #703, .F. ) ;
#1029 = FACE_BOUND ( 'NONE', #1716, .T. ) ;
#1030 = EDGE_LOOP ( 'NONE', ( #1947, #1725, #2333, #1738 ) ) ;
#1031 = CYLINDRICAL_SURFACE ( 'NONE', #1680, 0.2000000000000002900 ) ;
#1032 = CARTESIAN_POINT ( 'NONE',  ( 17.39999999999999900, -1.000000000000000000, -2.899999999999999900 ) ) ;
#1033 = VERTEX_POINT ( 'NONE', #1082 ) ;
#1034 = VECTOR ( 'NONE', #360, 1000.000000000000000 ) ;
#1035 = ORIENTED_EDGE ( 'NONE', *, *, #998, .T. ) ;
#1036 = EDGE_CURVE ( 'NONE', #2318, #1943, #791, .T. ) ;
#1037 = CARTESIAN_POINT ( 'NONE',  ( -8.673617379884042900E-017, 0.5000000000000004400, 8.500000000000000000 ) ) ;
#1038 = LINE ( 'NONE', #772, #1482 ) ;
#1039 = AXIS2_PLACEMENT_3D ( 'NONE', #1768, #1420, #291 ) ;
#1040 = EDGE_CURVE ( 'NONE', #750, #546, #1193, .T. ) ;
#1041 = ORIENTED_EDGE ( 'NONE', *, *, #1377, .F. ) ;
#1042 = DIRECTION ( 'NONE',  ( -1.156482317317871300E-015, -1.000000000000000000, 0.0000000000000000000 ) ) ;
#1043 = ORIENTED_EDGE ( 'NONE', *, *, #756, .F. ) ;
#1044 = LINE ( 'NONE', #1407, #1993 ) ;
#1045 = CARTESIAN_POINT ( 'NONE',  ( 3.000000000000000000, 1.000000000000000000, 6.000000000000000000 ) ) ;
#1046 = ADVANCED_FACE ( 'NONE', ( #760 ), #876, .F. ) ;
#1047 = AXIS2_PLACEMENT_3D ( 'NONE', #645, #2357, #1989 ) ;
#1048 = CARTESIAN_POINT ( 'NONE',  ( 0.0000000000000000000, 0.0000000000000000000, -8.500000000000000000 ) ) ;
#1049 = DIRECTION ( 'NONE',  ( 0.0000000000000000000, 0.0000000000000000000, -1.000000000000000000 ) ) ;
#1050 = DIRECTION ( 'NONE',  ( -0.7071067811865475700, 0.7071067811865474600, 0.0000000000000000000 ) ) ;
#1051 = EDGE_CURVE ( 'NONE', #2085, #1020, #1327, .T. ) ;
#1052 = CARTESIAN_POINT ( 'NONE',  ( 17.59999999999999800, -1.200000000000000200, 2.699999999999999700 ) ) ;
#1053 = ADVANCED_FACE ( 'NONE', ( #1860, #846 ), #308, .F. ) ;
#1054 = CARTESIAN_POINT ( 'NONE',  ( 0.0000000000000000000, 0.0000000000000000000, -2.899999999999999900 ) ) ;
#1055 = CARTESIAN_POINT ( 'NONE',  ( 1.000000000000000000, 2.000000000000000000, -6.000000000000000000 ) ) ;
#1056 = VECTOR ( 'NONE', #2032, 1000.000000000000000 ) ;
#1057 = CARTESIAN_POINT ( 'NONE',  ( 0.0000000000000000000, 19.00000000000000400, 6.000000000000000000 ) ) ;
#1058 = LINE ( 'NONE', #415, #736 ) ;
#1059 = VERTEX_POINT ( 'NONE', #156 ) ;
#1060 = VECTOR ( 'NONE', #835, 1000.000000000000000 ) ;
#1061 = CARTESIAN_POINT ( 'NONE',  ( 18.39999999999999900, 1.000000000000000000, 2.899999999999999900 ) ) ;
#1062 = ORIENTED_EDGE ( 'NONE', *, *, #724, .T. ) ;
#1063 = LINE ( 'NONE', #847, #405 ) ;
#1064 = EDGE_LOOP ( 'NONE', ( #1095, #598, #1151, #1700 ) ) ;
#1065 = ADVANCED_FACE ( 'NONE', ( #1833 ), #280, .T. ) ;
#1066 = CARTESIAN_POINT ( 'NONE',  ( 19.80000000000000400, 3.000000000000000400, 8.500000000000000000 ) ) ;
#1067 = CARTESIAN_POINT ( 'NONE',  ( 0.2500000000000001700, 0.2499999999999984500, 6.000000000000000000 ) ) ;
#1068 = ORIENTED_EDGE ( 'NONE', *, *, #743, .F. ) ;
#1069 = EDGE_CURVE ( 'NONE', #575, #1693, #1023, .T. ) ;
#1070 = DIRECTION ( 'NONE',  ( 1.000000000000000000, 0.0000000000000000000, 0.0000000000000000000 ) ) ;
#1071 = VECTOR ( 'NONE', #1177, 1000.000000000000000 ) ;
#1072 = AXIS2_PLACEMENT_3D ( 'NONE', #987, #1346, #240 ) ;
#1073 = EDGE_CURVE ( 'NONE', #978, #579, #1184, .T. ) ;
#1074 = CARTESIAN_POINT ( 'NONE',  ( -1.200000000000000600, 17.39999999999999900, 2.899999999999999900 ) ) ;
#1075 = ORIENTED_EDGE ( 'NONE', *, *, #1757, .T. ) ;
#1076 = DIRECTION ( 'NONE',  ( -1.000000000000000000, 0.0000000000000000000, 0.0000000000000000000 ) ) ;
#1077 = EDGE_CURVE ( 'NONE', #2341, #1360, #1950, .T. ) ;
#1078 = DIRECTION ( 'NONE',  ( -1.000000000000000000, -0.0000000000000000000, -0.0000000000000000000 ) ) ;
#1079 = EDGE_CURVE ( 'NONE', #1781, #515, #411, .T. ) ;
#1080 = CARTESIAN_POINT ( 'NONE',  ( -1.200000000000000200, 1.199999999999998800, 2.699999999999999700 ) ) ;
#1081 = ORIENTED_EDGE ( 'NONE', *, *, #786, .T. ) ;
#1082 = CARTESIAN_POINT ( 'NONE',  ( 3.000000000000000000, 1.000000000000000000, -6.000000000000000000 ) ) ;
#1083 = LINE ( 'NONE', #763, #2326 ) ;
#1084 = ORIENTED_EDGE ( 'NONE', *, *, #288, .F. ) ;
#1085 = LINE ( 'NONE', #2446, #1265 ) ;
#1086 = CARTESIAN_POINT ( 'NONE',  ( 2.917157287525378600, 19.79999999999999700, -8.500000000000000000 ) ) ;
#1087 = CARTESIAN_POINT ( 'NONE',  ( 18.39999999999999900, 1.000000000000000000, 2.899999999999999900 ) ) ;
#1088 = VERTEX_POINT ( 'NONE', #2048 ) ;
#1089 = VECTOR ( 'NONE', #233, 1000.000000000000100 ) ;
#1090 = ORIENTED_EDGE ( 'NONE', *, *, #307, .T. ) ;
#1091 = LINE ( 'NONE', #2008, #494 ) ;
#1092 = VECTOR ( 'NONE', #131, 1000.000000000000000 ) ;
#1093 = ORIENTED_EDGE ( 'NONE', *, *, #1073, .F. ) ;
#1094 = DIRECTION ( 'NONE',  ( 0.0000000000000000000, 0.0000000000000000000, 1.000000000000000000 ) ) ;
#1095 = ORIENTED_EDGE ( 'NONE', *, *, #412, .F. ) ;
#1096 = CARTESIAN_POINT ( 'NONE',  ( 19.91715728752538800, 2.965685424949236800, -8.500000000000001800 ) ) ;
#1097 = ORIENTED_EDGE ( 'NONE', *, *, #869, .F. ) ;
#1098 = ORIENTED_EDGE ( 'NONE', *, *, #724, .F. ) ;
#1099 = EDGE_CURVE ( 'NONE', #2256, #1237, #1891, .T. ) ;
#1100 = ORIENTED_EDGE ( 'NONE', *, *, #316, .T. ) ;
#1101 = VECTOR ( 'NONE', #105, 1000.000000000000000 ) ;
#1102 = DIRECTION ( 'NONE',  ( 1.000000000000000000, 0.0000000000000000000, 0.0000000000000000000 ) ) ;
#1103 = AXIS2_PLACEMENT_3D ( 'NONE', #1581, #2354, #1996 ) ;
#1104 = CARTESIAN_POINT ( 'NONE',  ( 9.000000000000000000, 0.0000000000000000000, 0.0000000000000000000 ) ) ;
#1105 = DIRECTION ( 'NONE',  ( -2.168404344971021900E-015, -1.000000000000000000, 0.0000000000000000000 ) ) ;
#1106 = DIRECTION ( 'NONE',  ( 1.000000000000000000, 0.0000000000000000000, 0.0000000000000000000 ) ) ;
#1107 = EDGE_CURVE ( 'NONE', #2266, #2175, #2420, .T. ) ;
#1108 = DIRECTION ( 'NONE',  ( 1.577021341797097000E-015, -1.000000000000000000, 0.0000000000000000000 ) ) ;
#1109 = ORIENTED_EDGE ( 'NONE', *, *, #1868, .F. ) ;
#1110 = DIRECTION ( 'NONE',  ( -0.0000000000000000000, -0.0000000000000000000, -1.000000000000000000 ) ) ;
#1111 =( BOUNDED_CURVE ( )  B_SPLINE_CURVE ( 3, ( #1010, #271, #1183, #1965 ),
 .UNSPECIFIED., .F., .F. ) 
 B_SPLINE_CURVE_WITH_KNOTS ( ( 4, 4 ),
 ( 4.712388980384689700, 6.283185307179586200 ),
 .UNSPECIFIED. ) 
 CURVE ( )  GEOMETRIC_REPRESENTATION_ITEM ( )  RATIONAL_B_SPLINE_CURVE ( ( 1.000000000000000000, 0.8047378541243649400, 0.8047378541243649400, 1.000000000000000000 ) ) 
 REPRESENTATION_ITEM ( '' )  );
#1112 = FACE_OUTER_BOUND ( 'NONE', #2423, .T. ) ;
#1113 = AXIS2_PLACEMENT_3D ( 'NONE', #820, #2168, #1583 ) ;
#1114 = DIRECTION ( 'NONE',  ( 1.000000000000000000, 0.0000000000000000000, 0.0000000000000000000 ) ) ;
#1115 = VECTOR ( 'NONE', #625, 1000.000000000000000 ) ;
#1116 = ORIENTED_EDGE ( 'NONE', *, *, #6, .F. ) ;
#1117 = LINE ( 'NONE', #1439, #663 ) ;
#1118 = APPROVAL_ROLE ( '' ) ;
#1119 = AXIS2_PLACEMENT_3D ( 'NONE', #1216, #1399, #1614 ) ;
#1120 = ORIENTED_EDGE ( 'NONE', *, *, #1107, .T. ) ;
#1121 = LINE ( 'NONE', #923, #2016 ) ;
#1122 = APPROVAL_PERSON_ORGANIZATION ( #1201, #327, #1895 ) ;
#1123 = FACE_BOUND ( 'NONE', #1560, .T. ) ;
#1124 = DIRECTION ( 'NONE',  ( -0.0000000000000000000, 1.000000000000000000, -0.0000000000000000000 ) ) ;
#1125 = ORIENTED_EDGE ( 'NONE', *, *, #354, .T. ) ;
#1126 = EDGE_LOOP ( 'NONE', ( #1846, #457, #1299, #2429 ) ) ;
#1127 = CARTESIAN_POINT ( 'NONE',  ( 17.39999999999999900, 1.000000000000000000, -2.899999999999999900 ) ) ;
#1128 = ORIENTED_EDGE ( 'NONE', *, *, #971, .F. ) ;
#1129 = VECTOR ( 'NONE', #1998, 999.9999999999998900 ) ;
#1130 = CARTESIAN_POINT ( 'NONE',  ( -1.000000000000000400, 18.39999999999999900, -2.699999999999999300 ) ) ;
#1131 = EDGE_CURVE ( 'NONE', #122, #1747, #1141, .T. ) ;
#1132 = AXIS2_PLACEMENT_3D ( 'NONE', #2224, #189, #1957 ) ;
#1133 = CARTESIAN_POINT ( 'NONE',  ( 20.00000000000000400, 3.000000000000000000, 8.500000000000000000 ) ) ;
#1134 = CARTESIAN_POINT ( 'NONE',  ( 2.999999999999997300, 19.99999999999999600, 8.500000000000000000 ) ) ;
#1135 = CARTESIAN_POINT ( 'NONE',  ( 0.0000000000000000000, 0.0000000000000000000, 2.899999999999999900 ) ) ;
#1136 = DIRECTION ( 'NONE',  ( -0.0000000000000000000, -0.0000000000000000000, 1.000000000000000000 ) ) ;
#1137 = CARTESIAN_POINT ( 'NONE',  ( 0.4999999999999976100, -2.600501199075385800E-016, -6.000000000000000000 ) ) ;
#1138 = EDGE_LOOP ( 'NONE', ( #1875, #1347, #2021, #1306 ) ) ;
#1139 =( BOUNDED_CURVE ( )  B_SPLINE_CURVE ( 3, ( #1436, #1858, #2060, #1293 ),
 .UNSPECIFIED., .F., .F. ) 
 B_SPLINE_CURVE_WITH_KNOTS ( ( 4, 4 ),
 ( 4.712388980384689700, 6.283185307179586200 ),
 .UNSPECIFIED. ) 
 CURVE ( )  GEOMETRIC_REPRESENTATION_ITEM ( )  RATIONAL_B_SPLINE_CURVE ( ( 1.000000000000000000, 0.8047378541243649400, 0.8047378541243649400, 1.000000000000000000 ) ) 
 REPRESENTATION_ITEM ( '' )  );
#1140 = EDGE_CURVE ( 'NONE', #2197, #1156, #2393, .T. ) ;
#1141 = CIRCLE ( 'NONE', #390, 3.000000000000000000 ) ;
#1142 = ORIENTED_EDGE ( 'NONE', *, *, #1939, .F. ) ;
#1143 = VECTOR ( 'NONE', #1124, 1000.000000000000000 ) ;
#1144 = LINE ( 'NONE', #219, #458 ) ;
#1145 = CARTESIAN_POINT ( 'NONE',  ( 2.000000000000000000, -1.000000000000000400, 2.899999999999999900 ) ) ;
#1146 = EDGE_CURVE ( 'NONE', #1025, #2056, #964, .T. ) ;
#1147 = ORIENTED_EDGE ( 'NONE', *, *, #2177, .T. ) ;
#1148 = CARTESIAN_POINT ( 'NONE',  ( 19.85857864376269100, 2.858578643762690300, 6.500000000000000900 ) ) ;
#1149 = LINE ( 'NONE', #1235, #148 ) ;
#1150 = PERSON_AND_ORGANIZATION_ROLE ( 'design_supplier' ) ;
#1151 = ORIENTED_EDGE ( 'NONE', *, *, #1577, .F. ) ;
#1152 = EDGE_LOOP ( 'NONE', ( #1335, #1100, #1302, #2336 ) ) ;
#1153 = ORIENTED_EDGE ( 'NONE', *, *, #1662, .F. ) ;
#1154 = DIRECTION ( 'NONE',  ( 1.000000000000000000, 1.084202172485504400E-016, 0.0000000000000000000 ) ) ;
#1155 = CARTESIAN_POINT ( 'NONE',  ( 2.999999999999997300, 19.99999999999999600, 6.500000000000000900 ) ) ;
#1156 = VERTEX_POINT ( 'NONE', #754 ) ;
#1157 = EDGE_CURVE ( 'NONE', #1156, #2317, #1373, .T. ) ;
#1158 = DIRECTION ( 'NONE',  ( 0.0000000000000000000, -0.0000000000000000000, 1.000000000000000000 ) ) ;
#1159 = CARTESIAN_POINT ( 'NONE',  ( 19.80000000000000100, 2.312964634635743000E-016, -8.300000000000002500 ) ) ;
#1160 = ORIENTED_EDGE ( 'NONE', *, *, #440, .T. ) ;
#1161 = CARTESIAN_POINT ( 'NONE',  ( 1.000000000000000000, 3.000000000000000000, -2.899999999999999900 ) ) ;
#1162 = CARTESIAN_POINT ( 'NONE',  ( 2.999999999999997300, 19.99999999999999600, 8.300000000000002500 ) ) ;
#1163 = ORIENTED_EDGE ( 'NONE', *, *, #1933, .F. ) ;
#1164 = LINE ( 'NONE', #1005, #287 ) ;
#1165 = FACE_OUTER_BOUND ( 'NONE', #1126, .T. ) ;
#1166 = ORIENTED_EDGE ( 'NONE', *, *, #273, .F. ) ;
#1167 = LINE ( 'NONE', #1575, #144 ) ;
#1168 = VERTEX_POINT ( 'NONE', #1702 ) ;
#1169 = LINE ( 'NONE', #833, #1056 ) ;
#1170 = EDGE_CURVE ( 'NONE', #2358, #605, #1505, .T. ) ;
#1171 = DIRECTION ( 'NONE',  ( 0.7071067811865475700, -0.7071067811865474600, 0.0000000000000000000 ) ) ;
#1172 = EDGE_LOOP ( 'NONE', ( #1245, #301, #1179, #1971 ) ) ;
#1173 = VECTOR ( 'NONE', #1683, 1000.000000000000000 ) ;
#1174 = VERTEX_POINT ( 'NONE', #1 ) ;
#1175 = PERSON_AND_ORGANIZATION ( #253, #1981 ) ;
#1176 = AXIS2_PLACEMENT_3D ( 'NONE', #1061, #2387, #1250 ) ;
#1177 = DIRECTION ( 'NONE',  ( 0.0000000000000000000, 0.0000000000000000000, -1.000000000000000000 ) ) ;
#1178 = LINE ( 'NONE', #787, #2457 ) ;
#1179 = ORIENTED_EDGE ( 'NONE', *, *, #908, .T. ) ;
#1180 = ORIENTED_EDGE ( 'NONE', *, *, #508, .F. ) ;
#1181 = FACE_OUTER_BOUND ( 'NONE', #1586, .T. ) ;
#1182 = CARTESIAN_POINT ( 'NONE',  ( 19.85857864376269100, 2.858578643762690300, 6.700000000000000200 ) ) ;
#1183 = CARTESIAN_POINT ( 'NONE',  ( -1.117157287525381500, 2.000000000000000000, -2.899999999999999500 ) ) ;
#1184 =( BOUNDED_CURVE ( )  B_SPLINE_CURVE ( 3, ( #513, #540, #1499, #2261 ),
 .UNSPECIFIED., .F., .F. ) 
 B_SPLINE_CURVE_WITH_KNOTS ( ( 4, 4 ),
 ( 1.570796326794896800, 3.141592653589793600 ),
 .UNSPECIFIED. ) 
 CURVE ( )  GEOMETRIC_REPRESENTATION_ITEM ( )  RATIONAL_B_SPLINE_CURVE ( ( 1.000000000000000000, 0.8047378541243649400, 0.8047378541243649400, 1.000000000000000000 ) ) 
 REPRESENTATION_ITEM ( '' )  );
#1185 = EDGE_CURVE ( 'NONE', #2256, #2305, #2447, .T. ) ;
#1186 = CARTESIAN_POINT ( 'NONE',  ( 19.80000000000000100, 0.0000000000000000000, -8.300000000000002500 ) ) ;
#1187 = EDGE_CURVE ( 'NONE', #515, #1020, #1083, .T. ) ;
#1188 = DIRECTION ( 'NONE',  ( -0.0000000000000000000, -0.0000000000000000000, 1.000000000000000000 ) ) ;
#1189 = ADVANCED_FACE ( 'NONE', ( #341, #1443, #394 ), #1894, .F. ) ;
#1190 = DIRECTION ( 'NONE',  ( -0.0000000000000000000, -0.0000000000000000000, 1.000000000000000000 ) ) ;
#1191 = EDGE_LOOP ( 'NONE', ( #1444, #574, #2453, #581 ) ) ;
#1192 = DIRECTION ( 'NONE',  ( 0.0000000000000000000, -0.0000000000000000000, 1.000000000000000000 ) ) ;
#1193 = LINE ( 'NONE', #109, #2099 ) ;
#1194 = VERTEX_POINT ( 'NONE', #1521 ) ;
#1195 = CARTESIAN_POINT ( 'NONE',  ( 1.999999999999999600, 1.000000000000000000, 2.899999999999999900 ) ) ;
#1196 = LINE ( 'NONE', #1462, #315 ) ;
#1197 = EDGE_CURVE ( 'NONE', #1781, #1282, #1772, .T. ) ;
#1198 = ORIENTED_EDGE ( 'NONE', *, *, #1727, .F. ) ;
#1199 = LINE ( 'NONE', #1932, #1475 ) ;
#1200 = ORIENTED_EDGE ( 'NONE', *, *, #824, .F. ) ;
#1201 = PERSON_AND_ORGANIZATION ( #253, #1981 ) ;
#1202 = ORIENTED_EDGE ( 'NONE', *, *, #1316, .F. ) ;
#1203 = LINE ( 'NONE', #1066, #1664 ) ;
#1204 = EDGE_CURVE ( 'NONE', #1718, #1324, #313, .T. ) ;
#1205 = CARTESIAN_POINT ( 'NONE',  ( -1.117157287525381500, 18.39999999999999900, 2.899999999999999900 ) ) ;
#1206 = CARTESIAN_POINT ( 'NONE',  ( -1.000000000000000200, 1.199999999999998800, 2.899999999999999900 ) ) ;
#1207 = ORIENTED_EDGE ( 'NONE', *, *, #690, .T. ) ;
#1208 = ADVANCED_FACE ( 'NONE', ( #14 ), #655, .T. ) ;
#1209 = CC_DESIGN_DATE_AND_TIME_ASSIGNMENT ( #706, #1522, ( #2181 ) ) ;
#1210 = ORIENTED_EDGE ( 'NONE', *, *, #39, .T. ) ;
#1211 = CARTESIAN_POINT ( 'NONE',  ( 1.000000000000000200, 1.000000000000000000, -2.899999999999999900 ) ) ;
#1212 = VERTEX_POINT ( 'NONE', #96 ) ;
#1213 = DIRECTION ( 'NONE',  ( -0.0000000000000000000, 1.000000000000000000, -0.0000000000000000000 ) ) ;
#1214 =( BOUNDED_CURVE ( )  B_SPLINE_CURVE ( 3, ( #387, #795, #19, #2293 ),
 .UNSPECIFIED., .F., .F. ) 
 B_SPLINE_CURVE_WITH_KNOTS ( ( 4, 4 ),
 ( 4.336808689942006400E-016, 1.570796326794896800 ),
 .UNSPECIFIED. ) 
 CURVE ( )  GEOMETRIC_REPRESENTATION_ITEM ( )  RATIONAL_B_SPLINE_CURVE ( ( 1.000000000000000000, 0.8047378541243650500, 0.8047378541243650500, 1.000000000000000000 ) ) 
 REPRESENTATION_ITEM ( '' )  );
#1215 = DIRECTION ( 'NONE',  ( -0.0000000000000000000, 1.000000000000000000, -0.0000000000000000000 ) ) ;
#1216 = CARTESIAN_POINT ( 'NONE',  ( 19.00000000000000400, 1.000000000000000000, -6.000000000000000000 ) ) ;
#1217 = EDGE_CURVE ( 'NONE', #674, #867, #2359, .T. ) ;
#1218 = ADVANCED_FACE ( 'NONE', ( #1532 ), #1594, .F. ) ;
#1219 = PLANE ( 'NONE',  #1553 ) ;
#1220 = AXIS2_PLACEMENT_3D ( 'NONE', #1871, #1303, #906 ) ;
#1221 = CARTESIAN_POINT ( 'NONE',  ( 2.168404344971008900E-016, 16.80000000000000100, -6.000000000000000000 ) ) ;
#1222 = DIRECTION ( 'NONE',  ( 0.0000000000000000000, 0.0000000000000000000, 1.000000000000000000 ) ) ;
#1223 = VERTEX_POINT ( 'NONE', #644 ) ;
#1224 = ORIENTED_EDGE ( 'NONE', *, *, #1417, .T. ) ;
#1225 = LINE ( 'NONE', #721, #1942 ) ;
#1226 = CYLINDRICAL_SURFACE ( 'NONE', #292, 0.2000000000000000900 ) ;
#1227 = CARTESIAN_POINT ( 'NONE',  ( 18.19999999999999900, -1.200000000000000200, 2.899999999999999900 ) ) ;
#1228 = ORIENTED_EDGE ( 'NONE', *, *, #1187, .T. ) ;
#1229 = ORIENTED_EDGE ( 'NONE', *, *, #1170, .T. ) ;
#1230 = VECTOR ( 'NONE', #2071, 1000.000000000000000 ) ;
#1231 = ORIENTED_EDGE ( 'NONE', *, *, #1140, .F. ) ;
#1232 = VECTOR ( 'NONE', #1771, 1000.000000000000000 ) ;
#1233 = PLANE ( 'NONE',  #539 ) ;
#1234 = ADVANCED_FACE ( 'NONE', ( #988, #813 ), #1986, .F. ) ;
#1235 = CARTESIAN_POINT ( 'NONE',  ( 20.00000000000000400, 3.000000000000000400, -6.700000000000000200 ) ) ;
#1236 = DIRECTION ( 'NONE',  ( -1.000000000000000000, 0.0000000000000000000, 0.0000000000000000000 ) ) ;
#1237 = VERTEX_POINT ( 'NONE', #245 ) ;
#1238 = LINE ( 'NONE', #780, #1948 ) ;
#1239 = ORIENTED_EDGE ( 'NONE', *, *, #551, .F. ) ;
#1240 = VECTOR ( 'NONE', #1761, 1000.000000000000000 ) ;
#1241 = CARTESIAN_POINT ( 'NONE',  ( -1.000000000000000000, 0.9999999999999985600, -2.699999999999999300 ) ) ;
#1242 = AXIS2_PLACEMENT_3D ( 'NONE', #418, #1154, #1923 ) ;
#1243 = VERTEX_POINT ( 'NONE', #1032 ) ;
#1244 = CARTESIAN_POINT ( 'NONE',  ( 1.000000000000000000, -1.200000000000000600, -2.899999999999999900 ) ) ;
#1245 = ORIENTED_EDGE ( 'NONE', *, *, #249, .T. ) ;
#1246 = FACE_OUTER_BOUND ( 'NONE', #1590, .T. ) ;
#1247 = AXIS2_PLACEMENT_3D ( 'NONE', #1262, #138, #303 ) ;
#1248 = CARTESIAN_POINT ( 'NONE',  ( 0.0000000000000000000, 19.00000000000000400, 6.000000000000000000 ) ) ;
#1249 = DIRECTION ( 'NONE',  ( 1.000000000000000000, 0.0000000000000000000, 0.0000000000000000000 ) ) ;
#1250 = DIRECTION ( 'NONE',  ( 0.0000000000000000000, 0.0000000000000000000, 1.000000000000000000 ) ) ;
#1251 = ADVANCED_FACE ( 'NONE', ( #38 ), #2342, .F. ) ;
#1252 =( BOUNDED_CURVE ( )  B_SPLINE_CURVE ( 3, ( #1634, #1256, #127, #1447 ),
 .UNSPECIFIED., .F., .F. ) 
 B_SPLINE_CURVE_WITH_KNOTS ( ( 4, 4 ),
 ( 3.141592653589793100, 4.712388980384689700 ),
 .UNSPECIFIED. ) 
 CURVE ( )  GEOMETRIC_REPRESENTATION_ITEM ( )  RATIONAL_B_SPLINE_CURVE ( ( 1.000000000000000000, 0.8047378541243649400, 0.8047378541243649400, 1.000000000000000000 ) ) 
 REPRESENTATION_ITEM ( '' )  );
#1253 = CARTESIAN_POINT ( 'NONE',  ( 2.999999999999999100, 19.99999999999999600, 8.417157287525382600 ) ) ;
#1254 = CARTESIAN_POINT ( 'NONE',  ( -2.833381677428784000E-015, 19.80000000000000100, 8.500000000000000000 ) ) ;
#1255 = CARTESIAN_POINT ( 'NONE',  ( 3.000000000000000000, -1.288370487864006100E-016, 6.000000000000000000 ) ) ;
#1256 = CARTESIAN_POINT ( 'NONE',  ( 18.39999999999999900, -1.117157287525381000, 2.899999999999999500 ) ) ;
#1257 = EDGE_CURVE ( 'NONE', #1088, #2375, #1691, .T. ) ;
#1258 = CARTESIAN_POINT ( 'NONE',  ( 17.39999999999999900, -1.000000000000000000, -2.699999999999999300 ) ) ;
#1259 = DIRECTION ( 'NONE',  ( 1.000000000000000000, 0.0000000000000000000, 0.0000000000000000000 ) ) ;
#1260 = CARTESIAN_POINT ( 'NONE',  ( 19.85857864376269400, 2.858578643762690300, -8.300000000000000700 ) ) ;
#1261 = CARTESIAN_POINT ( 'NONE',  ( 2.999999999999997300, 3.300000000000004300, -6.500000000000000900 ) ) ;
#1262 = CARTESIAN_POINT ( 'NONE',  ( 17.39999999999999900, 1.000000000000000000, 2.899999999999999900 ) ) ;
#1263 = VECTOR ( 'NONE', #2184, 1000.000000000000000 ) ;
#1264 = EDGE_LOOP ( 'NONE', ( #453, #1659, #845, #1861 ) ) ;
#1265 = VECTOR ( 'NONE', #2416, 1000.000000000000000 ) ;
#1266 = ORIENTED_EDGE ( 'NONE', *, *, #31, .T. ) ;
#1267 = ORIENTED_EDGE ( 'NONE', *, *, #526, .T. ) ;
#1268 = VECTOR ( 'NONE', #456, 1000.000000000000000 ) ;
#1269 = ORIENTED_EDGE ( 'NONE', *, *, #2061, .F. ) ;
#1270 = CALENDAR_DATE ( 2020, 16, 4 ) ;
#1271 = CARTESIAN_POINT ( 'NONE',  ( 0.4999999999999967800, 5.421010862427523400E-017, -8.500000000000000000 ) ) ;
#1272 = LINE ( 'NONE', #2392, #1900 ) ;
#1273 = CARTESIAN_POINT ( 'NONE',  ( 1.000000000000000200, 1.000000000000000000, -2.899999999999999900 ) ) ;
#1274 = DIRECTION ( 'NONE',  ( 1.000000000000000000, 0.0000000000000000000, -0.0000000000000000000 ) ) ;
#1275 = VERTEX_POINT ( 'NONE', #461 ) ;
#1276 = VECTOR ( 'NONE', #1136, 1000.000000000000000 ) ;
#1277 = EDGE_CURVE ( 'NONE', #1237, #1385, #1685, .T. ) ;
#1278 = CARTESIAN_POINT ( 'NONE',  ( 1.000000000000000200, -1.117157287525381500, -2.899999999999999500 ) ) ;
#1279 = ORIENTED_EDGE ( 'NONE', *, *, #39, .F. ) ;
#1280 = AXIS2_PLACEMENT_3D ( 'NONE', #1712, #2289, #1343 ) ;
#1281 = CARTESIAN_POINT ( 'NONE',  ( 2.917157287525380400, 19.79999999999999700, 8.500000000000000000 ) ) ;
#1282 = VERTEX_POINT ( 'NONE', #844 ) ;
#1283 = DIRECTION ( 'NONE',  ( -0.0000000000000000000, 0.0000000000000000000, 1.000000000000000000 ) ) ;
#1284 = DIRECTION ( 'NONE',  ( -1.000000000000000000, -1.301042606982605300E-016, 0.0000000000000000000 ) ) ;
#1285 = CARTESIAN_POINT ( 'NONE',  ( 17.39999999999999900, -1.200000000000000200, -2.699999999999999300 ) ) ;
#1286 = CARTESIAN_POINT ( 'NONE',  ( 20.00000000000000400, 2.999999999999993800, 8.417157287525382600 ) ) ;
#1287 = EDGE_CURVE ( 'NONE', #2114, #1088, #1413, .T. ) ;
#1288 = ADVANCED_FACE ( 'NONE', ( #1748 ), #1233, .T. ) ;
#1289 = EDGE_CURVE ( 'NONE', #601, #2316, #738, .T. ) ;
#1290 = CARTESIAN_POINT ( 'NONE',  ( -2.602085213965210600E-015, 20.00000000000000000, 8.500000000000000000 ) ) ;
#1291 = ORIENTED_EDGE ( 'NONE', *, *, #2075, .F. ) ;
#1292 = DIRECTION ( 'NONE',  ( 0.0000000000000000000, 1.000000000000000000, 0.0000000000000000000 ) ) ;
#1293 = CARTESIAN_POINT ( 'NONE',  ( 20.00000000000000400, 3.000000000000000000, 6.700000000000000200 ) ) ;
#1294 = VECTOR ( 'NONE', #1645, 1000.000000000000000 ) ;
#1295 = VECTOR ( 'NONE', #1492, 1000.000000000000000 ) ;
#1296 = DIRECTION ( 'NONE',  ( 0.7071067811865476800, -0.7071067811865473500, 0.0000000000000000000 ) ) ;
#1297 = ORIENTED_EDGE ( 'NONE', *, *, #273, .T. ) ;
#1298 = LINE ( 'NONE', #2121, #18 ) ;
#1299 = ORIENTED_EDGE ( 'NONE', *, *, #1392, .F. ) ;
#1300 = CYLINDRICAL_SURFACE ( 'NONE', #1739, 3.000000000000000000 ) ;
#1301 = FACE_OUTER_BOUND ( 'NONE', #24, .T. ) ;
#1302 = ORIENTED_EDGE ( 'NONE', *, *, #2444, .F. ) ;
#1303 = DIRECTION ( 'NONE',  ( 1.000000000000000000, 0.0000000000000000000, 0.0000000000000000000 ) ) ;
#1304 = ORIENTED_EDGE ( 'NONE', *, *, #419, .T. ) ;
#1305 = VECTOR ( 'NONE', #961, 1000.000000000000000 ) ;
#1306 = ORIENTED_EDGE ( 'NONE', *, *, #1257, .T. ) ;
#1307 = ORIENTED_EDGE ( 'NONE', *, *, #363, .T. ) ;
#1308 = DIRECTION ( 'NONE',  ( 0.0000000000000000000, 0.0000000000000000000, -1.000000000000000000 ) ) ;
#1309 = EDGE_CURVE ( 'NONE', #1022, #1869, #168, .T. ) ;
#1310 = VERTEX_POINT ( 'NONE', #448 ) ;
#1311 = FACE_OUTER_BOUND ( 'NONE', #1635, .T. ) ;
#1312 = CARTESIAN_POINT ( 'NONE',  ( 3.000000000000000000, 1.000000000000000000, -6.000000000000000000 ) ) ;
#1313 = DIRECTION ( 'NONE',  ( -1.000000000000000000, -0.0000000000000000000, -0.0000000000000000000 ) ) ;
#1314 = CARTESIAN_POINT ( 'NONE',  ( 11.49999999999999600, 20.00000000000000000, -3.000000000000000000 ) ) ;
#1315 = CARTESIAN_POINT ( 'NONE',  ( 2.168404344971008900E-016, 16.80000000000000100, 6.000000000000000000 ) ) ;
#1316 = EDGE_CURVE ( 'NONE', #2358, #945, #2012, .T. ) ;
#1317 = EDGE_CURVE ( 'NONE', #529, #2104, #1169, .T. ) ;
#1318 = CARTESIAN_POINT ( 'NONE',  ( 19.88284271247462000, 3.000000000000000400, -6.500000000000002700 ) ) ;
#1319 = VECTOR ( 'NONE', #666, 1000.000000000000000 ) ;
#1320 = VERTEX_POINT ( 'NONE', #1045 ) ;
#1321 = VECTOR ( 'NONE', #2278, 1000.000000000000000 ) ;
#1322 = CARTESIAN_POINT ( 'NONE',  ( 20.00000000000000400, 9.000000000000000000, -2.999999999999999600 ) ) ;
#1323 = APPROVAL_STATUS ( 'not_yet_approved' ) ;
#1324 = VERTEX_POINT ( 'NONE', #1616 ) ;
#1325 = CYLINDRICAL_SURFACE ( 'NONE', #1454, 0.1999999999999987900 ) ;
#1326 = DATE_AND_TIME ( #1840, #202 ) ;
#1327 =( BOUNDED_CURVE ( )  B_SPLINE_CURVE ( 3, ( #2388, #1253, #1639, #1281 ),
 .UNSPECIFIED., .F., .F. ) 
 B_SPLINE_CURVE_WITH_KNOTS ( ( 4, 4 ),
 ( 8.673617379884081200E-015, 1.570796326794896600 ),
 .UNSPECIFIED. ) 
 CURVE ( )  GEOMETRIC_REPRESENTATION_ITEM ( )  RATIONAL_B_SPLINE_CURVE ( ( 1.000000000000000000, 0.8047378541243670500, 0.8047378541243670500, 1.000000000000000000 ) ) 
 REPRESENTATION_ITEM ( '' )  );
#1328 = CARTESIAN_POINT ( 'NONE',  ( 11.35857864376268700, 11.35857864376269300, -8.500000000000000000 ) ) ;
#1329 = FACE_BOUND ( 'NONE', #2172, .T. ) ;
#1330 = ORIENTED_EDGE ( 'NONE', *, *, #1573, .T. ) ;
#1331 = ORIENTED_EDGE ( 'NONE', *, *, #2173, .F. ) ;
#1332 = ORIENTED_EDGE ( 'NONE', *, *, #59, .T. ) ;
#1333 = EDGE_CURVE ( 'NONE', #1020, #717, #1623, .T. ) ;
#1334 = CARTESIAN_POINT ( 'NONE',  ( 0.0000000000000000000, 3.000000000000000000, 6.000000000000000000 ) ) ;
#1335 = ORIENTED_EDGE ( 'NONE', *, *, #1197, .T. ) ;
#1336 = PLANE ( 'NONE',  #2006 ) ;
#1337 = EDGE_CURVE ( 'NONE', #1924, #629, #1807, .T. ) ;
#1338 = CARTESIAN_POINT ( 'NONE',  ( 20.00000000000000400, 3.000000000000000000, -6.500000000000000900 ) ) ;
#1339 = CC_DESIGN_PERSON_AND_ORGANIZATION_ASSIGNMENT ( #1382, #1723, ( #530 ) ) ;
#1340 = CARTESIAN_POINT ( 'NONE',  ( 0.0000000000000000000, 3.000000000000000000, 6.000000000000000000 ) ) ;
#1341 = DIRECTION ( 'NONE',  ( 0.7071067811865500200, 0.7071067811865451300, 0.0000000000000000000 ) ) ;
#1342 = CARTESIAN_POINT ( 'NONE',  ( 2.000000000000000000, -1.117157287525381500, 2.899999999999999500 ) ) ;
#1343 = DIRECTION ( 'NONE',  ( 0.0000000000000000000, 0.0000000000000000000, 1.000000000000000000 ) ) ;
#1344 = EDGE_LOOP ( 'NONE', ( #1414, #209, #2146, #284 ) ) ;
#1345 = EDGE_CURVE ( 'NONE', #629, #1450, #1117, .T. ) ;
#1346 = DIRECTION ( 'NONE',  ( 0.0000000000000000000, 1.734723475976806800E-016, -1.000000000000000000 ) ) ;
#1347 = ORIENTED_EDGE ( 'NONE', *, *, #379, .F. ) ;
#1348 = VECTOR ( 'NONE', #1629, 1000.000000000000000 ) ;
#1349 = ORIENTED_EDGE ( 'NONE', *, *, #1991, .T. ) ;
#1350 = LINE ( 'NONE', #1721, #2101 ) ;
#1351 = FACE_OUTER_BOUND ( 'NONE', #1352, .T. ) ;
#1352 = EDGE_LOOP ( 'NONE', ( #2115, #184, #344, #15 ) ) ;
#1353 = DIRECTION ( 'NONE',  ( -1.000000000000000000, -7.885106708985485100E-016, 0.0000000000000000000 ) ) ;
#1354 = VECTOR ( 'NONE', #2389, 1000.000000000000000 ) ;
#1355 = ORIENTED_EDGE ( 'NONE', *, *, #132, .T. ) ;
#1356 = VECTOR ( 'NONE', #13, 1000.000000000000000 ) ;
#1357 = VERTEX_POINT ( 'NONE', #2404 ) ;
#1358 = VECTOR ( 'NONE', #555, 1000.000000000000000 ) ;
#1359 = CARTESIAN_POINT ( 'NONE',  ( 18.31715728752538300, -1.200000000000000000, -2.817157287525379900 ) ) ;
#1360 = VERTEX_POINT ( 'NONE', #1640 ) ;
#1361 = DIRECTION ( 'NONE',  ( 0.0000000000000000000, 0.0000000000000000000, -1.000000000000000000 ) ) ;
#1362 = DIRECTION ( 'NONE',  ( 0.0000000000000000000, -1.000000000000000000, 0.0000000000000000000 ) ) ;
#1363 = VERTEX_POINT ( 'NONE', #1273 ) ;
#1364 = LINE ( 'NONE', #1831, #868 ) ;
#1365 = CARTESIAN_POINT ( 'NONE',  ( 18.39999999999999900, -1.117157287525381000, -2.899999999999999500 ) ) ;
#1366 = DIRECTION ( 'NONE',  ( -0.0000000000000000000, 1.000000000000000000, 0.0000000000000000000 ) ) ;
#1367 = DIRECTION ( 'NONE',  ( -0.0000000000000000000, 0.0000000000000000000, 1.000000000000000000 ) ) ;
#1368 = UNCERTAINTY_MEASURE_WITH_UNIT (LENGTH_MEASURE( 1.000000000000000100E-005 ), #1889, 'distance_accuracy_value', 'NONE');
#1369 =( GEOMETRIC_REPRESENTATION_CONTEXT ( 3 ) GLOBAL_UNCERTAINTY_ASSIGNED_CONTEXT ( ( #1368 ) ) GLOBAL_UNIT_ASSIGNED_CONTEXT ( ( #1889, #747, #541 ) ) REPRESENTATION_CONTEXT ( 'NONE', 'WORKASPACE' ) );
#1370 = DIRECTION ( 'NONE',  ( 0.0000000000000000000, 0.0000000000000000000, 1.000000000000000000 ) ) ;
#1371 = DIRECTION ( 'NONE',  ( 0.0000000000000000000, 0.0000000000000000000, -1.000000000000000000 ) ) ;
#1372 = ORIENTED_EDGE ( 'NONE', *, *, #551, .T. ) ;
#1373 = LINE ( 'NONE', #365, #2159 ) ;
#1374 = ORIENTED_EDGE ( 'NONE', *, *, #869, .T. ) ;
#1375 = VECTOR ( 'NONE', #1708, 1000.000000000000000 ) ;
#1376 = CC_DESIGN_APPROVAL ( #192, ( #1854 ) ) ;
#1377 = EDGE_CURVE ( 'NONE', #860, #638, #220, .T. ) ;
#1378 = CARTESIAN_POINT ( 'NONE',  ( 18.39999999999999900, -1.000000000000000000, -2.899999999999999900 ) ) ;
#1379 = ORIENTED_EDGE ( 'NONE', *, *, #1333, .T. ) ;
#1380 = LINE ( 'NONE', #2062, #320 ) ;
#1381 = ORIENTED_EDGE ( 'NONE', *, *, #565, .T. ) ;
#1382 = PERSON_AND_ORGANIZATION ( #253, #1981 ) ;
#1383 = ADVANCED_FACE ( 'NONE', ( #42 ), #855, .T. ) ;
#1384 = CARTESIAN_POINT ( 'NONE',  ( 2.917157287525378600, 19.79999999999999700, -8.500000000000000000 ) ) ;
#1385 = VERTEX_POINT ( 'NONE', #686 ) ;
#1386 = CIRCLE ( 'NONE', #1802, 3.000000000000000000 ) ;
#1387 = ORIENTED_EDGE ( 'NONE', *, *, #585, .T. ) ;
#1388 = ORIENTED_EDGE ( 'NONE', *, *, #960, .F. ) ;
#1389 = DIRECTION ( 'NONE',  ( -1.000000000000000000, 0.0000000000000000000, -0.0000000000000000000 ) ) ;
#1390 = CYLINDRICAL_SURFACE ( 'NONE', #1595, 0.2000000000000000900 ) ;
#1391 = DIRECTION ( 'NONE',  ( -0.0000000000000000000, -0.0000000000000000000, 1.000000000000000000 ) ) ;
#1392 = EDGE_CURVE ( 'NONE', #2087, #2406, #938, .T. ) ;
#1393 = ADVANCED_FACE ( 'NONE', ( #1112 ), #897, .T. ) ;
#1394 = CARTESIAN_POINT ( 'NONE',  ( 20.00000000000000000, 5.777789833161707600E-031, 8.300000000000000700 ) ) ;
#1395 = AXIS2_PLACEMENT_3D ( 'NONE', #1312, #177, #716 ) ;
#1396 = EDGE_CURVE ( 'NONE', #1929, #1223, #1507, .T. ) ;
#1397 =( BOUNDED_CURVE ( )  B_SPLINE_CURVE ( 3, ( #2043, #511, #725, #925 ),
 .UNSPECIFIED., .F., .F. ) 
 B_SPLINE_CURVE_WITH_KNOTS ( ( 4, 4 ),
 ( 4.712388980384689700, 6.283185307179585300 ),
 .UNSPECIFIED. ) 
 CURVE ( )  GEOMETRIC_REPRESENTATION_ITEM ( )  RATIONAL_B_SPLINE_CURVE ( ( 1.000000000000000000, 0.8047378541243652700, 0.8047378541243652700, 1.000000000000000000 ) ) 
 REPRESENTATION_ITEM ( '' )  );
#1398 = DIRECTION ( 'NONE',  ( 1.000000000000000000, 1.301042606982605300E-016, -0.0000000000000000000 ) ) ;
#1399 = DIRECTION ( 'NONE',  ( 1.000000000000000000, 0.0000000000000000000, 0.0000000000000000000 ) ) ;
#1400 = DIRECTION ( 'NONE',  ( -1.156482317317871300E-015, -1.000000000000000000, -0.0000000000000000000 ) ) ;
#1401 = ORIENTED_EDGE ( 'NONE', *, *, #1012, .T. ) ;
#1402 = DIRECTION ( 'NONE',  ( -1.084202172485504400E-016, 1.000000000000000000, -0.0000000000000000000 ) ) ;
#1403 = VECTOR ( 'NONE', #1259, 1000.000000000000000 ) ;
#1404 = ADVANCED_FACE ( 'NONE', ( #421 ), #1502, .T. ) ;
#1405 = DIRECTION ( 'NONE',  ( -0.0000000000000000000, -0.0000000000000000000, 1.000000000000000000 ) ) ;
#1406 = EDGE_LOOP ( 'NONE', ( #944, #1448, #682, #1035 ) ) ;
#1407 = CARTESIAN_POINT ( 'NONE',  ( 11.49999999999999600, 20.00000000000000000, 3.000000000000000000 ) ) ;
#1408 = LINE ( 'NONE', #759, #792 ) ;
#1409 = EDGE_CURVE ( 'NONE', #1223, #1921, #485, .T. ) ;
#1410 = EDGE_LOOP ( 'NONE', ( #1600, #2011, #71, #676 ) ) ;
#1411 = LINE ( 'NONE', #2118, #1591 ) ;
#1412 = ORIENTED_EDGE ( 'NONE', *, *, #585, .F. ) ;
#1413 = LINE ( 'NONE', #2166, #918 ) ;
#1414 = ORIENTED_EDGE ( 'NONE', *, *, #2120, .T. ) ;
#1415 = LINE ( 'NONE', #2456, #465 ) ;
#1416 = AXIS2_PLACEMENT_3D ( 'NONE', #871, #1829, #2022 ) ;
#1417 = EDGE_CURVE ( 'NONE', #1617, #2331, #547, .T. ) ;
#1418 = VERTEX_POINT ( 'NONE', #712 ) ;
#1419 = CARTESIAN_POINT ( 'NONE',  ( 1.800000000000000000, -1.200000000000000600, 2.899999999999999900 ) ) ;
#1420 = DIRECTION ( 'NONE',  ( -0.0000000000000000000, 0.0000000000000000000, 1.000000000000000000 ) ) ;
#1421 = EDGE_LOOP ( 'NONE', ( #1898, #467, #2107, #2431, #147, #709, #1279, #2130, #407, #27 ) ) ;
#1422 = DIRECTION ( 'NONE',  ( 1.000000000000000000, -0.0000000000000000000, -0.0000000000000000000 ) ) ;
#1423 = AXIS2_PLACEMENT_3D ( 'NONE', #656, #1790, #1966 ) ;
#1424 = DIRECTION ( 'NONE',  ( -0.0000000000000000000, -0.0000000000000000000, 1.000000000000000000 ) ) ;
#1425 = VERTEX_POINT ( 'NONE', #1086 ) ;
#1426 = ORIENTED_EDGE ( 'NONE', *, *, #1518, .F. ) ;
#1427 = ORIENTED_EDGE ( 'NONE', *, *, #101, .F. ) ;
#1428 = VECTOR ( 'NONE', #1570, 1000.000000000000000 ) ;
#1429 = ADVANCED_FACE ( 'NONE', ( #2128 ), #1300, .F. ) ;
#1430 = DIRECTION ( 'NONE',  ( -0.0000000000000000000, 1.000000000000000000, -0.0000000000000000000 ) ) ;
#1431 = DIRECTION ( 'NONE',  ( 0.0000000000000000000, -1.000000000000000000, 0.0000000000000000000 ) ) ;
#1432 = CARTESIAN_POINT ( 'NONE',  ( 0.0000000000000000000, 3.000000000000000000, -6.000000000000000000 ) ) ;
#1433 = DIRECTION ( 'NONE',  ( 1.000000000000000000, 0.0000000000000000000, 0.0000000000000000000 ) ) ;
#1434 = EDGE_CURVE ( 'NONE', #2316, #1059, #2391, .T. ) ;
#1435 = DIRECTION ( 'NONE',  ( 0.0000000000000000000, -0.0000000000000000000, 1.000000000000000000 ) ) ;
#1436 = CARTESIAN_POINT ( 'NONE',  ( 19.71715728752538200, 3.000000000000000000, 6.500000000000000900 ) ) ;
#1437 = DIRECTION ( 'NONE',  ( -0.0000000000000000000, 0.0000000000000000000, 1.000000000000000000 ) ) ;
#1438 = AXIS2_PLACEMENT_3D ( 'NONE', #311, #300, #1435 ) ;
#1439 = CARTESIAN_POINT ( 'NONE',  ( -1.200000000000000600, 2.000000000000000000, -2.899999999999999900 ) ) ;
#1440 = ADVANCED_FACE ( 'NONE', ( #1926 ), #498, .T. ) ;
#1441 = CARTESIAN_POINT ( 'NONE',  ( 1.000000000000000000, -1.117157287525381500, 2.899999999999999900 ) ) ;
#1442 = VECTOR ( 'NONE', #1963, 1000.000000000000000 ) ;
#1443 = FACE_OUTER_BOUND ( 'NONE', #41, .T. ) ;
#1444 = ORIENTED_EDGE ( 'NONE', *, *, #440, .F. ) ;
#1445 = VECTOR ( 'NONE', #2409, 1000.000000000000000 ) ;
#1446 = DIRECTION ( 'NONE',  ( 4.336808689942010300E-016, -1.000000000000000000, 0.0000000000000000000 ) ) ;
#1447 = CARTESIAN_POINT ( 'NONE',  ( 18.19999999999999900, -1.200000000000000200, 2.699999999999999700 ) ) ;
#1448 = ORIENTED_EDGE ( 'NONE', *, *, #6, .T. ) ;
#1449 = VECTOR ( 'NONE', #1714, 1000.000000000000000 ) ;
#1450 = VERTEX_POINT ( 'NONE', #518 ) ;
#1451 = APPROVAL_DATE_TIME ( #550, #327 ) ;
#1452 = EDGE_CURVE ( 'NONE', #396, #952, #1225, .T. ) ;
#1453 = ADVANCED_FACE ( 'NONE', ( #543 ), #2132, .T. ) ;
#1454 = AXIS2_PLACEMENT_3D ( 'NONE', #905, #137, #1105 ) ;
#1455 = AXIS2_PLACEMENT_3D ( 'NONE', #544, #2253, #1699 ) ;
#1456 = ORIENTED_EDGE ( 'NONE', *, *, #1959, .T. ) ;
#1457 = ORIENTED_EDGE ( 'NONE', *, *, #2153, .F. ) ;
#1458 = DIRECTION ( 'NONE',  ( -1.156482317317871300E-015, -1.000000000000000000, -0.0000000000000000000 ) ) ;
#1459 = FACE_OUTER_BOUND ( 'NONE', #1597, .T. ) ;
#1460 = DIRECTION ( 'NONE',  ( -1.000000000000000000, 0.0000000000000000000, 0.0000000000000000000 ) ) ;
#1461 = DIRECTION ( 'NONE',  ( -0.0000000000000000000, 1.000000000000000000, 0.0000000000000000000 ) ) ;
#1462 = CARTESIAN_POINT ( 'NONE',  ( 20.00000000000000400, 3.000000000000000000, 3.000000000000000000 ) ) ;
#1463 = CARTESIAN_POINT ( 'NONE',  ( 11.50000000000000000, 20.00000000000000000, 0.0000000000000000000 ) ) ;
#1464 = EDGE_CURVE ( 'NONE', #1924, #579, #226, .T. ) ;
#1465 = DIRECTION ( 'NONE',  ( 0.0000000000000000000, -1.000000000000000000, 1.734723475976806800E-016 ) ) ;
#1466 = EDGE_CURVE ( 'NONE', #1275, #1450, #2365, .T. ) ;
#1467 = AXIS2_PLACEMENT_3D ( 'NONE', #1019, #1222, #660 ) ;
#1468 = ORIENTED_EDGE ( 'NONE', *, *, #349, .T. ) ;
#1469 = CARTESIAN_POINT ( 'NONE',  ( 1.000000000000000000, 1.000000000000000200, 2.899999999999999900 ) ) ;
#1470 = VECTOR ( 'NONE', #1611, 1000.000000000000000 ) ;
#1471 = EDGE_LOOP ( 'NONE', ( #2398, #921, #1412, #1457 ) ) ;
#1472 = LINE ( 'NONE', #1285, #1295 ) ;
#1473 = ADVANCED_FACE ( 'NONE', ( #2187 ), #1876, .F. ) ;
#1474 = VERTEX_POINT ( 'NONE', #1907 ) ;
#1475 = VECTOR ( 'NONE', #1946, 1000.000000000000000 ) ;
#1476 = CALENDAR_DATE ( 2020, 16, 4 ) ;
#1477 = CARTESIAN_POINT ( 'NONE',  ( -2.602085213965210600E-015, 20.00000000000000000, -8.500000000000000000 ) ) ;
#1478 = ORIENTED_EDGE ( 'NONE', *, *, #307, .F. ) ;
#1479 = CYLINDRICAL_SURFACE ( 'NONE', #2438, 0.2000000000000002900 ) ;
#1480 = CARTESIAN_POINT ( 'NONE',  ( 0.0000000000000000000, 19.00000000000000400, -6.000000000000000000 ) ) ;
#1481 = EDGE_LOOP ( 'NONE', ( #290, #1859, #22, #1916 ) ) ;
#1482 = VECTOR ( 'NONE', #1106, 1000.000000000000000 ) ;
#1483 =( BOUNDED_CURVE ( )  B_SPLINE_CURVE ( 3, ( #999, #66, #2323, #54 ),
 .UNSPECIFIED., .F., .F. ) 
 B_SPLINE_CURVE_WITH_KNOTS ( ( 4, 4 ),
 ( 0.0000000000000000000, 1.570796326794896600 ),
 .UNSPECIFIED. ) 
 CURVE ( )  GEOMETRIC_REPRESENTATION_ITEM ( )  RATIONAL_B_SPLINE_CURVE ( ( 1.000000000000000000, 0.8047378541243649400, 0.8047378541243649400, 1.000000000000000000 ) ) 
 REPRESENTATION_ITEM ( '' )  );
#1484 = EDGE_CURVE ( 'NONE', #2301, #469, #2445, .T. ) ;
#1485 = CARTESIAN_POINT ( 'NONE',  ( 0.0000000000000000000, 0.0000000000000000000, 8.500000000000000000 ) ) ;
#1486 = ORIENTED_EDGE ( 'NONE', *, *, #609, .T. ) ;
#1487 = ORIENTED_EDGE ( 'NONE', *, *, #474, .F. ) ;
#1488 = CARTESIAN_POINT ( 'NONE',  ( -1.000000000000000400, 0.0000000000000000000, 2.699999999999999700 ) ) ;
#1489 = VERTEX_POINT ( 'NONE', #1037 ) ;
#1490 = ADVANCED_FACE ( 'NONE', ( #1867 ), #2185, .T. ) ;
#1491 = CARTESIAN_POINT ( 'NONE',  ( 19.80000000000000400, 2.917157287525372800, 8.500000000000000000 ) ) ;
#1492 = DIRECTION ( 'NONE',  ( 1.000000000000000000, 0.0000000000000000000, 0.0000000000000000000 ) ) ;
#1493 = CARTESIAN_POINT ( 'NONE',  ( 11.49999999999999600, 20.00000000000000000, -3.000000000000000000 ) ) ;
#1494 = CARTESIAN_POINT ( 'NONE',  ( -1.200000000000000600, 1.800000000000000000, 2.899999999999999900 ) ) ;
#1495 = AXIS2_PLACEMENT_3D ( 'NONE', #537, #1877, #159 ) ;
#1496 = CARTESIAN_POINT ( 'NONE',  ( 2.858578643762687700, 19.85857864376268700, -6.500000000000000900 ) ) ;
#1497 = AXIS2_PLACEMENT_3D ( 'NONE', #592, #1366, #1158 ) ;
#1498 = CARTESIAN_POINT ( 'NONE',  ( 20.00000000000000400, 9.000000000000000000, 0.0000000000000000000 ) ) ;
#1499 = CARTESIAN_POINT ( 'NONE',  ( -1.117157287525381500, 2.000000000000000000, 2.899999999999999500 ) ) ;
#1500 = DIRECTION ( 'NONE',  ( -1.000000000000000000, -0.0000000000000000000, -0.0000000000000000000 ) ) ;
#1501 = ORIENTED_EDGE ( 'NONE', *, *, #1316, .T. ) ;
#1502 = CYLINDRICAL_SURFACE ( 'NONE', #758, 0.2000000000000000900 ) ;
#1503 = AXIS2_PLACEMENT_3D ( 'NONE', #1186, #1006, #2148 ) ;
#1504 = CARTESIAN_POINT ( 'NONE',  ( 16.80000000000000100, 0.0000000000000000000, -6.000000000000000000 ) ) ;
#1505 = LINE ( 'NONE', #2279, #965 ) ;
#1506 = ORIENTED_EDGE ( 'NONE', *, *, #1036, .T. ) ;
#1507 = LINE ( 'NONE', #130, #599 ) ;
#1508 = ORIENTED_EDGE ( 'NONE', *, *, #1409, .T. ) ;
#1509 = LINE ( 'NONE', #510, #1897 ) ;
#1510 = DIRECTION ( 'NONE',  ( 1.000000000000000000, -0.0000000000000000000, -0.0000000000000000000 ) ) ;
#1511 = ORIENTED_EDGE ( 'NONE', *, *, #783, .F. ) ;
#1512 = COORDINATED_UNIVERSAL_TIME_OFFSET ( 8, 0, .AHEAD. ) ;
#1513 = VECTOR ( 'NONE', #594, 1000.000000000000000 ) ;
#1514 = CARTESIAN_POINT ( 'NONE',  ( 2.999999999999995100, 20.00000000000000000, 6.582842712474618300 ) ) ;
#1515 = DIRECTION ( 'NONE',  ( 1.000000000000000000, 0.0000000000000000000, 0.0000000000000000000 ) ) ;
#1516 = ORIENTED_EDGE ( 'NONE', *, *, #773, .F. ) ;
#1517 = CARTESIAN_POINT ( 'NONE',  ( -1.200000000000000600, 17.59999999999999800, 2.699999999999999700 ) ) ;
#1518 = EDGE_CURVE ( 'NONE', #924, #945, #402, .T. ) ;
#1519 = LINE ( 'NONE', #604, #751 ) ;
#1520 = AXIS2_PLACEMENT_3D ( 'NONE', #992, #1362, #35 ) ;
#1521 = CARTESIAN_POINT ( 'NONE',  ( 18.19999999999999900, -1.200000000000000200, 2.699999999999999700 ) ) ;
#1522 = DATE_TIME_ROLE ( 'creation_date' ) ;
#1523 = DIRECTION ( 'NONE',  ( -1.000000000000000000, 0.0000000000000000000, 0.0000000000000000000 ) ) ;
#1524 = CARTESIAN_POINT ( 'NONE',  ( 1.000000000000000000, 2.000000000000000000, 2.899999999999999900 ) ) ;
#1525 = APPLICATION_CONTEXT ( 'configuration controlled 3d designs of mechanical parts and assemblies' ) ;
#1526 = EDGE_CURVE ( 'NONE', #1310, #1168, #2195, .T. ) ;
#1527 = CARTESIAN_POINT ( 'NONE',  ( 19.00000000000000400, 1.000000000000000000, 6.000000000000000000 ) ) ;
#1528 = ORIENTED_EDGE ( 'NONE', *, *, #1187, .F. ) ;
#1529 = CARTESIAN_POINT ( 'NONE',  ( 16.80000000000000100, 1.000000000000000000, -6.000000000000000000 ) ) ;
#1530 = DIRECTION ( 'NONE',  ( 1.156482317317871300E-015, 1.000000000000000000, 0.0000000000000000000 ) ) ;
#1531 = ORIENTED_EDGE ( 'NONE', *, *, #1317, .F. ) ;
#1532 = FACE_OUTER_BOUND ( 'NONE', #1064, .T. ) ;
#1533 = ORIENTED_EDGE ( 'NONE', *, *, #622, .T. ) ;
#1534 = FACE_OUTER_BOUND ( 'NONE', #172, .T. ) ;
#1535 = PERSON_AND_ORGANIZATION_ROLE ( 'classification_officer' ) ;
#1536 = ORIENTED_EDGE ( 'NONE', *, *, #957, .T. ) ;
#1537 = CYLINDRICAL_SURFACE ( 'NONE', #186, 0.2000000000000000900 ) ;
#1538 = EDGE_LOOP ( 'NONE', ( #408, #2247, #1625, #83, #251, #1567 ) ) ;
#1539 = VECTOR ( 'NONE', #1500, 1000.000000000000000 ) ;
#1540 = DIRECTION ( 'NONE',  ( -0.0000000000000000000, 0.0000000000000000000, 1.000000000000000000 ) ) ;
#1541 = ORIENTED_EDGE ( 'NONE', *, *, #354, .F. ) ;
#1542 = LINE ( 'NONE', #1087, #602 ) ;
#1543 = ORIENTED_EDGE ( 'NONE', *, *, #828, .T. ) ;
#1544 = DIRECTION ( 'NONE',  ( -0.0000000000000000000, -0.0000000000000000000, 1.000000000000000000 ) ) ;
#1545 = LINE ( 'NONE', #1314, #2053 ) ;
#1546 = ORIENTED_EDGE ( 'NONE', *, *, #2403, .T. ) ;
#1547 = ORIENTED_EDGE ( 'NONE', *, *, #490, .F. ) ;
#1548 = FACE_OUTER_BOUND ( 'NONE', #701, .T. ) ;
#1549 = DIRECTION ( 'NONE',  ( -1.000000000000000000, 0.0000000000000000000, -0.0000000000000000000 ) ) ;
#1550 = AXIS2_PLACEMENT_3D ( 'NONE', #1130, #2277, #2090 ) ;
#1551 = EDGE_CURVE ( 'NONE', #116, #1976, #1164, .T. ) ;
#1552 = CARTESIAN_POINT ( 'NONE',  ( 11.49999999999999600, 0.0000000000000000000, -3.000000000000000000 ) ) ;
#1553 = AXIS2_PLACEMENT_3D ( 'NONE', #94, #1762, #611 ) ;
#1554 = CARTESIAN_POINT ( 'NONE',  ( 19.00000000000000400, 1.000000000000000000, 6.000000000000000000 ) ) ;
#1555 = DIRECTION ( 'NONE',  ( 0.0000000000000000000, -1.000000000000000000, -1.734723475976806800E-016 ) ) ;
#1556 = EDGE_CURVE ( 'NONE', #1474, #864, #2070, .T. ) ;
#1557 = FACE_OUTER_BOUND ( 'NONE', #2020, .T. ) ;
#1558 = FACE_OUTER_BOUND ( 'NONE', #1471, .T. ) ;
#1559 = CARTESIAN_POINT ( 'NONE',  ( 1.000000000000000000, 1.000000000000000200, -2.899999999999999900 ) ) ;
#1560 = EDGE_LOOP ( 'NONE', ( #1231, #1486, #888, #1751 ) ) ;
#1561 = VECTOR ( 'NONE', #506, 1000.000000000000000 ) ;
#1562 = VERTEX_POINT ( 'NONE', #826 ) ;
#1563 = LINE ( 'NONE', #1648, #23 ) ;
#1564 = EDGE_LOOP ( 'NONE', ( #765, #1478, #2400, #779 ) ) ;
#1565 = FACE_OUTER_BOUND ( 'NONE', #2236, .T. ) ;
#1566 = CARTESIAN_POINT ( 'NONE',  ( 0.4999999999999968900, 0.0000000000000000000, -8.500000000000000000 ) ) ;
#1567 = ORIENTED_EDGE ( 'NONE', *, *, #879, .T. ) ;
#1568 = FACE_OUTER_BOUND ( 'NONE', #1421, .T. ) ;
#1569 = CARTESIAN_POINT ( 'NONE',  ( 17.59999999999999800, -1.200000000000000200, -2.699999999999999300 ) ) ;
#1570 = DIRECTION ( 'NONE',  ( 0.0000000000000000000, 0.0000000000000000000, 1.000000000000000000 ) ) ;
#1571 = ORIENTED_EDGE ( 'NONE', *, *, #1698, .F. ) ;
#1572 = LINE ( 'NONE', #272, #414 ) ;
#1573 = EDGE_CURVE ( 'NONE', #1956, #1174, #2260, .T. ) ;
#1574 = CARTESIAN_POINT ( 'NONE',  ( -1.000000000000000700, 18.39999999999999900, 2.899999999999999900 ) ) ;
#1575 = CARTESIAN_POINT ( 'NONE',  ( 2.289834988289385700E-014, 19.80000000000000100, -8.500000000000000000 ) ) ;
#1576 = AXIS2_PLACEMENT_3D ( 'NONE', #486, #1826, #2189 ) ;
#1577 = EDGE_CURVE ( 'NONE', #68, #1562, #73, .T. ) ;
#1578 = CARTESIAN_POINT ( 'NONE',  ( 0.0000000000000000000, 0.0000000000000000000, -2.899999999999999900 ) ) ;
#1579 = CARTESIAN_POINT ( 'NONE',  ( 20.00000000000000000, 0.0000000000000000000, 8.500000000000000000 ) ) ;
#1580 =( BOUNDED_CURVE ( )  B_SPLINE_CURVE ( 3, ( #1384, #1753, #242, #983 ),
 .UNSPECIFIED., .F., .F. ) 
 B_SPLINE_CURVE_WITH_KNOTS ( ( 4, 4 ),
 ( 4.712388980384688800, 6.283185307179595100 ),
 .UNSPECIFIED. ) 
 CURVE ( )  GEOMETRIC_REPRESENTATION_ITEM ( )  RATIONAL_B_SPLINE_CURVE ( ( 1.000000000000000000, 0.8047378541243627200, 0.8047378541243627200, 1.000000000000000000 ) ) 
 REPRESENTATION_ITEM ( '' )  );
#1581 = CARTESIAN_POINT ( 'NONE',  ( 2.168404344971008900E-016, 16.80000000000000100, -6.000000000000000000 ) ) ;
#1582 = ADVANCED_FACE ( 'NONE', ( #1977 ), #2151, .F. ) ;
#1583 = DIRECTION ( 'NONE',  ( 1.000000000000000000, 0.0000000000000000000, 0.0000000000000000000 ) ) ;
#1584 = VERTEX_POINT ( 'NONE', #2036 ) ;
#1585 = VECTOR ( 'NONE', #2379, 1000.000000000000000 ) ;
#1586 = EDGE_LOOP ( 'NONE', ( #2432, #92, #2237, #1426 ) ) ;
#1587 = VECTOR ( 'NONE', #1644, 1000.000000000000000 ) ;
#1588 = EDGE_CURVE ( 'NONE', #116, #1363, #516, .T. ) ;
#1589 = DIRECTION ( 'NONE',  ( 0.0000000000000000000, 0.0000000000000000000, -1.000000000000000000 ) ) ;
#1590 = EDGE_LOOP ( 'NONE', ( #1847, #2325, #806, #1456 ) ) ;
#1591 = VECTOR ( 'NONE', #972, 1000.000000000000000 ) ;
#1592 = ORIENTED_EDGE ( 'NONE', *, *, #1289, .T. ) ;
#1593 = LOCAL_TIME ( 9, 18, 27.00000000000000000, #603 ) ;
#1594 = PLANE ( 'NONE',  #496 ) ;
#1595 = AXIS2_PLACEMENT_3D ( 'NONE', #254, #267, #1602 ) ;
#1596 = CARTESIAN_POINT ( 'NONE',  ( 17.59999999999999800, -1.000000000000000000, 2.899999999999999900 ) ) ;
#1597 = EDGE_LOOP ( 'NONE', ( #919, #1372, #1224, #942 ) ) ;
#1598 = LINE ( 'NONE', #1261, #1092 ) ;
#1599 = EDGE_LOOP ( 'NONE', ( #926, #1728, #852, #1516 ) ) ;
#1600 = ORIENTED_EDGE ( 'NONE', *, *, #1434, .T. ) ;
#1601 = ADVANCED_FACE ( 'NONE', ( #815 ), #2042, .T. ) ;
#1602 = DIRECTION ( 'NONE',  ( -1.000000000000000000, 0.0000000000000000000, 0.0000000000000000000 ) ) ;
#1603 = ORIENTED_EDGE ( 'NONE', *, *, #2029, .F. ) ;
#1604 = CARTESIAN_POINT ( 'NONE',  ( 3.150000000000027000, 3.149999999999971900, -6.500000000000000900 ) ) ;
#1605 = EDGE_LOOP ( 'NONE', ( #1690, #1936, #404, #464 ) ) ;
#1606 = CARTESIAN_POINT ( 'NONE',  ( -2.602085213965210600E-015, 20.00000000000000000, 8.500000000000000000 ) ) ;
#1607 = DIRECTION ( 'NONE',  ( 0.0000000000000000000, 0.0000000000000000000, -1.000000000000000000 ) ) ;
#1608 = EDGE_CURVE ( 'NONE', #1921, #973, #454, .T. ) ;
#1609 = PLANE ( 'NONE',  #2052 ) ;
#1610 = CARTESIAN_POINT ( 'NONE',  ( 19.00000000000000400, 1.000000000000000000, -6.000000000000000000 ) ) ;
#1611 = DIRECTION ( 'NONE',  ( -1.000000000000000000, -5.102127870520018100E-017, 0.0000000000000000000 ) ) ;
#1612 = ADVANCED_FACE ( 'NONE', ( #850 ), #1637, .F. ) ;
#1613 = DIRECTION ( 'NONE',  ( 0.7071067811865500200, 0.7071067811865451300, 0.0000000000000000000 ) ) ;
#1614 = DIRECTION ( 'NONE',  ( 0.0000000000000000000, 0.0000000000000000000, -1.000000000000000000 ) ) ;
#1615 = CARTESIAN_POINT ( 'NONE',  ( 17.39999999999999900, -1.117157287525381000, 2.899999999999999500 ) ) ;
#1616 = CARTESIAN_POINT ( 'NONE',  ( -1.000000000000000400, 17.39999999999999900, 2.899999999999999900 ) ) ;
#1617 = VERTEX_POINT ( 'NONE', #106 ) ;
#1618 = VECTOR ( 'NONE', #1013, 1000.000000000000000 ) ;
#1619 = DIRECTION ( 'NONE',  ( 0.0000000000000000000, 0.0000000000000000000, -1.000000000000000000 ) ) ;
#1620 = CARTESIAN_POINT ( 'NONE',  ( -1.200000000000000600, 18.39999999999999900, 2.899999999999999900 ) ) ;
#1621 = LINE ( 'NONE', #255, #1115 ) ;
#1622 = EDGE_LOOP ( 'NONE', ( #86, #91, #1084, #1239 ) ) ;
#1623 = LINE ( 'NONE', #1254, #1561 ) ;
#1624 = ADVANCED_FACE ( 'NONE', ( #1717 ), #1226, .T. ) ;
#1625 = ORIENTED_EDGE ( 'NONE', *, *, #690, .F. ) ;
#1626 = CYLINDRICAL_SURFACE ( 'NONE', #947, 0.1999999999999987900 ) ;
#1627 = AXIS2_PLACEMENT_3D ( 'NONE', #1463, #1653, #707 ) ;
#1628 = ORIENTED_EDGE ( 'NONE', *, *, #998, .F. ) ;
#1629 = DIRECTION ( 'NONE',  ( -0.0000000000000000000, -1.000000000000000000, -0.0000000000000000000 ) ) ;
#1630 = LINE ( 'NONE', #1161, #1755 ) ;
#1631 = DIRECTION ( 'NONE',  ( -0.7071067811865476800, 0.7071067811865473500, 0.0000000000000000000 ) ) ;
#1632 = AXIS2_PLACEMENT_3D ( 'NONE', #2338, #433, #446 ) ;
#1633 = DIRECTION ( 'NONE',  ( -0.0000000000000000000, -0.0000000000000000000, 1.000000000000000000 ) ) ;
#1634 = CARTESIAN_POINT ( 'NONE',  ( 18.39999999999999900, -1.000000000000000000, 2.899999999999999900 ) ) ;
#1635 = EDGE_LOOP ( 'NONE', ( #1028, #1776, #2226, #2055, #521, #1511, #1934 ) ) ;
#1636 =( BOUNDED_CURVE ( )  B_SPLINE_CURVE ( 3, ( #1822, #1441, #1988, #126 ),
 .UNSPECIFIED., .F., .F. ) 
 B_SPLINE_CURVE_WITH_KNOTS ( ( 4, 4 ),
 ( 3.141592653589794000, 4.712388980384689700 ),
 .UNSPECIFIED. ) 
 CURVE ( )  GEOMETRIC_REPRESENTATION_ITEM ( )  RATIONAL_B_SPLINE_CURVE ( ( 1.000000000000000000, 0.8047378541243652700, 0.8047378541243652700, 1.000000000000000000 ) ) 
 REPRESENTATION_ITEM ( '' )  );
#1637 = PLANE ( 'NONE',  #1438 ) ;
#1638 = ORIENTED_EDGE ( 'NONE', *, *, #4, .T. ) ;
#1639 = CARTESIAN_POINT ( 'NONE',  ( 2.965685424949237700, 19.91715728752538400, 8.500000000000001800 ) ) ;
#1640 = CARTESIAN_POINT ( 'NONE',  ( 2.999999999999997300, 19.71715728752538200, 6.500000000000000900 ) ) ;
#1641 = CARTESIAN_POINT ( 'NONE',  ( 20.00000000000000400, 3.000000000000000000, 6.500000000000000900 ) ) ;
#1642 = CARTESIAN_POINT ( 'NONE',  ( -1.200000000000000200, 0.9999999999999985600, 2.699999999999999700 ) ) ;
#1643 = EDGE_CURVE ( 'NONE', #2292, #970, #1196, .T. ) ;
#1644 = DIRECTION ( 'NONE',  ( 0.0000000000000000000, 0.0000000000000000000, -1.000000000000000000 ) ) ;
#1645 = DIRECTION ( 'NONE',  ( 0.0000000000000000000, -1.000000000000000000, 0.0000000000000000000 ) ) ;
#1646 = AXIS2_PLACEMENT_3D ( 'NONE', #2179, #64, #1192 ) ;
#1647 = CARTESIAN_POINT ( 'NONE',  ( -1.200000000000000600, 17.59999999999999800, 2.899999999999999900 ) ) ;
#1648 = CARTESIAN_POINT ( 'NONE',  ( 18.39999999999999900, 1.000000000000000000, 2.899999999999999900 ) ) ;
#1649 = DIRECTION ( 'NONE',  ( -4.336808689942010300E-016, 1.000000000000000000, -0.0000000000000000000 ) ) ;
#1650 = CARTESIAN_POINT ( 'NONE',  ( 1.200000000000000200, -1.200000000000000600, -2.699999999999999300 ) ) ;
#1651 = ORIENTED_EDGE ( 'NONE', *, *, #562, .T. ) ;
#1652 = ADVANCED_FACE ( 'NONE', ( #1656 ), #142, .F. ) ;
#1653 = DIRECTION ( 'NONE',  ( 0.0000000000000000000, -1.000000000000000000, 0.0000000000000000000 ) ) ;
#1654 = LINE ( 'NONE', #146, #1319 ) ;
#1655 = EDGE_LOOP ( 'NONE', ( #1000, #181, #1724, #2164 ) ) ;
#1656 = FACE_OUTER_BOUND ( 'NONE', #917, .T. ) ;
#1657 = DIRECTION ( 'NONE',  ( 0.7071067811865451300, -0.7071067811865500200, -0.0000000000000000000 ) ) ;
#1658 = CARTESIAN_POINT ( 'NONE',  ( 19.00000000000000400, 1.000000000000000000, -6.000000000000000000 ) ) ;
#1659 = ORIENTED_EDGE ( 'NONE', *, *, #419, .F. ) ;
#1660 = FACE_OUTER_BOUND ( 'NONE', #1857, .T. ) ;
#1661 = ORIENTED_EDGE ( 'NONE', *, *, #1968, .F. ) ;
#1662 = EDGE_CURVE ( 'NONE', #605, #2301, #427, .T. ) ;
#1663 = ORIENTED_EDGE ( 'NONE', *, *, #1185, .T. ) ;
#1664 = VECTOR ( 'NONE', #310, 1000.000000000000000 ) ;
#1665 = EDGE_LOOP ( 'NONE', ( #208, #366, #761, #1501 ) ) ;
#1666 = DIRECTION ( 'NONE',  ( -1.000000000000000000, -0.0000000000000000000, -0.0000000000000000000 ) ) ;
#1667 = ORIENTED_EDGE ( 'NONE', *, *, #1309, .T. ) ;
#1668 = CARTESIAN_POINT ( 'NONE',  ( 19.80000000000000400, 2.917157287525379500, -8.500000000000000000 ) ) ;
#1669 = ORIENTED_EDGE ( 'NONE', *, *, #451, .F. ) ;
#1670 = ADVANCED_FACE ( 'NONE', ( #1534 ), #702, .T. ) ;
#1671 = CARTESIAN_POINT ( 'NONE',  ( 1.999999999999999600, 2.000000000000000000, -2.899999999999999900 ) ) ;
#1672 = VERTEX_POINT ( 'NONE', #1080 ) ;
#1673 = CARTESIAN_POINT ( 'NONE',  ( 0.4999999999999967800, 2.710505431213761100E-017, 8.500000000000000000 ) ) ;
#1674 = CARTESIAN_POINT ( 'NONE',  ( -1.200000000000000600, 18.19999999999999900, 2.899999999999999900 ) ) ;
#1675 = CARTESIAN_POINT ( 'NONE',  ( 1.800000000000000000, -1.000000000000000400, 2.899999999999999900 ) ) ;
#1676 = AXIS2_PLACEMENT_3D ( 'NONE', #1048, #911, #1274 ) ;
#1677 = EDGE_CURVE ( 'NONE', #373, #864, #364, .T. ) ;
#1678 = ADVANCED_FACE ( 'NONE', ( #2283 ), #874, .F. ) ;
#1679 = CARTESIAN_POINT ( 'NONE',  ( 20.00000000000000400, 3.000000000000000000, 8.300000000000000700 ) ) ;
#1680 = AXIS2_PLACEMENT_3D ( 'NONE', #624, #1945, #2374 ) ;
#1681 = DIRECTION ( 'NONE',  ( -4.336808689942010300E-016, 1.000000000000000000, -0.0000000000000000000 ) ) ;
#1682 = ORIENTED_EDGE ( 'NONE', *, *, #2284, .T. ) ;
#1683 = DIRECTION ( 'NONE',  ( -0.0000000000000000000, -0.0000000000000000000, -1.000000000000000000 ) ) ;
#1684 = EDGE_LOOP ( 'NONE', ( #1603, #2023, #145, #256 ) ) ;
#1685 = CIRCLE ( 'NONE', #1995, 3.000000000000000000 ) ;
#1686 = VECTOR ( 'NONE', #782, 1000.000000000000000 ) ;
#1687 = CARTESIAN_POINT ( 'NONE',  ( 17.59999999999999800, -1.200000000000000200, 2.699999999999999700 ) ) ;
#1688 = ORIENTED_EDGE ( 'NONE', *, *, #2340, .T. ) ;
#1689 = VECTOR ( 'NONE', #642, 1000.000000000000000 ) ;
#1690 = ORIENTED_EDGE ( 'NONE', *, *, #809, .T. ) ;
#1691 = LINE ( 'NONE', #87, #2306 ) ;
#1692 = DIRECTION ( 'NONE',  ( -0.0000000000000000000, -0.0000000000000000000, -1.000000000000000000 ) ) ;
#1693 = VERTEX_POINT ( 'NONE', #1813 ) ;
#1694 = LINE ( 'NONE', #1912, #2049 ) ;
#1695 = ORIENTED_EDGE ( 'NONE', *, *, #1526, .F. ) ;
#1696 = ORIENTED_EDGE ( 'NONE', *, *, #1727, .T. ) ;
#1697 = LINE ( 'NONE', #2119, #745 ) ;
#1698 = EDGE_CURVE ( 'NONE', #1791, #605, #1706, .T. ) ;
#1699 = DIRECTION ( 'NONE',  ( -1.000000000000000000, 0.0000000000000000000, -0.0000000000000000000 ) ) ;
#1700 = ORIENTED_EDGE ( 'NONE', *, *, #1792, .F. ) ;
#1701 = AXIS2_PLACEMENT_3D ( 'NONE', #1498, #914, #2254 ) ;
#1702 = CARTESIAN_POINT ( 'NONE',  ( 19.80000000000000100, 0.0000000000000000000, 8.500000000000000000 ) ) ;
#1703 = ORIENTED_EDGE ( 'NONE', *, *, #1345, .T. ) ;
#1704 = LINE ( 'NONE', #671, #30 ) ;
#1705 = APPLICATION_PROTOCOL_DEFINITION ( 'international standard', 'config_control_design', 1994, #1525 ) ;
#1706 =( BOUNDED_CURVE ( )  B_SPLINE_CURVE ( 3, ( #1052, #1845, #1615, #866 ),
 .UNSPECIFIED., .F., .F. ) 
 B_SPLINE_CURVE_WITH_KNOTS ( ( 4, 4 ),
 ( 4.712388980384689700, 6.283185307179586200 ),
 .UNSPECIFIED. ) 
 CURVE ( )  GEOMETRIC_REPRESENTATION_ITEM ( )  RATIONAL_B_SPLINE_CURVE ( ( 1.000000000000000000, 0.8047378541243649400, 0.8047378541243649400, 1.000000000000000000 ) ) 
 REPRESENTATION_ITEM ( '' )  );
#1707 = CARTESIAN_POINT ( 'NONE',  ( 20.00000000000000400, 3.000000000000000000, -6.700000000000001100 ) ) ;
#1708 = DIRECTION ( 'NONE',  ( -1.000000000000000000, 1.156482317317871300E-015, 0.0000000000000000000 ) ) ;
#1709 = CARTESIAN_POINT ( 'NONE',  ( 16.80000000000000100, 1.000000000000000000, -6.000000000000000000 ) ) ;
#1710 = EDGE_CURVE ( 'NONE', #750, #1976, #1085, .T. ) ;
#1711 = EDGE_CURVE ( 'NONE', #2394, #235, #1472, .T. ) ;
#1712 = CARTESIAN_POINT ( 'NONE',  ( 20.00000000000000400, 11.50000000000000000, 0.0000000000000000000 ) ) ;
#1713 = ORIENTED_EDGE ( 'NONE', *, *, #562, .F. ) ;
#1714 = DIRECTION ( 'NONE',  ( -0.0000000000000000000, 1.000000000000000000, -0.0000000000000000000 ) ) ;
#1715 = CYLINDRICAL_SURFACE ( 'NONE', #422, 0.1999999999999987900 ) ;
#1716 = EDGE_LOOP ( 'NONE', ( #1628, #729, #392, #2390 ) ) ;
#1717 = FACE_OUTER_BOUND ( 'NONE', #501, .T. ) ;
#1718 = VERTEX_POINT ( 'NONE', #744 ) ;
#1719 = LINE ( 'NONE', #1610, #2072 ) ;
#1720 = ORIENTED_EDGE ( 'NONE', *, *, #2415, .F. ) ;
#1721 = CARTESIAN_POINT ( 'NONE',  ( 2.999999999999997300, 19.99999999999999600, 8.300000000000000700 ) ) ;
#1722 = FACE_OUTER_BOUND ( 'NONE', #2371, .T. ) ;
#1723 = PERSON_AND_ORGANIZATION_ROLE ( 'creator' ) ;
#1724 = ORIENTED_EDGE ( 'NONE', *, *, #61, .F. ) ;
#1725 = ORIENTED_EDGE ( 'NONE', *, *, #2408, .F. ) ;
#1726 = DIRECTION ( 'NONE',  ( 1.156482317317871300E-015, 1.000000000000000000, 0.0000000000000000000 ) ) ;
#1727 = EDGE_CURVE ( 'NONE', #2175, #952, #1397, .T. ) ;
#1728 = ORIENTED_EDGE ( 'NONE', *, *, #1556, .F. ) ;
#1729 = VERTEX_POINT ( 'NONE', #1673 ) ;
#1730 = CARTESIAN_POINT ( 'NONE',  ( 1.800000000000000000, -1.200000000000000600, 2.699999999999999700 ) ) ;
#1731 = CARTESIAN_POINT ( 'NONE',  ( 2.999999999999997300, 19.99999999999999600, -8.300000000000002500 ) ) ;
#1732 = ORIENTED_EDGE ( 'NONE', *, *, #2064, .T. ) ;
#1733 = CC_DESIGN_PERSON_AND_ORGANIZATION_ASSIGNMENT ( #374, #1150, ( #530 ) ) ;
#1734 = DIRECTION ( 'NONE',  ( 0.7071067811865477900, -0.7071067811865473500, 0.0000000000000000000 ) ) ;
#1735 = CARTESIAN_POINT ( 'NONE',  ( 19.71715728752538500, 3.000000000000000000, -6.500000000000000900 ) ) ;
#1736 = EDGE_CURVE ( 'NONE', #370, #966, #762, .T. ) ;
#1737 = PRODUCT ( 'LBSB6-2020_203', 'LBSB6-2020_203', '', ( #180 ) ) ;
#1738 = ORIENTED_EDGE ( 'NONE', *, *, #132, .F. ) ;
#1739 = AXIS2_PLACEMENT_3D ( 'NONE', #2413, #1431, #295 ) ;
#1740 = PLANE ( 'NONE',  #222 ) ;
#1741 = CARTESIAN_POINT ( 'NONE',  ( 1.000000000000000000, -1.200000000000000600, 2.899999999999999900 ) ) ;
#1742 = ORIENTED_EDGE ( 'NONE', *, *, #1556, .T. ) ;
#1743 = VECTOR ( 'NONE', #2419, 1000.000000000000000 ) ;
#1744 = VECTOR ( 'NONE', #976, 1000.000000000000000 ) ;
#1745 = ORIENTED_EDGE ( 'NONE', *, *, #1883, .T. ) ;
#1746 = LINE ( 'NONE', #1760, #794 ) ;
#1747 = VERTEX_POINT ( 'NONE', #727 ) ;
#1748 = FACE_OUTER_BOUND ( 'NONE', #1481, .T. ) ;
#1749 = ORIENTED_EDGE ( 'NONE', *, *, #648, .F. ) ;
#1750 = LINE ( 'NONE', #329, #889 ) ;
#1751 = ORIENTED_EDGE ( 'NONE', *, *, #1157, .F. ) ;
#1752 = CARTESIAN_POINT ( 'NONE',  ( 0.0000000000000000000, 19.00000000000000400, 6.000000000000000000 ) ) ;
#1753 = CARTESIAN_POINT ( 'NONE',  ( 2.965685424949239500, 19.91715728752538400, -8.500000000000001800 ) ) ;
#1754 = EDGE_LOOP ( 'NONE', ( #1401, #425, #328, #1267 ) ) ;
#1755 = VECTOR ( 'NONE', #804, 1000.000000000000000 ) ;
#1756 = ORIENTED_EDGE ( 'NONE', *, *, #1901, .T. ) ;
#1757 = EDGE_CURVE ( 'NONE', #717, #1489, #1026, .T. ) ;
#1758 = ORIENTED_EDGE ( 'NONE', *, *, #509, .F. ) ;
#1759 = CIRCLE ( 'NONE', #748, 0.1999999999999987900 ) ;
#1760 = CARTESIAN_POINT ( 'NONE',  ( 3.000000000000000000, -1.288370487864006100E-016, 6.000000000000000000 ) ) ;
#1761 = DIRECTION ( 'NONE',  ( -1.000000000000000000, -0.0000000000000000000, -0.0000000000000000000 ) ) ;
#1762 = DIRECTION ( 'NONE',  ( 1.000000000000000000, 1.971276677246371000E-016, 0.0000000000000000000 ) ) ;
#1763 = ADVANCED_FACE ( 'NONE', ( #943 ), #967, .T. ) ;
#1764 = DIRECTION ( 'NONE',  ( -0.0000000000000000000, 1.000000000000000000, -0.0000000000000000000 ) ) ;
#1765 = CARTESIAN_POINT ( 'NONE',  ( 3.299999999999997200, 2.999999999999999100, 6.500000000000000900 ) ) ;
#1766 = EDGE_CURVE ( 'NONE', #601, #1672, #335, .T. ) ;
#1767 = CARTESIAN_POINT ( 'NONE',  ( 1.800000000000000000, -1.200000000000000600, -2.699999999999999300 ) ) ;
#1768 = CARTESIAN_POINT ( 'NONE',  ( 0.0000000000000000000, 0.0000000000000000000, -6.000000000000000000 ) ) ;
#1769 = ORIENTED_EDGE ( 'NONE', *, *, #556, .T. ) ;
#1770 = MANIFOLD_SOLID_BREP ( 'Chamfer2', #430 ) ;
#1771 = DIRECTION ( 'NONE',  ( 1.000000000000000000, 7.885106708985486100E-016, -0.0000000000000000000 ) ) ;
#1772 = LINE ( 'NONE', #1133, #1585 ) ;
#1773 = AXIS2_PLACEMENT_3D ( 'NONE', #1675, #909, #532 ) ;
#1774 = CARTESIAN_POINT ( 'NONE',  ( 17.39999999999999900, -1.000000000000000000, -2.899999999999999900 ) ) ;
#1775 = VERTEX_POINT ( 'NONE', #1887 ) ;
#1776 = ORIENTED_EDGE ( 'NONE', *, *, #2217, .T. ) ;
#1777 = CARTESIAN_POINT ( 'NONE',  ( 1.000000000000000000, 18.40000000000000200, -2.899999999999999900 ) ) ;
#1778 = FACE_OUTER_BOUND ( 'NONE', #2299, .T. ) ;
#1779 = ORIENTED_EDGE ( 'NONE', *, *, #1766, .F. ) ;
#1780 = LINE ( 'NONE', #1227, #1268 ) ;
#1781 = VERTEX_POINT ( 'NONE', #527 ) ;
#1782 = LOCAL_TIME ( 9, 18, 27.00000000000000000, #2288 ) ;
#1783 = ADVANCED_FACE ( 'NONE', ( #2252 ), #932, .T. ) ;
#1784 = ORIENTED_EDGE ( 'NONE', *, *, #349, .F. ) ;
#1785 = LINE ( 'NONE', #1752, #1240 ) ;
#1786 = DIRECTION ( 'NONE',  ( -1.000000000000000000, -1.301042606982605300E-016, 0.0000000000000000000 ) ) ;
#1787 = DIRECTION ( 'NONE',  ( 1.000000000000000000, -0.0000000000000000000, -0.0000000000000000000 ) ) ;
#1788 = LINE ( 'NONE', #372, #1358 ) ;
#1789 = CARTESIAN_POINT ( 'NONE',  ( 2.999999999999995600, 11.50000000000000000, 0.0000000000000000000 ) ) ;
#1790 = DIRECTION ( 'NONE',  ( 1.000000000000000000, 4.336808689942010300E-016, -0.0000000000000000000 ) ) ;
#1791 = VERTEX_POINT ( 'NONE', #1687 ) ;
#1792 = EDGE_CURVE ( 'NONE', #398, #68, #197, .T. ) ;
#1793 = CARTESIAN_POINT ( 'NONE',  ( 2.999999999999997300, 3.300000000000004300, 6.500000000000000900 ) ) ;
#1794 = ORIENTED_EDGE ( 'NONE', *, *, #2109, .T. ) ;
#1795 = CARTESIAN_POINT ( 'NONE',  ( 0.0000000000000000000, 0.0000000000000000000, 6.000000000000000000 ) ) ;
#1796 = ADVANCED_FACE ( 'NONE', ( #1944 ), #753, .F. ) ;
#1797 = DIRECTION ( 'NONE',  ( 0.0000000000000000000, 0.0000000000000000000, -1.000000000000000000 ) ) ;
#1798 = CARTESIAN_POINT ( 'NONE',  ( 2.999999999999995600, 9.000000000000000000, 0.0000000000000000000 ) ) ;
#1799 = LINE ( 'NONE', #312, #1294 ) ;
#1800 = ADVANCED_FACE ( 'NONE', ( #1778 ), #884, .F. ) ;
#1801 = CYLINDRICAL_SURFACE ( 'NONE', #1220, 0.2000000000000000900 ) ;
#1802 = AXIS2_PLACEMENT_3D ( 'NONE', #275, #1215, #1607 ) ;
#1803 = CARTESIAN_POINT ( 'NONE',  ( 0.0000000000000000000, -1.000000000000000400, 2.899999999999999900 ) ) ;
#1804 = ORIENTED_EDGE ( 'NONE', *, *, #593, .F. ) ;
#1805 = LINE ( 'NONE', #2210, #285 ) ;
#1806 = ORIENTED_EDGE ( 'NONE', *, *, #182, .F. ) ;
#1807 = LINE ( 'NONE', #1055, #2005 ) ;
#1808 = AXIS2_PLACEMENT_3D ( 'NONE', #2144, #1367, #58 ) ;
#1809 = CARTESIAN_POINT ( 'NONE',  ( 0.0000000000000000000, 0.0000000000000000000, 2.899999999999999900 ) ) ;
#1810 = PLANE ( 'NONE',  #1047 ) ;
#1811 = CYLINDRICAL_SURFACE ( 'NONE', #1550, 0.2000000000000000900 ) ;
#1812 = FACE_OUTER_BOUND ( 'NONE', #857, .T. ) ;
#1813 = CARTESIAN_POINT ( 'NONE',  ( -6.505213034913041400E-017, 0.5000000000000004400, -8.500000000000000000 ) ) ;
#1814 = ORIENTED_EDGE ( 'NONE', *, *, #490, .T. ) ;
#1815 = DIRECTION ( 'NONE',  ( 0.0000000000000000000, 0.0000000000000000000, 1.000000000000000000 ) ) ;
#1816 = ORIENTED_EDGE ( 'NONE', *, *, #16, .F. ) ;
#1817 = CARTESIAN_POINT ( 'NONE',  ( 17.39999999999999900, 1.000000000000000000, 2.899999999999999900 ) ) ;
#1818 = EDGE_LOOP ( 'NONE', ( #1952, #355, #1097, #279 ) ) ;
#1819 = VECTOR ( 'NONE', #445, 1000.000000000000000 ) ;
#1820 = CARTESIAN_POINT ( 'NONE',  ( 0.4999999999999968900, 0.0000000000000000000, -6.000000000000000000 ) ) ;
#1821 = ADVANCED_FACE ( 'NONE', ( #252 ), #1801, .T. ) ;
#1822 = CARTESIAN_POINT ( 'NONE',  ( 1.000000000000000000, -1.000000000000000700, 2.899999999999999900 ) ) ;
#1823 = EDGE_CURVE ( 'NONE', #469, #1243, #1919, .T. ) ;
#1824 = DIRECTION ( 'NONE',  ( 1.000000000000000000, 0.0000000000000000000, 0.0000000000000000000 ) ) ;
#1825 = AXIS2_PLACEMENT_3D ( 'NONE', #1485, #1094, #2054 ) ;
#1826 = DIRECTION ( 'NONE',  ( 1.000000000000000000, 0.0000000000000000000, 0.0000000000000000000 ) ) ;
#1827 = CARTESIAN_POINT ( 'NONE',  ( 0.0000000000000000000, 19.00000000000000400, -6.000000000000000000 ) ) ;
#1828 = DIRECTION ( 'NONE',  ( -1.971276677246371300E-016, 1.000000000000000000, -0.0000000000000000000 ) ) ;
#1829 = DIRECTION ( 'NONE',  ( -5.102127870520018100E-017, 1.000000000000000000, -0.0000000000000000000 ) ) ;
#1830 = EDGE_LOOP ( 'NONE', ( #76, #1638, #635, #1331 ) ) ;
#1831 = CARTESIAN_POINT ( 'NONE',  ( 3.000000000000000000, -1.288370487864006100E-016, -6.000000000000000000 ) ) ;
#1832 = EDGE_CURVE ( 'NONE', #1310, #231, #993, .T. ) ;
#1833 = FACE_OUTER_BOUND ( 'NONE', #204, .T. ) ;
#1834 = ORIENTED_EDGE ( 'NONE', *, *, #732, .F. ) ;
#1835 = ORIENTED_EDGE ( 'NONE', *, *, #931, .F. ) ;
#1836 = EDGE_LOOP ( 'NONE', ( #493, #668, #1784, #1546, #2424, #778 ) ) ;
#1837 = VECTOR ( 'NONE', #380, 1000.000000000000000 ) ;
#1838 = AXIS2_PLACEMENT_3D ( 'NONE', #1579, #657, #1042 ) ;
#1839 = VERTEX_POINT ( 'NONE', #956 ) ;
#1840 = CALENDAR_DATE ( 2020, 16, 4 ) ;
#1841 = VECTOR ( 'NONE', #1797, 1000.000000000000000 ) ;
#1842 = CARTESIAN_POINT ( 'NONE',  ( -1.200000000000000200, 0.9999999999999985600, -2.699999999999999300 ) ) ;
#1843 = DIRECTION ( 'NONE',  ( -0.0000000000000000000, -0.0000000000000000000, -1.000000000000000000 ) ) ;
#1844 = ORIENTED_EDGE ( 'NONE', *, *, #517, .F. ) ;
#1845 = CARTESIAN_POINT ( 'NONE',  ( 17.48284271247461400, -1.200000000000000000, 2.817157287525379900 ) ) ;
#1846 = ORIENTED_EDGE ( 'NONE', *, *, #1277, .T. ) ;
#1847 = ORIENTED_EDGE ( 'NONE', *, *, #801, .T. ) ;
#1848 = CARTESIAN_POINT ( 'NONE',  ( -1.200000000000000600, 1.800000000000000000, 2.699999999999999700 ) ) ;
#1849 = DIRECTION ( 'NONE',  ( -1.084202172485504400E-016, 1.000000000000000000, 0.0000000000000000000 ) ) ;
#1850 = PRODUCT_RELATED_PRODUCT_CATEGORY ( 'detail', '', ( #1737 ) ) ;
#1851 = EDGE_CURVE ( 'NONE', #1174, #1360, #634, .T. ) ;
#1852 = ADVANCED_FACE ( 'NONE', ( #1862 ), #342, .T. ) ;
#1853 = CARTESIAN_POINT ( 'NONE',  ( 19.91715728752538800, 2.965685424949231900, 8.500000000000000000 ) ) ;
#1854 = SECURITY_CLASSIFICATION ( '', '', #10 ) ;
#1855 = DIRECTION ( 'NONE',  ( -1.301042606982604800E-016, 1.000000000000000000, 0.0000000000000000000 ) ) ;
#1856 = CARTESIAN_POINT ( 'NONE',  ( -1.200000000000000000, 1.082842712474617600, 2.817157287525379400 ) ) ;
#1857 = EDGE_LOOP ( 'NONE', ( #1180, #2308, #2264, #319 ) ) ;
#1858 = CARTESIAN_POINT ( 'NONE',  ( 19.88284271247461600, 3.000000000000000000, 6.500000000000001800 ) ) ;
#1859 = ORIENTED_EDGE ( 'NONE', *, *, #1466, .T. ) ;
#1860 = FACE_OUTER_BOUND ( 'NONE', #1836, .T. ) ;
#1861 = ORIENTED_EDGE ( 'NONE', *, *, #2249, .T. ) ;
#1862 = FACE_OUTER_BOUND ( 'NONE', #1864, .T. ) ;
#1863 = DIRECTION ( 'NONE',  ( -1.971276677246371300E-016, 1.000000000000000000, -0.0000000000000000000 ) ) ;
#1864 = EDGE_LOOP ( 'NONE', ( #975, #1388, #996, #1749 ) ) ;
#1865 = LINE ( 'NONE', #1803, #40 ) ;
#1866 = ORIENTED_EDGE ( 'NONE', *, *, #652, .T. ) ;
#1867 = FACE_OUTER_BOUND ( 'NONE', #1818, .T. ) ;
#1868 = EDGE_CURVE ( 'NONE', #633, #2192, #265, .T. ) ;
#1869 = VERTEX_POINT ( 'NONE', #1909 ) ;
#1870 = LINE ( 'NONE', #2414, #524 ) ;
#1871 = CARTESIAN_POINT ( 'NONE',  ( 0.0000000000000000000, -1.000000000000000400, 2.699999999999999700 ) ) ;
#1872 = FACE_BOUND ( 'NONE', #2113, .T. ) ;
#1873 = DIRECTION ( 'NONE',  ( 0.0000000000000000000, 1.000000000000000000, 0.0000000000000000000 ) ) ;
#1874 = ORIENTED_EDGE ( 'NONE', *, *, #2177, .F. ) ;
#1875 = ORIENTED_EDGE ( 'NONE', *, *, #2439, .T. ) ;
#1876 = PLANE ( 'NONE',  #2122 ) ;
#1877 = DIRECTION ( 'NONE',  ( -0.0000000000000000000, 1.000000000000000000, 0.0000000000000000000 ) ) ;
#1878 = ORIENTED_EDGE ( 'NONE', *, *, #1099, .F. ) ;
#1879 = LINE ( 'NONE', #641, #302 ) ;
#1880 = DIRECTION ( 'NONE',  ( -0.7071067811865477900, 0.7071067811865473500, 0.0000000000000000000 ) ) ;
#1881 = DIRECTION ( 'NONE',  ( 1.000000000000000000, 5.102127870520018100E-017, 0.0000000000000000000 ) ) ;
#1882 = DATE_TIME_ROLE ( 'classification_date' ) ;
#1883 = EDGE_CURVE ( 'NONE', #1088, #1929, #1408, .T. ) ;
#1884 = DIRECTION ( 'NONE',  ( 1.000000000000000000, 0.0000000000000000000, -0.0000000000000000000 ) ) ;
#1885 = AXIS2_PLACEMENT_3D ( 'NONE', #1606, #1398, #628 ) ;
#1886 = CARTESIAN_POINT ( 'NONE',  ( 0.0000000000000000000, 0.0000000000000000000, 8.500000000000000000 ) ) ;
#1887 = CARTESIAN_POINT ( 'NONE',  ( 16.80000000000000100, 0.0000000000000000000, 6.000000000000000000 ) ) ;
#1888 = DIRECTION ( 'NONE',  ( 0.0000000000000000000, 0.0000000000000000000, -1.000000000000000000 ) ) ;
#1889 =( LENGTH_UNIT ( ) NAMED_UNIT ( * ) SI_UNIT ( .MILLI., .METRE. ) );
#1890 = CARTESIAN_POINT ( 'NONE',  ( 19.99999999999999600, 3.000000000000000400, -6.582842712474619200 ) ) ;
#1891 = LINE ( 'NONE', #726, #139 ) ;
#1892 = ORIENTED_EDGE ( 'NONE', *, *, #913, .T. ) ;
#1893 = LINE ( 'NONE', #1731, #1375 ) ;
#1894 = PLANE ( 'NONE',  #1885 ) ;
#1895 = APPROVAL_ROLE ( '' ) ;
#1896 = ORIENTED_EDGE ( 'NONE', *, *, #622, .F. ) ;
#1897 = VECTOR ( 'NONE', #1849, 1000.000000000000000 ) ;
#1898 = ORIENTED_EDGE ( 'NONE', *, *, #213, .F. ) ;
#1899 = CALENDAR_DATE ( 2020, 16, 4 ) ;
#1900 = VECTOR ( 'NONE', #114, 1000.000000000000000 ) ;
#1901 = EDGE_CURVE ( 'NONE', #2262, #2375, #283, .T. ) ;
#1902 = LINE ( 'NONE', #382, #326 ) ;
#1903 = CC_DESIGN_PERSON_AND_ORGANIZATION_ASSIGNMENT ( #522, #198, ( #1737 ) ) ;
#1904 = EDGE_LOOP ( 'NONE', ( #2127, #1163, #910, #270 ) ) ;
#1905 = LINE ( 'NONE', #2003, #93 ) ;
#1906 = DIRECTION ( 'NONE',  ( -1.000000000000000000, -5.102127870520018100E-017, 0.0000000000000000000 ) ) ;
#1907 = CARTESIAN_POINT ( 'NONE',  ( 1.200000000000000200, -1.200000000000000600, 2.699999999999999700 ) ) ;
#1908 = CARTESIAN_POINT ( 'NONE',  ( 2.999999999999995600, 9.000000000000000000, 2.999999999999999600 ) ) ;
#1909 = CARTESIAN_POINT ( 'NONE',  ( 2.999999999999997300, 19.71715728752537800, -6.500000000000000900 ) ) ;
#1910 = DIRECTION ( 'NONE',  ( -0.0000000000000000000, -0.0000000000000000000, 1.000000000000000000 ) ) ;
#1911 = EDGE_CURVE ( 'NONE', #2318, #2085, #1350, .T. ) ;
#1912 = CARTESIAN_POINT ( 'NONE',  ( 0.2500000000000001700, 0.2499999999999984500, 8.500000000000000000 ) ) ;
#1913 = AXIS2_PLACEMENT_3D ( 'NONE', #1260, #1631, #2026 ) ;
#1914 = PLANE ( 'NONE',  #188 ) ;
#1915 = AXIS2_PLACEMENT_3D ( 'NONE', #1940, #2096, #216 ) ;
#1916 = ORIENTED_EDGE ( 'NONE', *, *, #134, .F. ) ;
#1917 = CIRCLE ( 'NONE', #1416, 3.000000000000000900 ) ;
#1918 = ORIENTED_EDGE ( 'NONE', *, *, #2296, .T. ) ;
#1919 = LINE ( 'NONE', #331, #2361 ) ;
#1920 = ORIENTED_EDGE ( 'NONE', *, *, #1036, .F. ) ;
#1921 = VERTEX_POINT ( 'NONE', #1137 ) ;
#1922 = FACE_OUTER_BOUND ( 'NONE', #450, .T. ) ;
#1923 = DIRECTION ( 'NONE',  ( -1.084202172485504400E-016, 1.000000000000000000, 0.0000000000000000000 ) ) ;
#1924 = VERTEX_POINT ( 'NONE', #1524 ) ;
#1925 = FACE_OUTER_BOUND ( 'NONE', #2448, .T. ) ;
#1926 = FACE_OUTER_BOUND ( 'NONE', #1344, .T. ) ;
#1927 = ORIENTED_EDGE ( 'NONE', *, *, #971, .T. ) ;
#1928 = LINE ( 'NONE', #959, #858 ) ;
#1929 = VERTEX_POINT ( 'NONE', #757 ) ;
#1930 = EDGE_CURVE ( 'NONE', #1324, #638, #2269, .T. ) ;
#1931 = ORIENTED_EDGE ( 'NONE', *, *, #811, .T. ) ;
#1932 = CARTESIAN_POINT ( 'NONE',  ( 16.80000000000000100, 1.000000000000000000, 6.000000000000000000 ) ) ;
#1933 = EDGE_CURVE ( 'NONE', #2218, #1943, #1893, .T. ) ;
#1934 = ORIENTED_EDGE ( 'NONE', *, *, #190, .F. ) ;
#1935 = PLANE ( 'NONE',  #241 ) ;
#1936 = ORIENTED_EDGE ( 'NONE', *, *, #609, .F. ) ;
#1937 = LINE ( 'NONE', #1777, #2024 ) ;
#1938 = DIRECTION ( 'NONE',  ( 0.0000000000000000000, -1.000000000000000000, 0.0000000000000000000 ) ) ;
#1939 = EDGE_CURVE ( 'NONE', #1360, #1357, #2450, .T. ) ;
#1940 = CARTESIAN_POINT ( 'NONE',  ( 11.49999999999999600, 20.00000000000000000, 3.000000000000000000 ) ) ;
#1941 = DIRECTION ( 'NONE',  ( -0.0000000000000000000, -0.0000000000000000000, -1.000000000000000000 ) ) ;
#1942 = VECTOR ( 'NONE', #922, 1000.000000000000000 ) ;
#1943 = VERTEX_POINT ( 'NONE', #2458 ) ;
#1944 = FACE_OUTER_BOUND ( 'NONE', #1264, .T. ) ;
#1945 = DIRECTION ( 'NONE',  ( -0.7071067811865475700, 0.7071067811865474600, 0.0000000000000000000 ) ) ;
#1946 = DIRECTION ( 'NONE',  ( -1.000000000000000000, -0.0000000000000000000, -0.0000000000000000000 ) ) ;
#1947 = ORIENTED_EDGE ( 'NONE', *, *, #1766, .T. ) ;
#1948 = VECTOR ( 'NONE', #2106, 1000.000000000000000 ) ;
#1949 = ORIENTED_EDGE ( 'NONE', *, *, #1518, .T. ) ;
#1950 =( BOUNDED_CURVE ( )  B_SPLINE_CURVE ( 3, ( #933, #1514, #2242, #336 ),
 .UNSPECIFIED., .F., .F. ) 
 B_SPLINE_CURVE_WITH_KNOTS ( ( 4, 4 ),
 ( 3.141592653589793100, 4.712388980384702100 ),
 .UNSPECIFIED. ) 
 CURVE ( )  GEOMETRIC_REPRESENTATION_ITEM ( )  RATIONAL_B_SPLINE_CURVE ( ( 1.000000000000000000, 0.8047378541243619400, 0.8047378541243619400, 1.000000000000000000 ) ) 
 REPRESENTATION_ITEM ( '' )  );
#1951 = CARTESIAN_POINT ( 'NONE',  ( 18.19999999999999900, -1.200000000000000200, -2.699999999999999300 ) ) ;
#1952 = ORIENTED_EDGE ( 'NONE', *, *, #1573, .F. ) ;
#1953 = VECTOR ( 'NONE', #615, 1000.000000000000000 ) ;
#1954 = ORIENTED_EDGE ( 'NONE', *, *, #1079, .F. ) ;
#1955 = EDGE_CURVE ( 'NONE', #1385, #2406, #169, .T. ) ;
#1956 = VERTEX_POINT ( 'NONE', #2093 ) ;
#1957 = DIRECTION ( 'NONE',  ( 0.0000000000000000000, 0.0000000000000000000, 1.000000000000000000 ) ) ;
#1958 = AXIS2_PLACEMENT_3D ( 'NONE', #1798, #1787, #442 ) ;
#1959 = EDGE_CURVE ( 'NONE', #488, #523, #731, .T. ) ;
#1960 = ADVANCED_FACE ( 'NONE', ( #1165 ), #664, .F. ) ;
#1961 = CARTESIAN_POINT ( 'NONE',  ( 17.59999999999999800, -1.200000000000000200, 2.899999999999999900 ) ) ;
#1962 = PLANE ( 'NONE',  #1808 ) ;
#1963 = DIRECTION ( 'NONE',  ( 0.0000000000000000000, 0.0000000000000000000, -1.000000000000000000 ) ) ;
#1964 = DIRECTION ( 'NONE',  ( 0.0000000000000000000, 0.0000000000000000000, 1.000000000000000000 ) ) ;
#1965 = CARTESIAN_POINT ( 'NONE',  ( -1.000000000000000400, 2.000000000000000000, -2.899999999999999900 ) ) ;
#1966 = DIRECTION ( 'NONE',  ( -4.336808689942010300E-016, 1.000000000000000000, 0.0000000000000000000 ) ) ;
#1967 = ADVANCED_FACE ( 'NONE', ( #504 ), #808, .F. ) ;
#1968 = EDGE_CURVE ( 'NONE', #1729, #735, #590, .T. ) ;
#1969 = CARTESIAN_POINT ( 'NONE',  ( 0.0000000000000000000, 0.0000000000000000000, 6.000000000000000000 ) ) ;
#1970 = CARTESIAN_POINT ( 'NONE',  ( -1.000000000000000400, 17.39999999999999900, 2.899999999999999900 ) ) ;
#1971 = ORIENTED_EDGE ( 'NONE', *, *, #743, .T. ) ;
#1972 = DIRECTION ( 'NONE',  ( 0.7071067811865474600, 0.7071067811865475700, -0.0000000000000000000 ) ) ;
#1973 = LINE ( 'NONE', #829, #1618 ) ;
#1974 = CC_DESIGN_PERSON_AND_ORGANIZATION_ASSIGNMENT ( #119, #1535, ( #1854 ) ) ;
#1975 = PLANE ( 'NONE',  #525 ) ;
#1976 = VERTEX_POINT ( 'NONE', #1195 ) ;
#1977 = FACE_OUTER_BOUND ( 'NONE', #378, .T. ) ;
#1978 = ORIENTED_EDGE ( 'NONE', *, *, #1377, .T. ) ;
#1979 = VECTOR ( 'NONE', #420, 1000.000000000000000 ) ;
#1980 = ORIENTED_EDGE ( 'NONE', *, *, #1484, .F. ) ;
#1981 = ORGANIZATION ( 'UNSPECIFIED', 'UNSPECIFIED', '' ) ;
#1982 = EDGE_LOOP ( 'NONE', ( #470, #2397, #1098, #854 ) ) ;
#1983 = VECTOR ( 'NONE', #1313, 1000.000000000000000 ) ;
#1984 = CARTESIAN_POINT ( 'NONE',  ( -2.602085213965210600E-015, 20.00000000000000000, 8.300000000000000700 ) ) ;
#1985 = LINE ( 'NONE', #566, #1276 ) ;
#1986 = PLANE ( 'NONE',  #1646 ) ;
#1987 = ADVANCED_FACE ( 'NONE', ( #559 ), #1935, .F. ) ;
#1988 = CARTESIAN_POINT ( 'NONE',  ( 1.082842712474619400, -1.200000000000000400, 2.817157287525380300 ) ) ;
#1989 = DIRECTION ( 'NONE',  ( 0.0000000000000000000, 0.0000000000000000000, 1.000000000000000000 ) ) ;
#1990 = ORIENTED_EDGE ( 'NONE', *, *, #388, .T. ) ;
#1991 = EDGE_CURVE ( 'NONE', #1425, #2218, #1580, .T. ) ;
#1992 = ORIENTED_EDGE ( 'NONE', *, *, #391, .F. ) ;
#1993 = VECTOR ( 'NONE', #89, 1000.000000000000000 ) ;
#1994 = CARTESIAN_POINT ( 'NONE',  ( 18.39999999999999900, 1.000000000000000000, -2.899999999999999900 ) ) ;
#1995 = AXIS2_PLACEMENT_3D ( 'NONE', #1789, #1422, #1964 ) ;
#1996 = DIRECTION ( 'NONE',  ( 0.0000000000000000000, -0.0000000000000000000, -1.000000000000000000 ) ) ;
#1997 = CARTESIAN_POINT ( 'NONE',  ( -2.185751579730776900E-015, 16.80000000000000100, 6.000000000000000000 ) ) ;
#1998 = DIRECTION ( 'NONE',  ( -0.7071067811865477900, 0.7071067811865473500, 0.0000000000000000000 ) ) ;
#1999 = ADVANCED_FACE ( 'NONE', ( #1246 ), #1962, .T. ) ;
#2000 = DIRECTION ( 'NONE',  ( 1.000000000000000000, -1.156482317317871300E-015, 0.0000000000000000000 ) ) ;
#2001 = DIRECTION ( 'NONE',  ( 1.000000000000000000, -0.0000000000000000000, -0.0000000000000000000 ) ) ;
#2002 = CARTESIAN_POINT ( 'NONE',  ( 0.4999999999999968900, 0.0000000000000000000, 8.500000000000000000 ) ) ;
#2003 = CARTESIAN_POINT ( 'NONE',  ( 2.000000000000000000, -1.200000000000000600, -2.699999999999999300 ) ) ;
#2004 = DIRECTION ( 'NONE',  ( 0.0000000000000000000, 0.0000000000000000000, -1.000000000000000000 ) ) ;
#2005 = VECTOR ( 'NONE', #692, 1000.000000000000000 ) ;
#2006 = AXIS2_PLACEMENT_3D ( 'NONE', #1135, #1540, #570 ) ;
#2007 = AXIS2_PLACEMENT_3D ( 'NONE', #57, #2343, #632 ) ;
#2008 = CARTESIAN_POINT ( 'NONE',  ( -1.200000000000000200, 1.199999999999998800, 2.899999999999999900 ) ) ;
#2009 = DIRECTION ( 'NONE',  ( 0.0000000000000000000, 0.0000000000000000000, -1.000000000000000000 ) ) ;
#2010 = FACE_OUTER_BOUND ( 'NONE', #1622, .T. ) ;
#2011 = ORIENTED_EDGE ( 'NONE', *, *, #900, .T. ) ;
#2012 = LINE ( 'NONE', #104, #1354 ) ;
#2013 = DIRECTION ( 'NONE',  ( -1.000000000000000000, 0.0000000000000000000, 0.0000000000000000000 ) ) ;
#2014 = ADVANCED_FACE ( 'NONE', ( #2 ), #2124, .F. ) ;
#2015 = CARTESIAN_POINT ( 'NONE',  ( 0.0000000000000000000, 9.000000000000000000, -2.999999999999999600 ) ) ;
#2016 = VECTOR ( 'NONE', #351, 1000.000000000000000 ) ;
#2017 = ORIENTED_EDGE ( 'NONE', *, *, #1069, .F. ) ;
#2018 = PERSON_AND_ORGANIZATION ( #253, #1981 ) ;
#2019 = DIRECTION ( 'NONE',  ( 0.0000000000000000000, 0.0000000000000000000, -1.000000000000000000 ) ) ;
#2020 = EDGE_LOOP ( 'NONE', ( #991, #210, #1758, #1536 ) ) ;
#2021 = ORIENTED_EDGE ( 'NONE', *, *, #1883, .F. ) ;
#2022 = DIRECTION ( 'NONE',  ( 1.000000000000000000, 0.0000000000000000000, 0.0000000000000000000 ) ) ;
#2023 = ORIENTED_EDGE ( 'NONE', *, *, #2150, .F. ) ;
#2024 = VECTOR ( 'NONE', #2344, 1000.000000000000000 ) ;
#2025 = EDGE_CURVE ( 'NONE', #1584, #1956, #2319, .T. ) ;
#2026 = DIRECTION ( 'NONE',  ( -0.7071067811865474600, -0.7071067811865474600, 0.0000000000000000000 ) ) ;
#2027 = PLANE ( 'NONE',  #2315 ) ;
#2028 = CC_DESIGN_SECURITY_CLASSIFICATION ( #1854, ( #530 ) ) ;
#2029 = EDGE_CURVE ( 'NONE', #2313, #546, #2081, .T. ) ;
#2030 = DIRECTION ( 'NONE',  ( 1.000000000000000000, -1.156482317317871300E-015, 0.0000000000000000000 ) ) ;
#2031 = CARTESIAN_POINT ( 'NONE',  ( 11.49999999999999600, 2.999999999999999100, 3.000000000000000000 ) ) ;
#2032 = DIRECTION ( 'NONE',  ( -0.0000000000000000000, -0.0000000000000000000, 1.000000000000000000 ) ) ;
#2033 = CARTESIAN_POINT ( 'NONE',  ( 1.000000000000000200, 1.000000000000000000, -6.000000000000000000 ) ) ;
#2034 = CARTESIAN_POINT ( 'NONE',  ( -1.200000000000000600, 18.19999999999999900, 2.699999999999999700 ) ) ;
#2035 = ADVANCED_BREP_SHAPE_REPRESENTATION ( 'LBSB6-2020_203', ( #1770, #962 ), #1369 ) ;
#2036 = CARTESIAN_POINT ( 'NONE',  ( 3.299999999999997200, 2.999999999999999100, -6.500000000000000900 ) ) ;
#2037 = DIRECTION ( 'NONE',  ( 0.0000000000000000000, 1.734723475976806800E-016, 1.000000000000000000 ) ) ;
#2038 = ORIENTED_EDGE ( 'NONE', *, *, #61, .T. ) ;
#2039 = EDGE_CURVE ( 'NONE', #546, #373, #471, .T. ) ;
#2040 = FACE_OUTER_BOUND ( 'NONE', #1191, .T. ) ;
#2041 = ORIENTED_EDGE ( 'NONE', *, *, #1396, .F. ) ;
#2042 = CYLINDRICAL_SURFACE ( 'NONE', #2297, 0.1999999999999987900 ) ;
#2043 = CARTESIAN_POINT ( 'NONE',  ( -1.200000000000000600, 18.19999999999999900, -2.699999999999999300 ) ) ;
#2044 = ORIENTED_EDGE ( 'NONE', *, *, #2340, .F. ) ;
#2045 = FACE_OUTER_BOUND ( 'NONE', #1538, .T. ) ;
#2046 = ORIENTED_EDGE ( 'NONE', *, *, #162, .T. ) ;
#2047 = DATE_AND_TIME ( #1899, #1593 ) ;
#2048 = CARTESIAN_POINT ( 'NONE',  ( 1.000000000000000000, 3.000000000000000000, -6.000000000000000000 ) ) ;
#2049 = VECTOR ( 'NONE', #362, 1000.000000000000100 ) ;
#2050 = ORIENTED_EDGE ( 'NONE', *, *, #1077, .T. ) ;
#2051 = CARTESIAN_POINT ( 'NONE',  ( 16.80000000000000100, 1.000000000000000000, -6.000000000000000000 ) ) ;
#2052 = AXIS2_PLACEMENT_3D ( 'NONE', #1969, #653, #1389 ) ;
#2053 = VECTOR ( 'NONE', #163, 1000.000000000000000 ) ;
#2054 = DIRECTION ( 'NONE',  ( 1.000000000000000000, 0.0000000000000000000, -0.0000000000000000000 ) ) ;
#2055 = ORIENTED_EDGE ( 'NONE', *, *, #2439, .F. ) ;
#2056 = VERTEX_POINT ( 'NONE', #805 ) ;
#2057 = ADVANCED_FACE ( 'NONE', ( #2271 ), #650, .T. ) ;
#2058 = EDGE_LOOP ( 'NONE', ( #466, #1081, #767, #949 ) ) ;
#2059 = VECTOR ( 'NONE', #821, 1000.000000000000000 ) ;
#2060 = CARTESIAN_POINT ( 'NONE',  ( 20.00000000000000000, 3.000000000000000000, 6.582842712474619200 ) ) ;
#2061 = EDGE_CURVE ( 'NONE', #1212, #396, #1937, .T. ) ;
#2062 = CARTESIAN_POINT ( 'NONE',  ( -1.200000000000000600, 18.39999999999999900, 2.699999999999999700 ) ) ;
#2063 = AXIS2_PLACEMENT_3D ( 'NONE', #49, #812, #2356 ) ;
#2064 = EDGE_CURVE ( 'NONE', #2114, #1363, #1519, .T. ) ;
#2065 = DIRECTION ( 'NONE',  ( 1.301042606982605300E-016, -1.000000000000000000, 0.0000000000000000000 ) ) ;
#2066 = CARTESIAN_POINT ( 'NONE',  ( 16.80000000000000100, 0.0000000000000000000, -6.000000000000000000 ) ) ;
#2067 = CARTESIAN_POINT ( 'NONE',  ( -1.200000000000000600, 18.39999999999999900, 2.899999999999999900 ) ) ;
#2068 = CARTESIAN_POINT ( 'NONE',  ( -6.505213034913041400E-017, 0.5000000000000004400, 8.500000000000000000 ) ) ;
#2069 = DIRECTION ( 'NONE',  ( -0.0000000000000000000, 0.0000000000000000000, 1.000000000000000000 ) ) ;
#2070 = LINE ( 'NONE', #250, #1442 ) ;
#2071 = DIRECTION ( 'NONE',  ( -0.0000000000000000000, -0.0000000000000000000, -1.000000000000000000 ) ) ;
#2072 = VECTOR ( 'NONE', #1213, 1000.000000000000000 ) ;
#2073 = ORIENTED_EDGE ( 'NONE', *, *, #1464, .F. ) ;
#2074 = VECTOR ( 'NONE', #1446, 1000.000000000000000 ) ;
#2075 = EDGE_CURVE ( 'NONE', #370, #1212, #2117, .T. ) ;
#2076 = ORIENTED_EDGE ( 'NONE', *, *, #662, .T. ) ;
#2077 = VECTOR ( 'NONE', #670, 1000.000000000000000 ) ;
#2078 = CARTESIAN_POINT ( 'NONE',  ( 11.49999999999999600, 0.0000000000000000000, 3.000000000000000000 ) ) ;
#2079 = VECTOR ( 'NONE', #1430, 1000.000000000000000 ) ;
#2080 = AXIS2_PLACEMENT_3D ( 'NONE', #1258, #1114, #2241 ) ;
#2081 =( BOUNDED_CURVE ( )  B_SPLINE_CURVE ( 3, ( #416, #1011, #1003, #247 ),
 .UNSPECIFIED., .F., .F. ) 
 B_SPLINE_CURVE_WITH_KNOTS ( ( 4, 4 ),
 ( 1.570796326794896600, 3.141592653589793100 ),
 .UNSPECIFIED. ) 
 CURVE ( )  GEOMETRIC_REPRESENTATION_ITEM ( )  RATIONAL_B_SPLINE_CURVE ( ( 1.000000000000000000, 0.8047378541243649400, 0.8047378541243649400, 1.000000000000000000 ) ) 
 REPRESENTATION_ITEM ( '' )  );
#2082 = CARTESIAN_POINT ( 'NONE',  ( 0.0000000000000000000, 0.0000000000000000000, 0.0000000000000000000 ) ) ;
#2083 = VECTOR ( 'NONE', #1880, 999.9999999999998900 ) ;
#2084 = CARTESIAN_POINT ( 'NONE',  ( 19.80000000000000100, -2.289834988289385700E-014, 8.300000000000000700 ) ) ;
#2085 = VERTEX_POINT ( 'NONE', #1162 ) ;
#2086 = VECTOR ( 'NONE', #98, 1000.000000000000000 ) ;
#2087 = VERTEX_POINT ( 'NONE', #37 ) ;
#2088 = DIRECTION ( 'NONE',  ( 0.0000000000000000000, -1.000000000000000000, 0.0000000000000000000 ) ) ;
#2089 = EDGE_CURVE ( 'NONE', #2056, #2218, #980, .T. ) ;
#2090 = DIRECTION ( 'NONE',  ( 0.0000000000000000000, 0.0000000000000000000, -1.000000000000000000 ) ) ;
#2091 = AXIS2_PLACEMENT_3D ( 'NONE', #1206, #1014, #2163 ) ;
#2092 = EDGE_CURVE ( 'NONE', #2460, #2158, #685, .T. ) ;
#2093 = CARTESIAN_POINT ( 'NONE',  ( 3.299999999999992300, 3.000000000000000900, 6.500000000000000900 ) ) ;
#2094 = CARTESIAN_POINT ( 'NONE',  ( -1.000000000000000400, 17.39999999999999900, -2.899999999999999900 ) ) ;
#2095 = ORIENTED_EDGE ( 'NONE', *, *, #1417, .F. ) ;
#2096 = DIRECTION ( 'NONE',  ( -0.0000000000000000000, 0.0000000000000000000, -1.000000000000000000 ) ) ;
#2097 = DIRECTION ( 'NONE',  ( 0.0000000000000000000, 1.000000000000000000, 0.0000000000000000000 ) ) ;
#2098 = ORIENTED_EDGE ( 'NONE', *, *, #363, .F. ) ;
#2099 = VECTOR ( 'NONE', #2009, 1000.000000000000000 ) ;
#2100 = ORIENTED_EDGE ( 'NONE', *, *, #865, .F. ) ;
#2101 = VECTOR ( 'NONE', #567, 1000.000000000000000 ) ;
#2102 = ORIENTED_EDGE ( 'NONE', *, *, #1710, .F. ) ;
#2103 = LINE ( 'NONE', #1394, #110 ) ;
#2104 = VERTEX_POINT ( 'NONE', #1057 ) ;
#2105 = LINE ( 'NONE', #937, #2136 ) ;
#2106 = DIRECTION ( 'NONE',  ( -0.0000000000000000000, -0.0000000000000000000, 1.000000000000000000 ) ) ;
#2107 = ORIENTED_EDGE ( 'NONE', *, *, #841, .T. ) ;
#2108 = CYLINDRICAL_SURFACE ( 'NONE', #1632, 0.2000000000000000900 ) ;
#2109 = EDGE_CURVE ( 'NONE', #1869, #531, #78, .T. ) ;
#2110 = ORIENTED_EDGE ( 'NONE', *, *, #79, .T. ) ;
#2111 = DIRECTION ( 'NONE',  ( -0.7071067811865473500, -0.7071067811865477900, 0.0000000000000000000 ) ) ;
#2112 = CARTESIAN_POINT ( 'NONE',  ( -1.117157287525381500, 17.39999999999999900, 2.899999999999999500 ) ) ;
#2113 = EDGE_LOOP ( 'NONE', ( #2455, #1533, #915, #2038 ) ) ;
#2114 = VERTEX_POINT ( 'NONE', #2385 ) ;
#2115 = ORIENTED_EDGE ( 'NONE', *, *, #239, .T. ) ;
#2116 = ORIENTED_EDGE ( 'NONE', *, *, #1484, .T. ) ;
#2117 = LINE ( 'NONE', #616, #55 ) ;
#2118 = CARTESIAN_POINT ( 'NONE',  ( 1.000000000000000000, -1.000000000000000400, 2.899999999999999900 ) ) ;
#2119 = CARTESIAN_POINT ( 'NONE',  ( 0.0000000000000000000, 11.50000000000000000, 3.000000000000000000 ) ) ;
#2120 = EDGE_CURVE ( 'NONE', #966, #1718, #1004, .T. ) ;
#2121 = CARTESIAN_POINT ( 'NONE',  ( 20.00000000000000400, 3.000000000000000000, -6.500000000000000900 ) ) ;
#2122 = AXIS2_PLACEMENT_3D ( 'NONE', #2067, #1108, #2440 ) ;
#2123 = CARTESIAN_POINT ( 'NONE',  ( 1.917157287525381100, -1.200000000000000400, 2.817157287525379900 ) ) ;
#2124 = PLANE ( 'NONE',  #479 ) ;
#2125 = PRODUCT_DEFINITION_SHAPE ( 'NONE', 'NONE',  #2181 ) ;
#2126 = CARTESIAN_POINT ( 'NONE',  ( 16.80000000000000100, 1.000000000000000000, -6.000000000000000000 ) ) ;
#2127 = ORIENTED_EDGE ( 'NONE', *, *, #2335, .F. ) ;
#2128 = FACE_OUTER_BOUND ( 'NONE', #2058, .T. ) ;
#2129 = VECTOR ( 'NONE', #2353, 1000.000000000000000 ) ;
#2130 = ORIENTED_EDGE ( 'NONE', *, *, #1968, .T. ) ;
#2131 = DIRECTION ( 'NONE',  ( 1.000000000000000000, 0.0000000000000000000, 0.0000000000000000000 ) ) ;
#2132 = CYLINDRICAL_SURFACE ( 'NONE', #1773, 0.2000000000000000900 ) ;
#2133 = EDGE_LOOP ( 'NONE', ( #201, #1062, #2017, #954, #825, #44 ) ) ;
#2134 = FACE_OUTER_BOUND ( 'NONE', #1904, .T. ) ;
#2135 = EDGE_LOOP ( 'NONE', ( #802, #1508, #2228, #230, #1651, #512, #1745 ) ) ;
#2136 = VECTOR ( 'NONE', #1906, 1000.000000000000000 ) ;
#2137 = EDGE_CURVE ( 'NONE', #2407, #1562, #1704, .T. ) ;
#2138 = LINE ( 'NONE', #1529, #376 ) ;
#2139 = PLANE ( 'NONE',  #1015 ) ;
#2140 = AXIS2_PLACEMENT_3D ( 'NONE', #1054, #1437, #1824 ) ;
#2141 = ORIENTED_EDGE ( 'NONE', *, *, #1662, .T. ) ;
#2142 = EDGE_LOOP ( 'NONE', ( #410, #1153, #1571, #1068 ) ) ;
#2143 = CARTESIAN_POINT ( 'NONE',  ( 3.000000000000000000, -1.288370487864006100E-016, -6.000000000000000000 ) ) ;
#2144 = CARTESIAN_POINT ( 'NONE',  ( 0.0000000000000000000, 0.0000000000000000000, -6.000000000000000000 ) ) ;
#2145 = ORIENTED_EDGE ( 'NONE', *, *, #1099, .T. ) ;
#2146 = ORIENTED_EDGE ( 'NONE', *, *, #948, .T. ) ;
#2147 = LINE ( 'NONE', #1067, #612 ) ;
#2148 = DIRECTION ( 'NONE',  ( 0.0000000000000000000, 0.0000000000000000000, 1.000000000000000000 ) ) ;
#2149 = DIRECTION ( 'NONE',  ( 1.000000000000000000, -1.156482317317871300E-015, -0.0000000000000000000 ) ) ;
#2150 = EDGE_CURVE ( 'NONE', #864, #2313, #1905, .T. ) ;
#2151 = PLANE ( 'NONE',  #165 ) ;
#2152 = ADVANCED_FACE ( 'NONE', ( #1548 ), #1810, .F. ) ;
#2153 = EDGE_CURVE ( 'NONE', #1775, #2317, #185, .T. ) ;
#2154 = DIRECTION ( 'NONE',  ( -1.000000000000000000, 0.0000000000000000000, 0.0000000000000000000 ) ) ;
#2155 = CC_DESIGN_PERSON_AND_ORGANIZATION_ASSIGNMENT ( #2018, #548, ( #2181 ) ) ;
#2156 = CARTESIAN_POINT ( 'NONE',  ( 17.39999999999999900, -1.000000000000000000, 2.899999999999999900 ) ) ;
#2157 = CARTESIAN_POINT ( 'NONE',  ( 0.0000000000000000000, 0.0000000000000000000, 6.000000000000000000 ) ) ;
#2158 = VERTEX_POINT ( 'NONE', #298 ) ;
#2159 = VECTOR ( 'NONE', #377, 1000.000000000000000 ) ;
#2160 = ORIENTED_EDGE ( 'NONE', *, *, #1851, .T. ) ;
#2161 = VECTOR ( 'NONE', #936, 1000.000000000000000 ) ;
#2162 = CARTESIAN_POINT ( 'NONE',  ( 1.000000000000000000, 3.000000000000000000, 6.000000000000000000 ) ) ;
#2163 = DIRECTION ( 'NONE',  ( -1.000000000000000000, 0.0000000000000000000, 0.0000000000000000000 ) ) ;
#2164 = ORIENTED_EDGE ( 'NONE', *, *, #786, .F. ) ;
#2165 = LINE ( 'NONE', #681, #2079 ) ;
#2166 = CARTESIAN_POINT ( 'NONE',  ( 1.000000000000000000, 3.000000000000000000, -6.000000000000000000 ) ) ;
#2167 = ADVANCED_FACE ( 'NONE', ( #2437 ), #2350, .T. ) ;
#2168 = DIRECTION ( 'NONE',  ( -5.102127870520018100E-017, 1.000000000000000000, -0.0000000000000000000 ) ) ;
#2169 = CARTESIAN_POINT ( 'NONE',  ( 16.80000000000000100, 0.0000000000000000000, -6.000000000000000000 ) ) ;
#2170 = EDGE_LOOP ( 'NONE', ( #330, #2230, #1427, #2044 ) ) ;
#2171 = VECTOR ( 'NONE', #499, 1000.000000000000000 ) ;
#2172 = EDGE_LOOP ( 'NONE', ( #140, #1878, #968, #583 ) ) ;
#2173 = EDGE_CURVE ( 'NONE', #970, #1839, #1044, .T. ) ;
#2174 = CARTESIAN_POINT ( 'NONE',  ( 9.000000000000000000, 2.999999999999999600, 3.000000000000000000 ) ) ;
#2175 = VERTEX_POINT ( 'NONE', #261 ) ;
#2176 = CARTESIAN_POINT ( 'NONE',  ( 0.0000000000000000000, 0.0000000000000000000, 6.000000000000000000 ) ) ;
#2177 = EDGE_CURVE ( 'NONE', #529, #401, #929, .T. ) ;
#2178 = ORIENTED_EDGE ( 'NONE', *, *, #1107, .F. ) ;
#2179 = CARTESIAN_POINT ( 'NONE',  ( 16.80000000000000100, 1.000000000000000000, -6.000000000000000000 ) ) ;
#2180 = CARTESIAN_POINT ( 'NONE',  ( 17.48284271247461400, -1.200000000000000000, -2.817157287525379900 ) ) ;
#2181 = PRODUCT_DEFINITION ( 'UNKNOWN', '', #530, #12 ) ;
#2182 = CARTESIAN_POINT ( 'NONE',  ( -2.602085213965210600E-015, 19.80000000000000100, -8.300000000000002500 ) ) ;
#2183 = PLANE ( 'NONE',  #1039 ) ;
#2184 = DIRECTION ( 'NONE',  ( 0.0000000000000000000, -1.000000000000000000, 0.0000000000000000000 ) ) ;
#2185 = PLANE ( 'NONE',  #1132 ) ;
#2186 = DIRECTION ( 'NONE',  ( 0.0000000000000000000, 1.000000000000000000, 0.0000000000000000000 ) ) ;
#2187 = FACE_OUTER_BOUND ( 'NONE', #1406, .T. ) ;
#2188 = ADVANCED_FACE ( 'NONE', ( #1459 ), #276, .F. ) ;
#2189 = DIRECTION ( 'NONE',  ( 0.0000000000000000000, 0.0000000000000000000, -1.000000000000000000 ) ) ;
#2190 = CARTESIAN_POINT ( 'NONE',  ( 2.999999999999996400, 19.88284271247461600, -6.500000000000001800 ) ) ;
#2191 = LINE ( 'NONE', #455, #2231 ) ;
#2192 = VERTEX_POINT ( 'NONE', #463 ) ;
#2193 = LINE ( 'NONE', #63, #1689 ) ;
#2194 = ORIENTED_EDGE ( 'NONE', *, *, #258, .F. ) ;
#2195 = CIRCLE ( 'NONE', #33, 0.2000000000000005100 ) ;
#2196 = EDGE_LOOP ( 'NONE', ( #368, #2268, #459, #26 ) ) ;
#2197 = VERTEX_POINT ( 'NONE', #2169 ) ;
#2198 = FACE_OUTER_BOUND ( 'NONE', #2133, .T. ) ;
#2199 = EDGE_LOOP ( 'NONE', ( #928, #1531, #848, #775 ) ) ;
#2200 = CARTESIAN_POINT ( 'NONE',  ( 1.000000000000000000, 19.00000000000000400, -6.000000000000000000 ) ) ;
#2201 = FACE_OUTER_BOUND ( 'NONE', #542, .T. ) ;
#2202 = DIRECTION ( 'NONE',  ( -0.0000000000000000000, -0.0000000000000000000, 1.000000000000000000 ) ) ;
#2203 = CARTESIAN_POINT ( 'NONE',  ( 2.999999999999996400, 19.99999999999999600, -6.582842712474619200 ) ) ;
#2204 = ORIENTED_EDGE ( 'NONE', *, *, #2217, .F. ) ;
#2205 = ORIENTED_EDGE ( 'NONE', *, *, #31, .F. ) ;
#2206 = EDGE_CURVE ( 'NONE', #640, #1212, #1572, .T. ) ;
#2207 = ORIENTED_EDGE ( 'NONE', *, *, #474, .T. ) ;
#2208 = FACE_OUTER_BOUND ( 'NONE', #2199, .T. ) ;
#2209 = ADVANCED_FACE ( 'NONE', ( #358 ), #840, .F. ) ;
#2210 = CARTESIAN_POINT ( 'NONE',  ( 1.000000000000000200, 1.000000000000000000, 2.899999999999999900 ) ) ;
#2211 = AXIS2_PLACEMENT_3D ( 'NONE', #1159, #1530, #393 ) ;
#2212 = PLANE ( 'NONE',  #2310 ) ;
#2213 = PLANE ( 'NONE',  #1247 ) ;
#2214 = DIRECTION ( 'NONE',  ( 1.000000000000000000, 5.102127870520018100E-017, 0.0000000000000000000 ) ) ;
#2215 = ADVANCED_FACE ( 'NONE', ( #2378 ), #534, .T. ) ;
#2216 = PLANE ( 'NONE',  #227 ) ;
#2217 = EDGE_CURVE ( 'NONE', #735, #2158, #2147, .T. ) ;
#2218 = VERTEX_POINT ( 'NONE', #699 ) ;
#2219 = AXIS2_PLACEMENT_3D ( 'NONE', #2176, #278, #84 ) ;
#2220 = EDGE_CURVE ( 'NONE', #2301, #1194, #1252, .T. ) ;
#2221 = CARTESIAN_POINT ( 'NONE',  ( 2.917157287525380400, 19.79999999999999700, 8.500000000000000000 ) ) ;
#2222 = ORIENTED_EDGE ( 'NONE', *, *, #2220, .T. ) ;
#2223 = VECTOR ( 'NONE', #1828, 1000.000000000000000 ) ;
#2224 = CARTESIAN_POINT ( 'NONE',  ( 2.999999999999997300, 3.300000000000004300, 8.500000000000000000 ) ) ;
#2225 = DIRECTION ( 'NONE',  ( 0.0000000000000000000, -0.0000000000000000000, 1.000000000000000000 ) ) ;
#2226 = ORIENTED_EDGE ( 'NONE', *, *, #2092, .F. ) ;
#2227 = LINE ( 'NONE', #953, #1230 ) ;
#2228 = ORIENTED_EDGE ( 'NONE', *, *, #213, .T. ) ;
#2229 = LINE ( 'NONE', #1134, #48 ) ;
#2230 = ORIENTED_EDGE ( 'NONE', *, *, #1040, .F. ) ;
#2231 = VECTOR ( 'NONE', #1027, 1000.000000000000000 ) ;
#2232 = ADVANCED_FACE ( 'NONE', ( #955 ), #2213, .F. ) ;
#2233 = ORIENTED_EDGE ( 'NONE', *, *, #1157, .T. ) ;
#2234 = ORIENTED_EDGE ( 'NONE', *, *, #1452, .F. ) ;
#2235 = CARTESIAN_POINT ( 'NONE',  ( 19.80000000000000400, 2.917157287525379500, -8.500000000000000000 ) ) ;
#2236 = EDGE_LOOP ( 'NONE', ( #895, #1814, #1592, #979 ) ) ;
#2237 = ORIENTED_EDGE ( 'NONE', *, *, #1016, .F. ) ;
#2238 = DIRECTION ( 'NONE',  ( 0.0000000000000000000, 0.0000000000000000000, -1.000000000000000000 ) ) ;
#2239 = EDGE_LOOP ( 'NONE', ( #737, #2377, #1667, #1794, #225, #2050 ) ) ;
#2240 = EDGE_CURVE ( 'NONE', #1672, #978, #439, .T. ) ;
#2241 = DIRECTION ( 'NONE',  ( 0.0000000000000000000, 0.0000000000000000000, -1.000000000000000000 ) ) ;
#2242 = CARTESIAN_POINT ( 'NONE',  ( 2.999999999999995100, 19.88284271247462300, 6.499999999999998200 ) ) ;
#2243 = ADVANCED_FACE ( 'NONE', ( #1181 ), #2027, .F. ) ;
#2244 = DIRECTION ( 'NONE',  ( 0.0000000000000000000, 0.0000000000000000000, 1.000000000000000000 ) ) ;
#2245 = CARTESIAN_POINT ( 'NONE',  ( -1.000000000000000000, 0.9999999999999986700, 2.899999999999999900 ) ) ;
#2246 = CARTESIAN_POINT ( 'NONE',  ( -1.200000000000000600, 2.000000000000000000, 2.899999999999999900 ) ) ;
#2247 = ORIENTED_EDGE ( 'NONE', *, *, #648, .T. ) ;
#2248 = CARTESIAN_POINT ( 'NONE',  ( -2.576064361825557700E-015, 19.80000000000000100, 8.300000000000000700 ) ) ;
#2249 = EDGE_CURVE ( 'NONE', #1418, #348, #1364, .T. ) ;
#2250 = EDGE_LOOP ( 'NONE', ( #533, #152, #2368, #1931 ) ) ;
#2251 = VECTOR ( 'NONE', #129, 1000.000000000000000 ) ;
#2252 = FACE_OUTER_BOUND ( 'NONE', #299, .T. ) ;
#2253 = DIRECTION ( 'NONE',  ( 0.0000000000000000000, 0.0000000000000000000, -1.000000000000000000 ) ) ;
#2254 = DIRECTION ( 'NONE',  ( 0.0000000000000000000, 0.0000000000000000000, 1.000000000000000000 ) ) ;
#2255 = ADVANCED_FACE ( 'NONE', ( #2208 ), #2216, .F. ) ;
#2256 = VERTEX_POINT ( 'NONE', #507 ) ;
#2257 = FACE_OUTER_BOUND ( 'NONE', #1982, .T. ) ;
#2258 = AXIS2_PLACEMENT_3D ( 'NONE', #838, #1972, #1050 ) ;
#2259 = ORIENTED_EDGE ( 'NONE', *, *, #1077, .F. ) ;
#2260 = LINE ( 'NONE', #1793, #1060 ) ;
#2261 = CARTESIAN_POINT ( 'NONE',  ( -1.000000000000000400, 2.000000000000000000, 2.899999999999999900 ) ) ;
#2262 = VERTEX_POINT ( 'NONE', #115 ) ;
#2263 = FACE_OUTER_BOUND ( 'NONE', #167, .T. ) ;
#2264 = ORIENTED_EDGE ( 'NONE', *, *, #1012, .F. ) ;
#2265 = CARTESIAN_POINT ( 'NONE',  ( -2.576064361825558500E-015, 19.80000000000000100, -8.500000000000000000 ) ) ;
#2266 = VERTEX_POINT ( 'NONE', #2034 ) ;
#2267 = LINE ( 'NONE', #2367, #347 ) ;
#2268 = ORIENTED_EDGE ( 'NONE', *, *, #1643, .F. ) ;
#2269 =( BOUNDED_CURVE ( )  B_SPLINE_CURVE ( 3, ( #2298, #2112, #774, #2300 ),
 .UNSPECIFIED., .F., .F. ) 
 B_SPLINE_CURVE_WITH_KNOTS ( ( 4, 4 ),
 ( 3.141592653589793100, 4.712388980384689700 ),
 .UNSPECIFIED. ) 
 CURVE ( )  GEOMETRIC_REPRESENTATION_ITEM ( )  RATIONAL_B_SPLINE_CURVE ( ( 1.000000000000000000, 0.8047378541243649400, 0.8047378541243649400, 1.000000000000000000 ) ) 
 REPRESENTATION_ITEM ( '' )  );
#2270 = ORIENTED_EDGE ( 'NONE', *, *, #1551, .T. ) ;
#2271 = FACE_OUTER_BOUND ( 'NONE', #438, .T. ) ;
#2272 = APPROVAL_STATUS ( 'not_yet_approved' ) ;
#2273 = EDGE_CURVE ( 'NONE', #789, #231, #124, .T. ) ;
#2274 = AXIS2_PLACEMENT_3D ( 'NONE', #552, #1341, #755 ) ;
#2275 = CARTESIAN_POINT ( 'NONE',  ( 19.80000000000000400, 2.917157287525372800, 8.500000000000000000 ) ) ;
#2276 = APPLICATION_PROTOCOL_DEFINITION ( 'international standard', 'config_control_design', 1994, #361 ) ;
#2277 = DIRECTION ( 'NONE',  ( 0.0000000000000000000, -1.000000000000000000, 0.0000000000000000000 ) ) ;
#2278 = DIRECTION ( 'NONE',  ( 0.7071067811865475700, -0.7071067811865474600, -0.0000000000000000000 ) ) ;
#2279 = CARTESIAN_POINT ( 'NONE',  ( 17.39999999999999900, 1.000000000000000000, 2.899999999999999900 ) ) ;
#2280 = CARTESIAN_POINT ( 'NONE',  ( 19.00000000000000400, 1.000000000000000000, -6.000000000000000000 ) ) ;
#2281 = VECTOR ( 'NONE', #1888, 1000.000000000000000 ) ;
#2282 = ORIENTED_EDGE ( 'NONE', *, *, #2109, .F. ) ;
#2283 = FACE_OUTER_BOUND ( 'NONE', #2295, .T. ) ;
#2284 = EDGE_CURVE ( 'NONE', #2341, #531, #1879, .T. ) ;
#2285 = ORIENTED_EDGE ( 'NONE', *, *, #879, .F. ) ;
#2286 = VECTOR ( 'NONE', #215, 999.9999999999998900 ) ;
#2287 = EDGE_LOOP ( 'NONE', ( #1703, #715, #2073, #2421 ) ) ;
#2288 = COORDINATED_UNIVERSAL_TIME_OFFSET ( 8, 0, .AHEAD. ) ;
#2289 = DIRECTION ( 'NONE',  ( -1.000000000000000000, 0.0000000000000000000, 0.0000000000000000000 ) ) ;
#2290 = LINE ( 'NONE', #1559, #1305 ) ;
#2291 = LINE ( 'NONE', #1496, #2083 ) ;
#2292 = VERTEX_POINT ( 'NONE', #2174 ) ;
#2293 = CARTESIAN_POINT ( 'NONE',  ( -1.200000000000000200, 1.199999999999998800, -2.699999999999999300 ) ) ;
#2294 = DIRECTION ( 'NONE',  ( -1.000000000000000000, 0.0000000000000000000, 0.0000000000000000000 ) ) ;
#2295 = EDGE_LOOP ( 'NONE', ( #647, #2116, #1866, #1992 ) ) ;
#2296 = EDGE_CURVE ( 'NONE', #2266, #1718, #617, .T. ) ;
#2297 = AXIS2_PLACEMENT_3D ( 'NONE', #481, #2019, #128 ) ;
#2298 = CARTESIAN_POINT ( 'NONE',  ( -1.000000000000000400, 17.39999999999999900, 2.899999999999999900 ) ) ;
#2299 = EDGE_LOOP ( 'NONE', ( #1543, #1663, #607, #1834 ) ) ;
#2300 = CARTESIAN_POINT ( 'NONE',  ( -1.200000000000000600, 17.59999999999999800, 2.699999999999999700 ) ) ;
#2301 = VERTEX_POINT ( 'NONE', #318 ) ;
#2302 = VECTOR ( 'NONE', #1458, 1000.000000000000000 ) ;
#2303 = EDGE_LOOP ( 'NONE', ( #814, #1355, #2046, #123 ) ) ;
#2304 = CYLINDRICAL_SURFACE ( 'NONE', #2091, 0.2000000000000000900 ) ;
#2305 = VERTEX_POINT ( 'NONE', #2015 ) ;
#2306 = VECTOR ( 'NONE', #1391, 1000.000000000000000 ) ;
#2307 = CARTESIAN_POINT ( 'NONE',  ( 0.4999999999999976100, -2.546819095414384900E-016, 6.000000000000000000 ) ) ;
#2308 = ORIENTED_EDGE ( 'NONE', *, *, #2039, .T. ) ;
#2309 = FACE_OUTER_BOUND ( 'NONE', #118, .T. ) ;
#2310 = AXIS2_PLACEMENT_3D ( 'NONE', #2002, #1613, #886 ) ;
#2311 = CARTESIAN_POINT ( 'NONE',  ( 9.000000000000000000, 0.0000000000000000000, -3.000000000000000000 ) ) ;
#2312 = DIRECTION ( 'NONE',  ( -7.885106708985485100E-016, 1.000000000000000000, 0.0000000000000000000 ) ) ;
#2313 = VERTEX_POINT ( 'NONE', #1767 ) ;
#2314 = LINE ( 'NONE', #1432, #800 ) ;
#2315 = AXIS2_PLACEMENT_3D ( 'NONE', #878, #887, #1249 ) ;
#2316 = VERTEX_POINT ( 'NONE', #842 ) ;
#2317 = VERTEX_POINT ( 'NONE', #619 ) ;
#2318 = VERTEX_POINT ( 'NONE', #1984 ) ;
#2319 = LINE ( 'NONE', #1765, #1428 ) ;
#2320 = DIRECTION ( 'NONE',  ( 0.7071067811865474600, 0.7071067811865474600, 0.0000000000000000000 ) ) ;
#2321 = DIRECTION ( 'NONE',  ( 4.336808689942010300E-016, -1.000000000000000000, 0.0000000000000000000 ) ) ;
#2322 = EDGE_CURVE ( 'NONE', #640, #860, #1483, .T. ) ;
#2323 = CARTESIAN_POINT ( 'NONE',  ( -1.200000000000000400, 17.48284271247461400, -2.817157287525379900 ) ) ;
#2324 = CARTESIAN_POINT ( 'NONE',  ( 1.000000000000000200, 1.000000000000000000, 6.000000000000000000 ) ) ;
#2325 = ORIENTED_EDGE ( 'NONE', *, *, #1140, .T. ) ;
#2326 = VECTOR ( 'NONE', #951, 1000.000000000000000 ) ;
#2327 = ADVANCED_FACE ( 'NONE', ( #896 ), #2108, .T. ) ;
#2328 = CARTESIAN_POINT ( 'NONE',  ( 1.000000000000000400, 16.80000000000000100, -6.000000000000000000 ) ) ;
#2329 = ORIENTED_EDGE ( 'NONE', *, *, #1146, .F. ) ;
#2330 = CARTESIAN_POINT ( 'NONE',  ( -0.9999999999999995600, -4.336808689942008400E-016, 2.699999999999999700 ) ) ;
#2331 = VERTEX_POINT ( 'NONE', #243 ) ;
#2332 = VECTOR ( 'NONE', #161, 1000.000000000000000 ) ;
#2333 = ORIENTED_EDGE ( 'NONE', *, *, #99, .F. ) ;
#2334 = COORDINATED_UNIVERSAL_TIME_OFFSET ( 8, 0, .AHEAD. ) ;
#2335 = EDGE_CURVE ( 'NONE', #1943, #575, #1759, .T. ) ;
#2336 = ORIENTED_EDGE ( 'NONE', *, *, #16, .T. ) ;
#2337 = CIRCLE ( 'NONE', #1113, 2.999999999999999100 ) ;
#2338 = CARTESIAN_POINT ( 'NONE',  ( 2.000000000000000000, -1.000000000000000400, -2.699999999999999300 ) ) ;
#2339 = CARTESIAN_POINT ( 'NONE',  ( 9.000000000000000000, 2.999999999999999100, -3.000000000000000000 ) ) ;
#2340 = EDGE_CURVE ( 'NONE', #2313, #586, #289, .T. ) ;
#2341 = VERTEX_POINT ( 'NONE', #62 ) ;
#2342 = PLANE ( 'NONE',  #1103 ) ;
#2343 = DIRECTION ( 'NONE',  ( 0.0000000000000000000, 1.000000000000000000, 0.0000000000000000000 ) ) ;
#2344 = DIRECTION ( 'NONE',  ( -0.0000000000000000000, 1.000000000000000000, -0.0000000000000000000 ) ) ;
#2345 = VERTEX_POINT ( 'NONE', #2362 ) ;
#2346 = ORIENTED_EDGE ( 'NONE', *, *, #1959, .F. ) ;
#2347 = ADVANCED_FACE ( 'NONE', ( #1311 ), #1609, .T. ) ;
#2348 = DIRECTION ( 'NONE',  ( -0.0000000000000000000, -0.0000000000000000000, -1.000000000000000000 ) ) ;
#2349 = DIRECTION ( 'NONE',  ( 1.000000000000000000, 0.0000000000000000000, 0.0000000000000000000 ) ) ;
#2350 = PLANE ( 'NONE',  #1467 ) ;
#2351 = EDGE_CURVE ( 'NONE', #1450, #579, #1973, .T. ) ;
#2352 = DIRECTION ( 'NONE',  ( -1.301042606982604800E-016, 1.000000000000000000, 0.0000000000000000000 ) ) ;
#2353 = DIRECTION ( 'NONE',  ( 0.0000000000000000000, 0.0000000000000000000, -1.000000000000000000 ) ) ;
#2354 = DIRECTION ( 'NONE',  ( 0.0000000000000000000, -1.000000000000000000, 0.0000000000000000000 ) ) ;
#2355 = ADVANCED_FACE ( 'NONE', ( #489 ), #1390, .T. ) ;
#2356 = DIRECTION ( 'NONE',  ( 0.0000000000000000000, 0.0000000000000000000, 1.000000000000000000 ) ) ;
#2357 = DIRECTION ( 'NONE',  ( 0.0000000000000000000, 1.000000000000000000, -0.0000000000000000000 ) ) ;
#2358 = VERTEX_POINT ( 'NONE', #441 ) ;
#2359 = LINE ( 'NONE', #621, #1470 ) ;
#2360 = ORIENTED_EDGE ( 'NONE', *, *, #957, .F. ) ;
#2361 = VECTOR ( 'NONE', #1666, 1000.000000000000000 ) ;
#2362 = CARTESIAN_POINT ( 'NONE',  ( 16.80000000000000100, 1.000000000000000000, 6.000000000000000000 ) ) ;
#2363 = CIRCLE ( 'NONE', #1958, 2.999999999999999600 ) ;
#2364 = ORIENTED_EDGE ( 'NONE', *, *, #508, .T. ) ;
#2365 = LINE ( 'NONE', #733, #730 ) ;
#2366 = DIRECTION ( 'NONE',  ( 0.0000000000000000000, 0.0000000000000000000, -1.000000000000000000 ) ) ;
#2367 = CARTESIAN_POINT ( 'NONE',  ( 20.00000000000000400, 11.50000000000000000, -3.000000000000000000 ) ) ;
#2368 = ORIENTED_EDGE ( 'NONE', *, *, #333, .T. ) ;
#2369 = LINE ( 'NONE', #1527, #1449 ) ;
#2370 = ORIENTED_EDGE ( 'NONE', *, *, #902, .F. ) ;
#2371 = EDGE_LOOP ( 'NONE', ( #818, #649, #2204, #1661 ) ) ;
#2372 = EDGE_CURVE ( 'NONE', #1418, #1033, #2191, .T. ) ;
#2373 = ADVANCED_FACE ( 'NONE', ( #1029, #1557 ), #1219, .F. ) ;
#2374 = DIRECTION ( 'NONE',  ( -0.7071067811865474600, -0.7071067811865474600, 0.0000000000000000000 ) ) ;
#2375 = VERTEX_POINT ( 'NONE', #2162 ) ;
#2376 = AXIS2_PLACEMENT_3D ( 'NONE', #877, #1283, #478 ) ;
#2377 = ORIENTED_EDGE ( 'NONE', *, *, #383, .T. ) ;
#2378 = FACE_OUTER_BOUND ( 'NONE', #237, .T. ) ;
#2379 = DIRECTION ( 'NONE',  ( -0.0000000000000000000, -0.0000000000000000000, -1.000000000000000000 ) ) ;
#2380 = PLANE ( 'NONE',  #46 ) ;
#2381 = CARTESIAN_POINT ( 'NONE',  ( 0.0000000000000000000, 19.00000000000000400, -6.000000000000000000 ) ) ;
#2382 = CARTESIAN_POINT ( 'NONE',  ( 1.000000000000000000, -1.000000000000000700, -2.899999999999999900 ) ) ;
#2383 = DIRECTION ( 'NONE',  ( -0.0000000000000000000, -1.000000000000000000, -0.0000000000000000000 ) ) ;
#2384 = ADVANCED_FACE ( 'NONE', ( #514 ), #1031, .T. ) ;
#2385 = CARTESIAN_POINT ( 'NONE',  ( 1.000000000000000200, 1.000000000000000000, -6.000000000000000000 ) ) ;
#2386 = EDGE_CURVE ( 'NONE', #640, #952, #2165, .T. ) ;
#2387 = DIRECTION ( 'NONE',  ( -1.000000000000000000, 0.0000000000000000000, 0.0000000000000000000 ) ) ;
#2388 = CARTESIAN_POINT ( 'NONE',  ( 2.999999999999997300, 19.99999999999999600, 8.300000000000002500 ) ) ;
#2389 = DIRECTION ( 'NONE',  ( -0.0000000000000000000, -0.0000000000000000000, -1.000000000000000000 ) ) ;
#2390 = ORIENTED_EDGE ( 'NONE', *, *, #2061, .T. ) ;
#2391 = LINE ( 'NONE', #872, #173 ) ;
#2392 = CARTESIAN_POINT ( 'NONE',  ( 2.000000000000000000, -1.200000000000000600, 2.699999999999999700 ) ) ;
#2393 = LINE ( 'NONE', #2066, #912 ) ;
#2394 = VERTEX_POINT ( 'NONE', #875 ) ;
#2395 = DIRECTION ( 'NONE',  ( -4.336808689942010300E-016, 1.000000000000000000, 0.0000000000000000000 ) ) ;
#2396 = ADVANCED_FACE ( 'NONE', ( #2425 ), #102, .T. ) ;
#2397 = ORIENTED_EDGE ( 'NONE', *, *, #556, .F. ) ;
#2398 = ORIENTED_EDGE ( 'NONE', *, *, #809, .F. ) ;
#2399 = LINE ( 'NONE', #1671, #2332 ) ;
#2400 = ORIENTED_EDGE ( 'NONE', *, *, #101, .T. ) ;
#2401 = CARTESIAN_POINT ( 'NONE',  ( 2.289834988289385700E-014, 19.80000000000000100, 8.300000000000000700 ) ) ;
#2402 = VECTOR ( 'NONE', #206, 1000.000000000000000 ) ;
#2403 = EDGE_CURVE ( 'NONE', #1357, #1282, #1139, .T. ) ;
#2404 = CARTESIAN_POINT ( 'NONE',  ( 19.71715728752538200, 3.000000000000000000, 6.500000000000000900 ) ) ;
#2405 = CARTESIAN_POINT ( 'NONE',  ( 1.000000000000000200, 17.39999999999999900, 2.899999999999999900 ) ) ;
#2406 = VERTEX_POINT ( 'NONE', #870 ) ;
#2407 = VERTEX_POINT ( 'NONE', #2200 ) ;
#2408 = EDGE_CURVE ( 'NONE', #2331, #1672, #1091, .T. ) ;
#2409 = DIRECTION ( 'NONE',  ( -1.000000000000000000, 0.0000000000000000000, 0.0000000000000000000 ) ) ;
#2410 = DIRECTION ( 'NONE',  ( 1.156482317317874300E-015, 1.000000000000000000, 0.0000000000000000000 ) ) ;
#2411 = DIRECTION ( 'NONE',  ( -1.156482317317871300E-015, -1.000000000000000000, 0.0000000000000000000 ) ) ;
#2412 = CARTESIAN_POINT ( 'NONE',  ( -2.602085213965210600E-015, 20.00000000000000000, 8.500000000000000000 ) ) ;
#2413 = CARTESIAN_POINT ( 'NONE',  ( 9.000000000000000000, 20.00000000000000000, 0.0000000000000000000 ) ) ;
#2414 = CARTESIAN_POINT ( 'NONE',  ( 1.000000000000000000, 19.00000000000000400, -6.000000000000000000 ) ) ;
#2415 = EDGE_CURVE ( 'NONE', #2192, #1584, #2105, .T. ) ;
#2416 = DIRECTION ( 'NONE',  ( -1.355252715606880300E-016, 1.000000000000000000, -0.0000000000000000000 ) ) ;
#2417 = EDGE_LOOP ( 'NONE', ( #228, #698, #248, #214 ) ) ;
#2418 = ADVANCED_FACE ( 'NONE', ( #1925 ), #3, .F. ) ;
#2419 = DIRECTION ( 'NONE',  ( 1.301042606982605300E-016, -1.000000000000000000, 0.0000000000000000000 ) ) ;
#2420 = LINE ( 'NONE', #1674, #2281 ) ;
#2421 = ORIENTED_EDGE ( 'NONE', *, *, #1337, .T. ) ;
#2422 = PLANE ( 'NONE',  #1495 ) ;
#2423 = EDGE_LOOP ( 'NONE', ( #2145, #1990, #11, #157 ) ) ;
#2424 = ORIENTED_EDGE ( 'NONE', *, *, #687, .T. ) ;
#2425 = FACE_OUTER_BOUND ( 'NONE', #234, .T. ) ;
#2426 = CC_DESIGN_APPROVAL ( #327, ( #2181 ) ) ;
#2427 = ORIENTED_EDGE ( 'NONE', *, *, #4, .F. ) ;
#2428 = LINE ( 'NONE', #1504, #1356 ) ;
#2429 = ORIENTED_EDGE ( 'NONE', *, *, #388, .F. ) ;
#2430 = EDGE_LOOP ( 'NONE', ( #406, #1806, #2346, #1381 ) ) ;
#2431 = ORIENTED_EDGE ( 'NONE', *, *, #2273, .T. ) ;
#2432 = ORIENTED_EDGE ( 'NONE', *, *, #652, .F. ) ;
#2433 = EDGE_LOOP ( 'NONE', ( #1202, #1128, #20, #1949 ) ) ;
#2434 = ADVANCED_FACE ( 'NONE', ( #259 ), #764, .F. ) ;
#2435 = CARTESIAN_POINT ( 'NONE',  ( 11.35857864376268700, 11.35857864376269300, -6.700000000000000200 ) ) ;
#2436 = ORIENTED_EDGE ( 'NONE', *, *, #783, .T. ) ;
#2437 = FACE_OUTER_BOUND ( 'NONE', #714, .T. ) ;
#2438 = AXIS2_PLACEMENT_3D ( 'NONE', #2435, #1296, #723 ) ;
#2439 = EDGE_CURVE ( 'NONE', #2375, #2460, #431, .T. ) ;
#2440 = DIRECTION ( 'NONE',  ( 1.000000000000000000, 1.577021341797097000E-015, 0.0000000000000000000 ) ) ;
#2441 = PLANE ( 'NONE',  #1455 ) ;
#2442 = DIRECTION ( 'NONE',  ( -0.0000000000000000000, 1.000000000000000000, -0.0000000000000000000 ) ) ;
#2443 = CC_DESIGN_DATE_AND_TIME_ASSIGNMENT ( #1326, #1882, ( #1854 ) ) ;
#2444 = EDGE_CURVE ( 'NONE', #2085, #2341, #2229, .T. ) ;
#2445 = LINE ( 'NONE', #536, #797 ) ;
#2446 = CARTESIAN_POINT ( 'NONE',  ( 1.999999999999999600, 2.000000000000000000, 2.899999999999999900 ) ) ;
#2447 = LINE ( 'NONE', #1322, #571 ) ;
#2448 = EDGE_LOOP ( 'NONE', ( #2102, #264, #2364, #2270 ) ) ;
#2449 = APPROVAL_DATE_TIME ( #768, #192 ) ;
#2450 = LINE ( 'NONE', #1148, #1321 ) ;
#2451 = DIRECTION ( 'NONE',  ( 0.0000000000000000000, 0.0000000000000000000, 1.000000000000000000 ) ) ;
#2452 = CARTESIAN_POINT ( 'NONE',  ( 1.999999999999999600, 2.000000000000000000, 2.899999999999999900 ) ) ;
#2453 = ORIENTED_EDGE ( 'NONE', *, *, #1051, .F. ) ;
#2454 = VECTOR ( 'NONE', #2244, 1000.000000000000000 ) ;
#2455 = ORIENTED_EDGE ( 'NONE', *, *, #304, .T. ) ;
#2456 = CARTESIAN_POINT ( 'NONE',  ( 11.49999999999999600, 0.0000000000000000000, -3.000000000000000000 ) ) ;
#2457 = VECTOR ( 'NONE', #1764, 1000.000000000000000 ) ;
#2458 = CARTESIAN_POINT ( 'NONE',  ( -2.602085213965210600E-015, 20.00000000000000000, -8.300000000000002500 ) ) ;
#2459 = VERTEX_POINT ( 'NONE', #7 ) ;
#2460 = VERTEX_POINT ( 'NONE', #1334 ) ;
ENDSEC;
END-ISO-10303-21;
