ISO-10303-21;
HEADER;
FILE_DESCRIPTION (( 'STEP AP214' ),
    '1' );
FILE_NAME ('LBSB6-2020_214.STEP',
    '2020-04-16T01:18:27',
    ( '' ),
    ( '' ),
    'SwSTEP 2.0',
    'SolidWorks 2014',
    '' );
FILE_SCHEMA (( 'AUTOMOTIVE_DESIGN' ));
ENDSEC;

DATA;
#1 = CARTESIAN_POINT ( 'NONE',  ( 11.49999999999999600, 20.00000000000000000, 3.000000000000000000 ) ) ;
#2 = DIRECTION ( 'NONE',  ( 0.0000000000000000000, -1.000000000000000000, 0.0000000000000000000 ) ) ;
#3 = EDGE_CURVE ( 'NONE', #957, #2270, #2331, .T. ) ;
#4 = DIRECTION ( 'NONE',  ( -0.0000000000000000000, -0.0000000000000000000, -1.000000000000000000 ) ) ;
#5 = DIRECTION ( 'NONE',  ( 0.0000000000000000000, 1.000000000000000000, -1.734723475976806800E-016 ) ) ;
#6 =( BOUNDED_CURVE ( )  B_SPLINE_CURVE ( 3, ( #1283, #163, #1458, #903 ),
 .UNSPECIFIED., .F., .F. ) 
 B_SPLINE_CURVE_WITH_KNOTS ( ( 4, 4 ),
 ( 1.084202172485502700E-015, 1.570796326794896600 ),
 .UNSPECIFIED. ) 
 CURVE ( )  GEOMETRIC_REPRESENTATION_ITEM ( )  RATIONAL_B_SPLINE_CURVE ( ( 1.000000000000000000, 0.8047378541243652700, 0.8047378541243652700, 1.000000000000000000 ) ) 
 REPRESENTATION_ITEM ( '' )  );
#7 = DIRECTION ( 'NONE',  ( -1.000000000000000000, -0.0000000000000000000, -0.0000000000000000000 ) ) ;
#8 = DIRECTION ( 'NONE',  ( -1.084202172485504400E-016, 1.000000000000000000, 0.0000000000000000000 ) ) ;
#9 = CARTESIAN_POINT ( 'NONE',  ( 17.39999999999999900, -1.117157287525381000, -2.899999999999999500 ) ) ;
#10 = LINE ( 'NONE', #1934, #862 ) ;
#11 = CARTESIAN_POINT ( 'NONE',  ( 16.80000000000000100, 0.0000000000000000000, 6.000000000000000000 ) ) ;
#12 = ORIENTED_EDGE ( 'NONE', *, *, #1835, .F. ) ;
#13 = FACE_OUTER_BOUND ( 'NONE', #138, .T. ) ;
#14 = EDGE_CURVE ( 'NONE', #1886, #386, #456, .T. ) ;
#15 = DIRECTION ( 'NONE',  ( 1.000000000000000000, -1.156482317317874300E-015, 0.0000000000000000000 ) ) ;
#16 = VERTEX_POINT ( 'NONE', #83 ) ;
#17 = FACE_OUTER_BOUND ( 'NONE', #1606, .T. ) ;
#18 = CYLINDRICAL_SURFACE ( 'NONE', #95, 0.2000000000000000900 ) ;
#19 = EDGE_CURVE ( 'NONE', #2008, #281, #180, .T. ) ;
#20 = ORIENTED_EDGE ( 'NONE', *, *, #550, .T. ) ;
#21 = CARTESIAN_POINT ( 'NONE',  ( 18.39999999999999900, -1.117157287525381000, 2.899999999999999500 ) ) ;
#22 = ORIENTED_EDGE ( 'NONE', *, *, #2016, .F. ) ;
#23 = DIRECTION ( 'NONE',  ( -0.0000000000000000000, -0.0000000000000000000, -1.000000000000000000 ) ) ;
#24 = VECTOR ( 'NONE', #2230, 1000.000000000000000 ) ;
#25 = VERTEX_POINT ( 'NONE', #1842 ) ;
#26 = ORIENTED_EDGE ( 'NONE', *, *, #1656, .T. ) ;
#27 = CARTESIAN_POINT ( 'NONE',  ( 1.000000000000000000, -1.200000000000000600, 2.899999999999999900 ) ) ;
#28 = ORIENTED_EDGE ( 'NONE', *, *, #2265, .F. ) ;
#29 = VERTEX_POINT ( 'NONE', #1943 ) ;
#30 = CARTESIAN_POINT ( 'NONE',  ( 3.000000000000000000, 19.99999999999999600, -6.700000000000000200 ) ) ;
#31 = VERTEX_POINT ( 'NONE', #447 ) ;
#32 = CARTESIAN_POINT ( 'NONE',  ( 9.000000000000000000, 2.999999999999999600, 3.000000000000000000 ) ) ;
#33 = CARTESIAN_POINT ( 'NONE',  ( -1.000000000000000700, 18.39999999999999900, 2.899999999999999900 ) ) ;
#34 = EDGE_CURVE ( 'NONE', #423, #886, #1717, .T. ) ;
#35 = CARTESIAN_POINT ( 'NONE',  ( -2.833381677428784000E-015, 19.80000000000000100, 8.500000000000000000 ) ) ;
#36 = CARTESIAN_POINT ( 'NONE',  ( 0.2500000000000001700, 0.2499999999999984500, 8.500000000000000000 ) ) ;
#37 = LINE ( 'NONE', #1073, #2404 ) ;
#38 = MECHANICAL_DESIGN_GEOMETRIC_PRESENTATION_REPRESENTATION (  '', ( #1070 ), #69 ) ;
#39 = VECTOR ( 'NONE', #60, 1000.000000000000000 ) ;
#40 = PLANE ( 'NONE',  #1392 ) ;
#41 = DIRECTION ( 'NONE',  ( 1.000000000000000000, 0.0000000000000000000, 0.0000000000000000000 ) ) ;
#42 = LINE ( 'NONE', #875, #708 ) ;
#43 = LINE ( 'NONE', #1171, #1582 ) ;
#44 = AXIS2_PLACEMENT_3D ( 'NONE', #170, #2, #921 ) ;
#45 = EDGE_LOOP ( 'NONE', ( #2190, #1060, #1377, #2156 ) ) ;
#46 = FACE_OUTER_BOUND ( 'NONE', #509, .T. ) ;
#47 = CARTESIAN_POINT ( 'NONE',  ( -1.200000000000000600, 17.59999999999999800, 2.899999999999999900 ) ) ;
#48 = CARTESIAN_POINT ( 'NONE',  ( 19.71715728752538200, 3.000000000000000000, 6.500000000000000900 ) ) ;
#49 = ORIENTED_EDGE ( 'NONE', *, *, #931, .F. ) ;
#50 = EDGE_LOOP ( 'NONE', ( #2075, #1586, #1428, #715, #565, #902, #164 ) ) ;
#51 = VECTOR ( 'NONE', #59, 1000.000000000000000 ) ;
#52 = EDGE_CURVE ( 'NONE', #1503, #2302, #1838, .T. ) ;
#53 = DIRECTION ( 'NONE',  ( -0.0000000000000000000, 0.0000000000000000000, 1.000000000000000000 ) ) ;
#54 = CARTESIAN_POINT ( 'NONE',  ( 20.00000000000000400, 3.000000000000000000, 3.000000000000000000 ) ) ;
#55 = ORIENTED_EDGE ( 'NONE', *, *, #1108, .T. ) ;
#56 = VECTOR ( 'NONE', #2163, 1000.000000000000000 ) ;
#57 = DIRECTION ( 'NONE',  ( -0.0000000000000000000, -0.0000000000000000000, 1.000000000000000000 ) ) ;
#58 = CARTESIAN_POINT ( 'NONE',  ( 3.000000000000000000, 19.99999999999999600, -6.500000000000000900 ) ) ;
#59 = DIRECTION ( 'NONE',  ( -4.336808689942010300E-016, 1.000000000000000000, -0.0000000000000000000 ) ) ;
#60 = DIRECTION ( 'NONE',  ( -0.0000000000000000000, -0.0000000000000000000, 1.000000000000000000 ) ) ;
#61 = EDGE_CURVE ( 'NONE', #1441, #1550, #224, .T. ) ;
#62 = CARTESIAN_POINT ( 'NONE',  ( 0.4999999999999968900, 0.0000000000000000000, 8.500000000000000000 ) ) ;
#63 = CARTESIAN_POINT ( 'NONE',  ( 1.200000000000000200, -1.200000000000000600, 2.699999999999999700 ) ) ;
#64 = PLANE ( 'NONE',  #2246 ) ;
#65 = FACE_OUTER_BOUND ( 'NONE', #828, .T. ) ;
#66 = CARTESIAN_POINT ( 'NONE',  ( 1.000000000000000000, 1.000000000000000200, 2.899999999999999900 ) ) ;
#67 = EDGE_LOOP ( 'NONE', ( #2107, #1591, #2054, #1328 ) ) ;
#68 = LINE ( 'NONE', #1759, #1085 ) ;
#69 =( GEOMETRIC_REPRESENTATION_CONTEXT ( 3 ) GLOBAL_UNCERTAINTY_ASSIGNED_CONTEXT ( ( #1743 ) ) GLOBAL_UNIT_ASSIGNED_CONTEXT ( ( #2422, #551, #205 ) ) REPRESENTATION_CONTEXT ( 'NONE', 'WORKASPACE' ) );
#70 = DIRECTION ( 'NONE',  ( 0.7071067811865500200, 0.7071067811865451300, 0.0000000000000000000 ) ) ;
#71 = EDGE_CURVE ( 'NONE', #1310, #2393, #2212, .T. ) ;
#72 = EDGE_LOOP ( 'NONE', ( #754, #2256, #561, #1415, #1769, #1468, #2381 ) ) ;
#73 = CARTESIAN_POINT ( 'NONE',  ( 9.000000000000000000, 0.0000000000000000000, 3.000000000000000000 ) ) ;
#74 = VECTOR ( 'NONE', #1219, 1000.000000000000000 ) ;
#75 = VECTOR ( 'NONE', #1006, 1000.000000000000000 ) ;
#76 = VERTEX_POINT ( 'NONE', #96 ) ;
#77 = VERTEX_POINT ( 'NONE', #1848 ) ;
#78 = LINE ( 'NONE', #548, #389 ) ;
#79 =( BOUNDED_CURVE ( )  B_SPLINE_CURVE ( 3, ( #2226, #1120, #1695, #2419 ),
 .UNSPECIFIED., .F., .F. ) 
 B_SPLINE_CURVE_WITH_KNOTS ( ( 4, 4 ),
 ( 1.570796326794896600, 3.141592653589793100 ),
 .UNSPECIFIED. ) 
 CURVE ( )  GEOMETRIC_REPRESENTATION_ITEM ( )  RATIONAL_B_SPLINE_CURVE ( ( 1.000000000000000000, 0.8047378541243649400, 0.8047378541243649400, 1.000000000000000000 ) ) 
 REPRESENTATION_ITEM ( '' )  );
#80 = EDGE_CURVE ( 'NONE', #314, #1495, #562, .T. ) ;
#81 = ORIENTED_EDGE ( 'NONE', *, *, #1855, .F. ) ;
#82 = ORIENTED_EDGE ( 'NONE', *, *, #1169, .F. ) ;
#83 = CARTESIAN_POINT ( 'NONE',  ( 20.00000000000000000, 0.0000000000000000000, 8.300000000000000700 ) ) ;
#84 = ORIENTED_EDGE ( 'NONE', *, *, #2138, .F. ) ;
#85 = CARTESIAN_POINT ( 'NONE',  ( 17.39999999999999900, -1.000000000000000000, 2.899999999999999900 ) ) ;
#86 = ORIENTED_EDGE ( 'NONE', *, *, #795, .T. ) ;
#87 = APPLICATION_CONTEXT ( 'automotive_design' ) ;
#88 = DIRECTION ( 'NONE',  ( -5.102127870520018100E-017, 1.000000000000000000, -0.0000000000000000000 ) ) ;
#89 = DIRECTION ( 'NONE',  ( 0.0000000000000000000, 0.0000000000000000000, -1.000000000000000000 ) ) ;
#90 = ORIENTED_EDGE ( 'NONE', *, *, #1553, .F. ) ;
#91 = ORIENTED_EDGE ( 'NONE', *, *, #1790, .F. ) ;
#92 = CARTESIAN_POINT ( 'NONE',  ( -0.9999999999999995600, -4.336808689942008400E-016, 2.699999999999999700 ) ) ;
#93 = CARTESIAN_POINT ( 'NONE',  ( 2.999999999999997300, 19.99999999999999600, 6.700000000000000200 ) ) ;
#94 = CARTESIAN_POINT ( 'NONE',  ( 19.80000000000000100, 0.0000000000000000000, -8.500000000000000000 ) ) ;
#95 = AXIS2_PLACEMENT_3D ( 'NONE', #1933, #2337, #2314 ) ;
#96 = CARTESIAN_POINT ( 'NONE',  ( 3.000000000000000000, 1.000000000000000000, 6.000000000000000000 ) ) ;
#97 = CARTESIAN_POINT ( 'NONE',  ( 3.000000000000001300, 19.99999999999999600, -8.417157287525382600 ) ) ;
#98 = EDGE_CURVE ( 'NONE', #386, #1441, #422, .T. ) ;
#99 = ADVANCED_FACE ( 'NONE', ( #2065 ), #1104, .F. ) ;
#100 =( NAMED_UNIT ( * ) PLANE_ANGLE_UNIT ( ) SI_UNIT ( $, .RADIAN. ) );
#101 = CYLINDRICAL_SURFACE ( 'NONE', #519, 0.1999999999999987900 ) ;
#102 = CARTESIAN_POINT ( 'NONE',  ( 1.000000000000000000, -1.000000000000000700, 2.899999999999999900 ) ) ;
#103 = CARTESIAN_POINT ( 'NONE',  ( 17.39999999999999900, 1.000000000000000000, 2.899999999999999900 ) ) ;
#104 = LINE ( 'NONE', #113, #768 ) ;
#105 = CYLINDRICAL_SURFACE ( 'NONE', #1102, 0.1999999999999987900 ) ;
#106 = DIRECTION ( 'NONE',  ( -1.000000000000000000, 1.156482317317871300E-015, 0.0000000000000000000 ) ) ;
#107 = VECTOR ( 'NONE', #1165, 1000.000000000000000 ) ;
#108 = ORIENTED_EDGE ( 'NONE', *, *, #61, .F. ) ;
#109 = LINE ( 'NONE', #1395, #1584 ) ;
#110 = ORIENTED_EDGE ( 'NONE', *, *, #297, .T. ) ;
#111 = ORIENTED_EDGE ( 'NONE', *, *, #2036, .T. ) ;
#112 = ORIENTED_EDGE ( 'NONE', *, *, #1330, .T. ) ;
#113 = CARTESIAN_POINT ( 'NONE',  ( 2.999999999999997300, 19.99999999999999600, 3.000000000000001800 ) ) ;
#114 = ADVANCED_FACE ( 'NONE', ( #1751 ), #1675, .F. ) ;
#115 = DIRECTION ( 'NONE',  ( -2.168404344971021900E-015, -1.000000000000000000, 0.0000000000000000000 ) ) ;
#116 = VERTEX_POINT ( 'NONE', #553 ) ;
#117 = EDGE_CURVE ( 'NONE', #1807, #688, #2361, .T. ) ;
#118 = CARTESIAN_POINT ( 'NONE',  ( 1.000000000000000200, 1.000000000000000000, -6.000000000000000000 ) ) ;
#119 = LINE ( 'NONE', #1368, #1246 ) ;
#120 = ORIENTED_EDGE ( 'NONE', *, *, #762, .F. ) ;
#121 = CARTESIAN_POINT ( 'NONE',  ( 0.0000000000000000000, 0.0000000000000000000, -2.899999999999999900 ) ) ;
#122 = ADVANCED_FACE ( 'NONE', ( #1556 ), #350, .T. ) ;
#123 = CARTESIAN_POINT ( 'NONE',  ( 16.80000000000000100, 1.000000000000000000, -6.000000000000000000 ) ) ;
#124 = EDGE_CURVE ( 'NONE', #869, #2096, #78, .T. ) ;
#125 = DIRECTION ( 'NONE',  ( 0.0000000000000000000, -1.000000000000000000, 0.0000000000000000000 ) ) ;
#126 = LINE ( 'NONE', #667, #2053 ) ;
#127 = ORIENTED_EDGE ( 'NONE', *, *, #759, .F. ) ;
#128 = DIRECTION ( 'NONE',  ( 1.000000000000000000, -1.156482317317871300E-015, 0.0000000000000000000 ) ) ;
#129 = FACE_OUTER_BOUND ( 'NONE', #593, .T. ) ;
#130 = EDGE_LOOP ( 'NONE', ( #112, #1500, #1267, #2122 ) ) ;
#131 = LINE ( 'NONE', #2412, #1033 ) ;
#132 = CARTESIAN_POINT ( 'NONE',  ( 11.49999999999999600, 2.999999999999999100, -3.000000000000000000 ) ) ;
#133 = ORIENTED_EDGE ( 'NONE', *, *, #563, .F. ) ;
#134 = ORIENTED_EDGE ( 'NONE', *, *, #1315, .T. ) ;
#135 = CYLINDRICAL_SURFACE ( 'NONE', #183, 0.2000000000000002900 ) ;
#136 = ORIENTED_EDGE ( 'NONE', *, *, #1818, .F. ) ;
#137 = VERTEX_POINT ( 'NONE', #1649 ) ;
#138 = EDGE_LOOP ( 'NONE', ( #872, #2132, #1959, #20, #1530, #2206 ) ) ;
#139 = EDGE_CURVE ( 'NONE', #482, #612, #1436, .T. ) ;
#140 = LINE ( 'NONE', #85, #1987 ) ;
#141 = CARTESIAN_POINT ( 'NONE',  ( 0.0000000000000000000, 0.5000000000000003300, 6.000000000000000000 ) ) ;
#142 = EDGE_CURVE ( 'NONE', #2358, #1725, #981, .T. ) ;
#143 = ORIENTED_EDGE ( 'NONE', *, *, #1426, .T. ) ;
#144 = ADVANCED_FACE ( 'NONE', ( #1240 ), #1877, .F. ) ;
#145 = CARTESIAN_POINT ( 'NONE',  ( 0.0000000000000000000, 0.0000000000000000000, -8.500000000000000000 ) ) ;
#146 = DIRECTION ( 'NONE',  ( 0.0000000000000000000, 0.0000000000000000000, 1.000000000000000000 ) ) ;
#147 =( BOUNDED_CURVE ( )  B_SPLINE_CURVE ( 3, ( #1904, #780, #2098, #2282 ),
 .UNSPECIFIED., .F., .F. ) 
 B_SPLINE_CURVE_WITH_KNOTS ( ( 4, 4 ),
 ( 1.570796326794896600, 3.141592653589793100 ),
 .UNSPECIFIED. ) 
 CURVE ( )  GEOMETRIC_REPRESENTATION_ITEM ( )  RATIONAL_B_SPLINE_CURVE ( ( 1.000000000000000000, 0.8047378541243649400, 0.8047378541243649400, 1.000000000000000000 ) ) 
 REPRESENTATION_ITEM ( '' )  );
#148 = AXIS2_PLACEMENT_3D ( 'NONE', #1195, #1188, #1030 ) ;
#149 = DIRECTION ( 'NONE',  ( -1.084202172485504400E-016, 1.000000000000000000, 0.0000000000000000000 ) ) ;
#150 = FACE_OUTER_BOUND ( 'NONE', #1410, .T. ) ;
#151 = EDGE_CURVE ( 'NONE', #1725, #477, #336, .T. ) ;
#152 = FACE_OUTER_BOUND ( 'NONE', #1476, .T. ) ;
#153 = LINE ( 'NONE', #1909, #1203 ) ;
#154 = CARTESIAN_POINT ( 'NONE',  ( 1.000000000000000000, 1.000000000000000200, 2.899999999999999900 ) ) ;
#155 = ORIENTED_EDGE ( 'NONE', *, *, #1932, .F. ) ;
#156 = VECTOR ( 'NONE', #426, 1000.000000000000000 ) ;
#157 = FACE_OUTER_BOUND ( 'NONE', #1869, .T. ) ;
#158 = CARTESIAN_POINT ( 'NONE',  ( 3.000000000000000000, -1.288370487864006100E-016, -6.000000000000000000 ) ) ;
#159 = ORIENTED_EDGE ( 'NONE', *, *, #877, .T. ) ;
#160 = VECTOR ( 'NONE', #334, 999.9999999999998900 ) ;
#161 = ORIENTED_EDGE ( 'NONE', *, *, #1616, .T. ) ;
#162 = ORIENTED_EDGE ( 'NONE', *, *, #1757, .F. ) ;
#163 = CARTESIAN_POINT ( 'NONE',  ( 1.000000000000000200, -1.117157287525381500, -2.899999999999999500 ) ) ;
#164 = ORIENTED_EDGE ( 'NONE', *, *, #2271, .T. ) ;
#165 = CARTESIAN_POINT ( 'NONE',  ( 0.0000000000000000000, 3.000000000000000000, -6.000000000000000000 ) ) ;
#166 = ORIENTED_EDGE ( 'NONE', *, *, #1553, .T. ) ;
#167 = ADVANCED_FACE ( 'NONE', ( #1955 ), #1663, .T. ) ;
#168 = DIRECTION ( 'NONE',  ( -0.0000000000000000000, -1.000000000000000000, -0.0000000000000000000 ) ) ;
#169 = LINE ( 'NONE', #36, #424 ) ;
#170 = CARTESIAN_POINT ( 'NONE',  ( -1.000000000000000400, 18.39999999999999900, -2.699999999999999300 ) ) ;
#171 = ORIENTED_EDGE ( 'NONE', *, *, #1230, .F. ) ;
#172 = DIRECTION ( 'NONE',  ( 0.0000000000000000000, 1.734723475976806800E-016, 1.000000000000000000 ) ) ;
#173 = EDGE_CURVE ( 'NONE', #620, #2302, #1870, .T. ) ;
#174 = CARTESIAN_POINT ( 'NONE',  ( 1.000000000000000400, 16.80000000000000100, -6.000000000000000000 ) ) ;
#175 = DIRECTION ( 'NONE',  ( 0.0000000000000000000, -0.0000000000000000000, 1.000000000000000000 ) ) ;
#176 = CARTESIAN_POINT ( 'NONE',  ( 20.00000000000000000, 5.777789833161707600E-031, 8.300000000000000700 ) ) ;
#177 = ADVANCED_FACE ( 'NONE', ( #809 ), #1463, .F. ) ;
#178 = DIRECTION ( 'NONE',  ( -1.971276677246371300E-016, 1.000000000000000000, -0.0000000000000000000 ) ) ;
#179 = DIRECTION ( 'NONE',  ( 0.0000000000000000000, 0.0000000000000000000, 1.000000000000000000 ) ) ;
#180 =( BOUNDED_CURVE ( )  B_SPLINE_CURVE ( 3, ( #2334, #1207, #2391, #1263 ),
 .UNSPECIFIED., .F., .F. ) 
 B_SPLINE_CURVE_WITH_KNOTS ( ( 4, 4 ),
 ( 4.712388980384689700, 6.283185307179585300 ),
 .UNSPECIFIED. ) 
 CURVE ( )  GEOMETRIC_REPRESENTATION_ITEM ( )  RATIONAL_B_SPLINE_CURVE ( ( 1.000000000000000000, 0.8047378541243652700, 0.8047378541243652700, 1.000000000000000000 ) ) 
 REPRESENTATION_ITEM ( '' )  );
#181 = AXIS2_PLACEMENT_3D ( 'NONE', #571, #218, #1893 ) ;
#182 = CARTESIAN_POINT ( 'NONE',  ( 1.000000000000000000, 1.000000000000000200, -2.899999999999999900 ) ) ;
#183 = AXIS2_PLACEMENT_3D ( 'NONE', #225, #2276, #1722 ) ;
#184 = CARTESIAN_POINT ( 'NONE',  ( 2.999999999999997300, 19.99999999999999600, 6.500000000000000900 ) ) ;
#185 = LINE ( 'NONE', #1853, #2170 ) ;
#186 = ORIENTED_EDGE ( 'NONE', *, *, #1445, .F. ) ;
#187 = EDGE_CURVE ( 'NONE', #1303, #2008, #451, .T. ) ;
#188 = ORIENTED_EDGE ( 'NONE', *, *, #1816, .F. ) ;
#189 = VECTOR ( 'NONE', #1992, 1000.000000000000000 ) ;
#190 = CYLINDRICAL_SURFACE ( 'NONE', #576, 3.000000000000000000 ) ;
#191 = ORIENTED_EDGE ( 'NONE', *, *, #1345, .T. ) ;
#192 = ORIENTED_EDGE ( 'NONE', *, *, #1932, .T. ) ;
#193 = VECTOR ( 'NONE', #1883, 1000.000000000000000 ) ;
#194 = CARTESIAN_POINT ( 'NONE',  ( 16.80000000000000100, 1.000000000000000000, -6.000000000000000000 ) ) ;
#195 = ORIENTED_EDGE ( 'NONE', *, *, #1075, .F. ) ;
#196 = ORIENTED_EDGE ( 'NONE', *, *, #52, .T. ) ;
#197 = FILL_AREA_STYLE_COLOUR ( '', #1092 ) ;
#198 = ORIENTED_EDGE ( 'NONE', *, *, #922, .F. ) ;
#199 = VECTOR ( 'NONE', #1027, 1000.000000000000000 ) ;
#200 = AXIS2_PLACEMENT_3D ( 'NONE', #2076, #2288, #766 ) ;
#201 = VERTEX_POINT ( 'NONE', #1485 ) ;
#202 = DIRECTION ( 'NONE',  ( 1.000000000000000000, 0.0000000000000000000, 0.0000000000000000000 ) ) ;
#203 = ORIENTED_EDGE ( 'NONE', *, *, #1598, .T. ) ;
#204 = CARTESIAN_POINT ( 'NONE',  ( 0.0000000000000000000, 0.0000000000000000000, -2.899999999999999900 ) ) ;
#205 =( NAMED_UNIT ( * ) SI_UNIT ( $, .STERADIAN. ) SOLID_ANGLE_UNIT ( ) );
#206 = CARTESIAN_POINT ( 'NONE',  ( 2.999999999999999100, 19.99999999999999600, 6.700000000000000200 ) ) ;
#207 = DIRECTION ( 'NONE',  ( 1.156482317317871300E-015, 1.000000000000000000, 0.0000000000000000000 ) ) ;
#208 = DIRECTION ( 'NONE',  ( -0.0000000000000000000, 1.000000000000000000, -0.0000000000000000000 ) ) ;
#209 = VECTOR ( 'NONE', #434, 1000.000000000000000 ) ;
#210 = DIRECTION ( 'NONE',  ( -0.0000000000000000000, -1.000000000000000000, -0.0000000000000000000 ) ) ;
#211 = ORIENTED_EDGE ( 'NONE', *, *, #1169, .T. ) ;
#212 = VECTOR ( 'NONE', #587, 1000.000000000000000 ) ;
#213 = VECTOR ( 'NONE', #528, 1000.000000000000000 ) ;
#214 = DIRECTION ( 'NONE',  ( -1.000000000000000000, 0.0000000000000000000, -0.0000000000000000000 ) ) ;
#215 = CARTESIAN_POINT ( 'NONE',  ( 20.00000000000000400, 3.000000000000000000, 8.500000000000000000 ) ) ;
#216 = LINE ( 'NONE', #575, #277 ) ;
#217 = EDGE_CURVE ( 'NONE', #557, #2393, #1808, .T. ) ;
#218 = DIRECTION ( 'NONE',  ( 1.000000000000000000, 0.0000000000000000000, 0.0000000000000000000 ) ) ;
#219 = ORIENTED_EDGE ( 'NONE', *, *, #2285, .T. ) ;
#220 = DIRECTION ( 'NONE',  ( -0.0000000000000000000, -0.0000000000000000000, 1.000000000000000000 ) ) ;
#221 = VECTOR ( 'NONE', #1421, 1000.000000000000000 ) ;
#222 = ORIENTED_EDGE ( 'NONE', *, *, #669, .F. ) ;
#223 = VERTEX_POINT ( 'NONE', #2079 ) ;
#224 = LINE ( 'NONE', #662, #341 ) ;
#225 = CARTESIAN_POINT ( 'NONE',  ( 11.35857864376268700, 11.35857864376269300, -6.700000000000000200 ) ) ;
#226 = ORIENTED_EDGE ( 'NONE', *, *, #2049, .F. ) ;
#227 = ORIENTED_EDGE ( 'NONE', *, *, #580, .T. ) ;
#228 = CARTESIAN_POINT ( 'NONE',  ( 1.000000000000000000, 19.00000000000000400, -6.000000000000000000 ) ) ;
#229 = LINE ( 'NONE', #858, #1131 ) ;
#230 = CARTESIAN_POINT ( 'NONE',  ( -1.200000000000000600, 18.39999999999999900, 2.699999999999999700 ) ) ;
#231 = CARTESIAN_POINT ( 'NONE',  ( 3.000000000000000000, -1.288370487864006100E-016, -6.000000000000000000 ) ) ;
#232 = AXIS2_PLACEMENT_3D ( 'NONE', #204, #574, #785 ) ;
#233 = ORIENTED_EDGE ( 'NONE', *, *, #1445, .T. ) ;
#234 = DIRECTION ( 'NONE',  ( 1.000000000000000000, 0.0000000000000000000, 0.0000000000000000000 ) ) ;
#235 = CARTESIAN_POINT ( 'NONE',  ( 0.0000000000000000000, 19.00000000000000400, 6.000000000000000000 ) ) ;
#236 = EDGE_CURVE ( 'NONE', #319, #281, #618, .T. ) ;
#237 = DIRECTION ( 'NONE',  ( 0.0000000000000000000, 0.0000000000000000000, -1.000000000000000000 ) ) ;
#238 = DIRECTION ( 'NONE',  ( -0.0000000000000000000, 1.000000000000000000, -0.0000000000000000000 ) ) ;
#239 = CARTESIAN_POINT ( 'NONE',  ( 19.85857864376269100, 2.858578643762690300, 6.700000000000000200 ) ) ;
#240 =( NAMED_UNIT ( * ) PLANE_ANGLE_UNIT ( ) SI_UNIT ( $, .RADIAN. ) );
#241 = VECTOR ( 'NONE', #416, 1000.000000000000000 ) ;
#242 = CARTESIAN_POINT ( 'NONE',  ( 1.000000000000000000, 3.000000000000000000, 6.000000000000000000 ) ) ;
#243 = CARTESIAN_POINT ( 'NONE',  ( 3.000000000000000000, 1.000000000000000000, -6.000000000000000000 ) ) ;
#244 = ORIENTED_EDGE ( 'NONE', *, *, #632, .F. ) ;
#245 = LINE ( 'NONE', #402, #1861 ) ;
#246 = EDGE_CURVE ( 'NONE', #1708, #2154, #508, .T. ) ;
#247 = ORIENTED_EDGE ( 'NONE', *, *, #2373, .T. ) ;
#248 = VECTOR ( 'NONE', #1975, 1000.000000000000000 ) ;
#249 = CARTESIAN_POINT ( 'NONE',  ( 2.999999999999995600, 11.50000000000000000, -3.000000000000000000 ) ) ;
#250 = ORIENTED_EDGE ( 'NONE', *, *, #14, .T. ) ;
#251 = VECTOR ( 'NONE', #1140, 1000.000000000000000 ) ;
#252 = DIRECTION ( 'NONE',  ( -0.0000000000000000000, 0.0000000000000000000, -1.000000000000000000 ) ) ;
#253 = DIRECTION ( 'NONE',  ( 1.000000000000000000, 0.0000000000000000000, 0.0000000000000000000 ) ) ;
#254 = DIRECTION ( 'NONE',  ( -1.971276677246371300E-016, 1.000000000000000000, -0.0000000000000000000 ) ) ;
#255 = EDGE_LOOP ( 'NONE', ( #143, #2413, #1200, #1357 ) ) ;
#256 = VERTEX_POINT ( 'NONE', #1329 ) ;
#257 =( BOUNDED_CURVE ( )  B_SPLINE_CURVE ( 3, ( #93, #1777, #2326, #604 ),
 .UNSPECIFIED., .F., .F. ) 
 B_SPLINE_CURVE_WITH_KNOTS ( ( 4, 4 ),
 ( 3.141592653589793100, 4.712388980384702100 ),
 .UNSPECIFIED. ) 
 CURVE ( )  GEOMETRIC_REPRESENTATION_ITEM ( )  RATIONAL_B_SPLINE_CURVE ( ( 1.000000000000000000, 0.8047378541243619400, 0.8047378541243619400, 1.000000000000000000 ) ) 
 REPRESENTATION_ITEM ( '' )  );
#258 = VECTOR ( 'NONE', #265, 1000.000000000000000 ) ;
#259 = CARTESIAN_POINT ( 'NONE',  ( 0.4999999999999968900, 0.0000000000000000000, 8.500000000000000000 ) ) ;
#260 = ORIENTED_EDGE ( 'NONE', *, *, #1701, .F. ) ;
#261 =( LENGTH_UNIT ( ) NAMED_UNIT ( * ) SI_UNIT ( .MILLI., .METRE. ) );
#262 = DIRECTION ( 'NONE',  ( 5.102127870520018100E-017, -1.000000000000000000, 0.0000000000000000000 ) ) ;
#263 = DIRECTION ( 'NONE',  ( -0.0000000000000000000, -0.0000000000000000000, 1.000000000000000000 ) ) ;
#264 = AXIS2_PLACEMENT_3D ( 'NONE', #372, #2249, #175 ) ;
#265 = DIRECTION ( 'NONE',  ( 0.0000000000000000000, 0.0000000000000000000, -1.000000000000000000 ) ) ;
#266 = EDGE_CURVE ( 'NONE', #1681, #2176, #953, .T. ) ;
#267 = ADVANCED_FACE ( 'NONE', ( #312 ), #135, .T. ) ;
#268 = CARTESIAN_POINT ( 'NONE',  ( 20.00000000000000400, 3.000000000000000000, -6.700000000000001100 ) ) ;
#269 = DIRECTION ( 'NONE',  ( 1.000000000000000000, 5.102127870520018100E-017, 0.0000000000000000000 ) ) ;
#270 = CIRCLE ( 'NONE', #777, 2.999999999999999600 ) ;
#271 = CARTESIAN_POINT ( 'NONE',  ( 20.00000000000000400, 3.000000000000000000, -6.700000000000001100 ) ) ;
#272 = EDGE_LOOP ( 'NONE', ( #2207, #2375, #1676, #260 ) ) ;
#273 = VECTOR ( 'NONE', #1878, 1000.000000000000000 ) ;
#274 = VECTOR ( 'NONE', #880, 1000.000000000000000 ) ;
#275 = AXIS2_PLACEMENT_3D ( 'NONE', #1581, #2144, #1940 ) ;
#276 = PLANE ( 'NONE',  #1786 ) ;
#277 = VECTOR ( 'NONE', #220, 1000.000000000000000 ) ;
#278 = VECTOR ( 'NONE', #2040, 1000.000000000000000 ) ;
#279 = ADVANCED_FACE ( 'NONE', ( #1353 ), #374, .F. ) ;
#280 = ORIENTED_EDGE ( 'NONE', *, *, #433, .T. ) ;
#281 = VERTEX_POINT ( 'NONE', #1507 ) ;
#282 = VECTOR ( 'NONE', #820, 1000.000000000000000 ) ;
#283 = CARTESIAN_POINT ( 'NONE',  ( 17.39999999999999900, -1.000000000000000000, -2.899999999999999900 ) ) ;
#284 = EDGE_CURVE ( 'NONE', #886, #459, #2239, .T. ) ;
#285 = ORIENTED_EDGE ( 'NONE', *, *, #1218, .T. ) ;
#286 = ORIENTED_EDGE ( 'NONE', *, *, #1911, .F. ) ;
#287 = CARTESIAN_POINT ( 'NONE',  ( 0.0000000000000000000, -1.000000000000000000, 2.699999999999999700 ) ) ;
#288 = ORIENTED_EDGE ( 'NONE', *, *, #2070, .T. ) ;
#289 = ORIENTED_EDGE ( 'NONE', *, *, #1376, .T. ) ;
#290 = LINE ( 'NONE', #2347, #690 ) ;
#291 = ORIENTED_EDGE ( 'NONE', *, *, #124, .T. ) ;
#292 = DIRECTION ( 'NONE',  ( -1.000000000000000000, -0.0000000000000000000, -0.0000000000000000000 ) ) ;
#293 = AXIS2_PLACEMENT_3D ( 'NONE', #1817, #320, #1080 ) ;
#294 = ADVANCED_FACE ( 'NONE', ( #1776 ), #397, .T. ) ;
#295 = CARTESIAN_POINT ( 'NONE',  ( -1.000000000000000400, 17.59999999999999800, 2.899999999999999900 ) ) ;
#296 = AXIS2_PLACEMENT_3D ( 'NONE', #1544, #1208, #1937 ) ;
#297 = EDGE_CURVE ( 'NONE', #1352, #655, #776, .T. ) ;
#298 = CARTESIAN_POINT ( 'NONE',  ( 1.000000000000000000, -1.000000000000000700, -2.899999999999999900 ) ) ;
#299 = CARTESIAN_POINT ( 'NONE',  ( 19.00000000000000400, 0.0000000000000000000, -6.000000000000000000 ) ) ;
#300 = EDGE_CURVE ( 'NONE', #1610, #2390, #2181, .T. ) ;
#301 = PLANE ( 'NONE',  #1684 ) ;
#302 = ADVANCED_FACE ( 'NONE', ( #1127 ), #1181, .T. ) ;
#303 = VECTOR ( 'NONE', #2244, 1000.000000000000000 ) ;
#304 = DIRECTION ( 'NONE',  ( 0.7071067811865414700, -0.7071067811865536800, -0.0000000000000000000 ) ) ;
#305 = ORIENTED_EDGE ( 'NONE', *, *, #142, .T. ) ;
#306 = ORIENTED_EDGE ( 'NONE', *, *, #864, .T. ) ;
#307 = PRESENTATION_STYLE_ASSIGNMENT (( #740 ) ) ;
#308 = CARTESIAN_POINT ( 'NONE',  ( 2.000000000000000000, -1.200000000000000600, 2.899999999999999900 ) ) ;
#309 = ORIENTED_EDGE ( 'NONE', *, *, #411, .F. ) ;
#310 = EDGE_CURVE ( 'NONE', #2240, #1379, #1473, .T. ) ;
#311 = ORIENTED_EDGE ( 'NONE', *, *, #946, .F. ) ;
#312 = FACE_OUTER_BOUND ( 'NONE', #1750, .T. ) ;
#313 = DIRECTION ( 'NONE',  ( -0.0000000000000000000, 1.000000000000000000, 0.0000000000000000000 ) ) ;
#314 = VERTEX_POINT ( 'NONE', #1694 ) ;
#315 = EDGE_CURVE ( 'NONE', #76, #2001, #1378, .T. ) ;
#316 = DIRECTION ( 'NONE',  ( -1.000000000000000000, -5.102127870520018100E-017, 0.0000000000000000000 ) ) ;
#317 = VECTOR ( 'NONE', #316, 1000.000000000000000 ) ;
#318 = CARTESIAN_POINT ( 'NONE',  ( 0.0000000000000000000, 3.000000000000000000, -6.000000000000000000 ) ) ;
#319 = VERTEX_POINT ( 'NONE', #1161 ) ;
#320 = DIRECTION ( 'NONE',  ( 1.000000000000000000, 0.0000000000000000000, -0.0000000000000000000 ) ) ;
#321 = CARTESIAN_POINT ( 'NONE',  ( 2.999999999999997300, 19.99999999999999600, 6.700000000000000200 ) ) ;
#322 = AXIS2_PLACEMENT_3D ( 'NONE', #546, #1099, #2411 ) ;
#323 = CARTESIAN_POINT ( 'NONE',  ( 9.000000000000000000, 0.0000000000000000000, 0.0000000000000000000 ) ) ;
#324 = EDGE_CURVE ( 'NONE', #1787, #2034, #147, .T. ) ;
#325 = CARTESIAN_POINT ( 'NONE',  ( 0.4999999999999976100, -2.546819095414384900E-016, 6.000000000000000000 ) ) ;
#326 = CARTESIAN_POINT ( 'NONE',  ( 2.999999999999997300, 9.000000000000000000, -2.999999999999999100 ) ) ;
#327 = UNCERTAINTY_MEASURE_WITH_UNIT (LENGTH_MEASURE( 1.000000000000000100E-005 ), #1193, 'distance_accuracy_value', 'NONE');
#328 = LINE ( 'NONE', #475, #1766 ) ;
#329 = VERTEX_POINT ( 'NONE', #1568 ) ;
#330 = FACE_OUTER_BOUND ( 'NONE', #1711, .T. ) ;
#331 = VECTOR ( 'NONE', #1467, 1000.000000000000000 ) ;
#332 = ORIENTED_EDGE ( 'NONE', *, *, #117, .T. ) ;
#333 = FACE_OUTER_BOUND ( 'NONE', #1509, .T. ) ;
#334 = DIRECTION ( 'NONE',  ( 0.7071067811865477900, -0.7071067811865473500, -0.0000000000000000000 ) ) ;
#335 = ORIENTED_EDGE ( 'NONE', *, *, #864, .F. ) ;
#336 = LINE ( 'NONE', #1112, #1501 ) ;
#337 = DIRECTION ( 'NONE',  ( 0.0000000000000000000, 0.0000000000000000000, -1.000000000000000000 ) ) ;
#338 = ADVANCED_FACE ( 'NONE', ( #2325, #365, #1320 ), #606, .F. ) ;
#339 = EDGE_LOOP ( 'NONE', ( #1832, #1279, #1276, #1802 ) ) ;
#340 = ORIENTED_EDGE ( 'NONE', *, *, #187, .T. ) ;
#341 = VECTOR ( 'NONE', #2014, 1000.000000000000000 ) ;
#342 = CARTESIAN_POINT ( 'NONE',  ( 20.00000000000000400, 3.000000000000000000, 6.700000000000000200 ) ) ;
#343 = ORIENTED_EDGE ( 'NONE', *, *, #2265, .T. ) ;
#344 = FACE_OUTER_BOUND ( 'NONE', #1096, .T. ) ;
#345 = EDGE_CURVE ( 'NONE', #1152, #2184, #684, .T. ) ;
#346 = EDGE_LOOP ( 'NONE', ( #1448, #2118, #656, #692 ) ) ;
#347 = CARTESIAN_POINT ( 'NONE',  ( 1.000000000000000200, 1.000000000000000000, -2.899999999999999900 ) ) ;
#348 = CARTESIAN_POINT ( 'NONE',  ( -1.000000000000000400, 17.39999999999999900, 2.899999999999999900 ) ) ;
#349 = AXIS2_PLACEMENT_3D ( 'NONE', #1642, #1680, #1287 ) ;
#350 = PLANE ( 'NONE',  #695 ) ;
#351 = CARTESIAN_POINT ( 'NONE',  ( 2.000000000000000000, -1.000000000000000400, -2.699999999999999300 ) ) ;
#352 = EDGE_CURVE ( 'NONE', #2396, #716, #895, .T. ) ;
#353 = PLANE ( 'NONE',  #1597 ) ;
#354 = LINE ( 'NONE', #58, #496 ) ;
#355 = VECTOR ( 'NONE', #770, 1000.000000000000000 ) ;
#356 = ADVANCED_FACE ( 'NONE', ( #483 ), #930, .T. ) ;
#357 = ORIENTED_EDGE ( 'NONE', *, *, #1396, .F. ) ;
#358 = LINE ( 'NONE', #1253, #2026 ) ;
#359 = ORIENTED_EDGE ( 'NONE', *, *, #2103, .T. ) ;
#360 = FACE_OUTER_BOUND ( 'NONE', #1183, .T. ) ;
#361 = ORIENTED_EDGE ( 'NONE', *, *, #1057, .T. ) ;
#362 = CARTESIAN_POINT ( 'NONE',  ( 17.39999999999999900, -1.117157287525381000, 2.899999999999999500 ) ) ;
#363 = ORIENTED_EDGE ( 'NONE', *, *, #698, .T. ) ;
#364 = CARTESIAN_POINT ( 'NONE',  ( 17.39999999999999900, 1.000000000000000000, 2.899999999999999900 ) ) ;
#365 = FACE_OUTER_BOUND ( 'NONE', #449, .T. ) ;
#366 = CARTESIAN_POINT ( 'NONE',  ( 0.0000000000000000000, 0.0000000000000000000, -6.000000000000000000 ) ) ;
#367 = ORIENTED_EDGE ( 'NONE', *, *, #1687, .F. ) ;
#368 = VECTOR ( 'NONE', #971, 1000.000000000000000 ) ;
#369 = EDGE_CURVE ( 'NONE', #865, #76, #870, .T. ) ;
#370 = CARTESIAN_POINT ( 'NONE',  ( 1.000000000000000000, 19.00000000000000400, -6.000000000000000000 ) ) ;
#371 = CARTESIAN_POINT ( 'NONE',  ( -1.200000000000000600, 17.59999999999999800, -2.699999999999999300 ) ) ;
#372 = CARTESIAN_POINT ( 'NONE',  ( -1.200000000000000600, 17.39999999999999900, 2.899999999999999900 ) ) ;
#373 = CARTESIAN_POINT ( 'NONE',  ( 20.00000000000000400, 9.000000000000000000, 2.999999999999999600 ) ) ;
#374 = PLANE ( 'NONE',  #200 ) ;
#375 = CARTESIAN_POINT ( 'NONE',  ( 2.999999999999997300, 19.99999999999999600, -6.500000000000000900 ) ) ;
#376 = LINE ( 'NONE', #230, #2115 ) ;
#377 = ORIENTED_EDGE ( 'NONE', *, *, #543, .T. ) ;
#378 = EDGE_CURVE ( 'NONE', #865, #2298, #2123, .T. ) ;
#379 = VECTOR ( 'NONE', #1664, 1000.000000000000000 ) ;
#380 = CARTESIAN_POINT ( 'NONE',  ( 18.39999999999999900, -1.000000000000000000, 2.899999999999999900 ) ) ;
#381 = DIRECTION ( 'NONE',  ( -1.000000000000000000, 0.0000000000000000000, 0.0000000000000000000 ) ) ;
#382 = ORIENTED_EDGE ( 'NONE', *, *, #1600, .T. ) ;
#383 = LINE ( 'NONE', #987, #738 ) ;
#384 = SURFACE_STYLE_FILL_AREA ( #1365 ) ;
#385 = DIRECTION ( 'NONE',  ( -0.7071067811865476800, 0.7071067811865473500, 0.0000000000000000000 ) ) ;
#386 = VERTEX_POINT ( 'NONE', #1024 ) ;
#387 = VERTEX_POINT ( 'NONE', #2166 ) ;
#388 = ORIENTED_EDGE ( 'NONE', *, *, #1016, .F. ) ;
#389 = VECTOR ( 'NONE', #7, 1000.000000000000000 ) ;
#390 = EDGE_LOOP ( 'NONE', ( #186, #2187, #1068, #1526 ) ) ;
#391 = EDGE_LOOP ( 'NONE', ( #2273, #159, #2006, #711, #1843, #677, #984, #1074, #2380, #1234 ) ) ;
#392 = ORIENTED_EDGE ( 'NONE', *, *, #1818, .T. ) ;
#393 = CARTESIAN_POINT ( 'NONE',  ( 1.000000000000000000, 2.000000000000000000, 2.899999999999999900 ) ) ;
#394 = ORIENTED_EDGE ( 'NONE', *, *, #2171, .T. ) ;
#395 = EDGE_LOOP ( 'NONE', ( #1783, #86, #2330, #377 ) ) ;
#396 = VERTEX_POINT ( 'NONE', #132 ) ;
#397 = PLANE ( 'NONE',  #440 ) ;
#398 = EDGE_LOOP ( 'NONE', ( #1125, #1538, #1774, #1347 ) ) ;
#399 = CARTESIAN_POINT ( 'NONE',  ( 1.000000000000000200, 1.000000000000000000, -6.000000000000000000 ) ) ;
#400 = EDGE_CURVE ( 'NONE', #25, #1148, #2357, .T. ) ;
#401 = CARTESIAN_POINT ( 'NONE',  ( 2.999999999999996400, 19.99999999999999600, -6.582842712474619200 ) ) ;
#402 = CARTESIAN_POINT ( 'NONE',  ( 20.00000000000000400, 3.000000000000000000, -8.300000000000000700 ) ) ;
#403 = CARTESIAN_POINT ( 'NONE',  ( 19.85857864376269400, 2.858578643762690300, -8.300000000000000700 ) ) ;
#404 = CARTESIAN_POINT ( 'NONE',  ( 0.4999999999999968900, 0.0000000000000000000, -6.000000000000000000 ) ) ;
#405 = AXIS2_PLACEMENT_3D ( 'NONE', #1595, #106, #115 ) ;
#406 = CARTESIAN_POINT ( 'NONE',  ( 3.000000000000000000, 19.99999999999999600, -6.700000000000000200 ) ) ;
#407 = VECTOR ( 'NONE', #1689, 1000.000000000000000 ) ;
#408 = AXIS2_PLACEMENT_3D ( 'NONE', #351, #1900, #1726 ) ;
#409 = DIRECTION ( 'NONE',  ( -0.0000000000000000000, 1.000000000000000000, -0.0000000000000000000 ) ) ;
#410 = LINE ( 'NONE', #1939, #1055 ) ;
#411 = EDGE_CURVE ( 'NONE', #2037, #2388, #2149, .T. ) ;
#412 = LINE ( 'NONE', #228, #355 ) ;
#413 = DIRECTION ( 'NONE',  ( 0.0000000000000000000, 0.0000000000000000000, 1.000000000000000000 ) ) ;
#414 = LINE ( 'NONE', #819, #1233 ) ;
#415 = EDGE_CURVE ( 'NONE', #77, #319, #2035, .T. ) ;
#416 = DIRECTION ( 'NONE',  ( -1.084202172485504400E-016, 1.000000000000000000, -0.0000000000000000000 ) ) ;
#417 = ORIENTED_EDGE ( 'NONE', *, *, #964, .T. ) ;
#418 = PLANE ( 'NONE',  #1115 ) ;
#419 = LINE ( 'NONE', #2078, #2414 ) ;
#420 = ORIENTED_EDGE ( 'NONE', *, *, #1418, .T. ) ;
#421 = VERTEX_POINT ( 'NONE', #1034 ) ;
#422 = LINE ( 'NONE', #11, #193 ) ;
#423 = VERTEX_POINT ( 'NONE', #856 ) ;
#424 = VECTOR ( 'NONE', #1168, 1000.000000000000100 ) ;
#425 = CARTESIAN_POINT ( 'NONE',  ( 11.49999999999999600, 20.00000000000000000, 3.000000000000000000 ) ) ;
#426 = DIRECTION ( 'NONE',  ( -0.0000000000000000000, -0.0000000000000000000, 1.000000000000000000 ) ) ;
#427 = AXIS2_PLACEMENT_3D ( 'NONE', #323, #504, #1820 ) ;
#428 = VERTEX_POINT ( 'NONE', #283 ) ;
#429 = EDGE_CURVE ( 'NONE', #1624, #2303, #2177, .T. ) ;
#430 =( BOUNDED_CURVE ( )  B_SPLINE_CURVE ( 3, ( #900, #2400, #1135, #2232 ),
 .UNSPECIFIED., .F., .F. ) 
 B_SPLINE_CURVE_WITH_KNOTS ( ( 4, 4 ),
 ( 4.712388980384689700, 6.283185307179586200 ),
 .UNSPECIFIED. ) 
 CURVE ( )  GEOMETRIC_REPRESENTATION_ITEM ( )  RATIONAL_B_SPLINE_CURVE ( ( 1.000000000000000000, 0.8047378541243649400, 0.8047378541243649400, 1.000000000000000000 ) ) 
 REPRESENTATION_ITEM ( '' )  );
#431 = CARTESIAN_POINT ( 'NONE',  ( 3.000000000000000000, -1.288370487864006100E-016, 6.000000000000000000 ) ) ;
#432 = PLANE ( 'NONE',  #296 ) ;
#433 = EDGE_CURVE ( 'NONE', #811, #421, #651, .T. ) ;
#434 = DIRECTION ( 'NONE',  ( 0.0000000000000000000, 0.0000000000000000000, -1.000000000000000000 ) ) ;
#435 = PLANE ( 'NONE',  #148 ) ;
#436 = DIRECTION ( 'NONE',  ( 0.0000000000000000000, -0.0000000000000000000, 1.000000000000000000 ) ) ;
#437 = DIRECTION ( 'NONE',  ( 0.0000000000000000000, 0.0000000000000000000, -1.000000000000000000 ) ) ;
#438 = AXIS2_PLACEMENT_3D ( 'NONE', #1167, #661, #1076 ) ;
#439 = DIRECTION ( 'NONE',  ( -1.000000000000000000, -7.885106708985485100E-016, 0.0000000000000000000 ) ) ;
#440 = AXIS2_PLACEMENT_3D ( 'NONE', #788, #1710, #595 ) ;
#441 = FACE_OUTER_BOUND ( 'NONE', #538, .T. ) ;
#442 = ORIENTED_EDGE ( 'NONE', *, *, #826, .T. ) ;
#443 = VECTOR ( 'NONE', #983, 1000.000000000000000 ) ;
#444 = EDGE_CURVE ( 'NONE', #2184, #2096, #1017, .T. ) ;
#445 = ORIENTED_EDGE ( 'NONE', *, *, #34, .T. ) ;
#446 = FACE_BOUND ( 'NONE', #390, .T. ) ;
#447 = CARTESIAN_POINT ( 'NONE',  ( 2.917157287525380400, 19.79999999999999700, 8.500000000000000000 ) ) ;
#448 = DIRECTION ( 'NONE',  ( -1.000000000000000000, -0.0000000000000000000, -0.0000000000000000000 ) ) ;
#449 = EDGE_LOOP ( 'NONE', ( #1431, #665, #26, #750, #1123, #2147, #572, #1529, #227, #155 ) ) ;
#450 = EDGE_LOOP ( 'NONE', ( #1179, #219, #2013, #1803 ) ) ;
#451 = LINE ( 'NONE', #2225, #1298 ) ;
#452 = CARTESIAN_POINT ( 'NONE',  ( -1.200000000000000600, 1.800000000000000000, 2.899999999999999900 ) ) ;
#453 = DIRECTION ( 'NONE',  ( -1.971276677246371000E-016, 1.000000000000000000, 0.0000000000000000000 ) ) ;
#454 = VERTEX_POINT ( 'NONE', #659 ) ;
#455 = ORIENTED_EDGE ( 'NONE', *, *, #721, .T. ) ;
#456 = LINE ( 'NONE', #2311, #1381 ) ;
#457 = DIRECTION ( 'NONE',  ( 0.0000000000000000000, 1.000000000000000000, 0.0000000000000000000 ) ) ;
#458 = ORIENTED_EDGE ( 'NONE', *, *, #1790, .T. ) ;
#459 = VERTEX_POINT ( 'NONE', #489 ) ;
#460 = CARTESIAN_POINT ( 'NONE',  ( 1.000000000000000000, 1.000000000000000200, 2.899999999999999900 ) ) ;
#461 = DIRECTION ( 'NONE',  ( 1.000000000000000000, -0.0000000000000000000, -0.0000000000000000000 ) ) ;
#462 = AXIS2_PLACEMENT_3D ( 'NONE', #761, #413, #2080 ) ;
#463 = EDGE_CURVE ( 'NONE', #201, #557, #1748, .T. ) ;
#464 = DIRECTION ( 'NONE',  ( 1.000000000000000000, 0.0000000000000000000, 0.0000000000000000000 ) ) ;
#465 = CARTESIAN_POINT ( 'NONE',  ( 0.0000000000000000000, 3.000000000000000000, -6.000000000000000000 ) ) ;
#466 = EDGE_CURVE ( 'NONE', #838, #1787, #1646, .T. ) ;
#467 = DIRECTION ( 'NONE',  ( 0.7071067811865474600, 0.7071067811865475700, -0.0000000000000000000 ) ) ;
#468 = DIRECTION ( 'NONE',  ( 0.0000000000000000000, -1.000000000000000000, 0.0000000000000000000 ) ) ;
#469 = ADVANCED_FACE ( 'NONE', ( #1713 ), #1061, .T. ) ;
#470 = LINE ( 'NONE', #521, #968 ) ;
#471 = CARTESIAN_POINT ( 'NONE',  ( 17.39999999999999900, -1.200000000000000200, 2.699999999999999700 ) ) ;
#472 = LINE ( 'NONE', #796, #2406 ) ;
#473 = LINE ( 'NONE', #145, #2287 ) ;
#474 = UNCERTAINTY_MEASURE_WITH_UNIT (LENGTH_MEASURE( 1.000000000000000100E-005 ), #261, 'distance_accuracy_value', 'NONE');
#475 = CARTESIAN_POINT ( 'NONE',  ( 2.999999999999997300, 3.300000000000004300, -6.500000000000000900 ) ) ;
#476 = LINE ( 'NONE', #654, #2410 ) ;
#477 = VERTEX_POINT ( 'NONE', #298 ) ;
#478 = VECTOR ( 'NONE', #1306, 1000.000000000000000 ) ;
#479 = DIRECTION ( 'NONE',  ( 0.0000000000000000000, -0.0000000000000000000, 1.000000000000000000 ) ) ;
#480 = EDGE_CURVE ( 'NONE', #2067, #534, #109, .T. ) ;
#481 = ORIENTED_EDGE ( 'NONE', *, *, #1801, .T. ) ;
#482 = VERTEX_POINT ( 'NONE', #1585 ) ;
#483 = FACE_OUTER_BOUND ( 'NONE', #1876, .T. ) ;
#484 = DIRECTION ( 'NONE',  ( -1.000000000000000000, -0.0000000000000000000, -0.0000000000000000000 ) ) ;
#485 = ADVANCED_FACE ( 'NONE', ( #2094 ), #645, .F. ) ;
#486 = EDGE_LOOP ( 'NONE', ( #893, #1775, #1301, #737 ) ) ;
#487 = DIRECTION ( 'NONE',  ( -0.0000000000000000000, 0.0000000000000000000, 1.000000000000000000 ) ) ;
#488 = FACE_OUTER_BOUND ( 'NONE', #1644, .T. ) ;
#489 = CARTESIAN_POINT ( 'NONE',  ( 1.000000000000000000, -1.000000000000000700, 2.899999999999999900 ) ) ;
#490 = ORIENTED_EDGE ( 'NONE', *, *, #2285, .F. ) ;
#491 = DIRECTION ( 'NONE',  ( 0.0000000000000000000, 0.0000000000000000000, 1.000000000000000000 ) ) ;
#492 = AXIS2_PLACEMENT_3D ( 'NONE', #2228, #172, #1309 ) ;
#493 = CARTESIAN_POINT ( 'NONE',  ( 20.00000000000000000, 3.000000000000000000, 6.500000000000000900 ) ) ;
#494 = AXIS2_PLACEMENT_3D ( 'NONE', #287, #2121, #1931 ) ;
#495 = CARTESIAN_POINT ( 'NONE',  ( -2.602085213965210600E-015, 20.00000000000000000, 8.300000000000000700 ) ) ;
#496 = VECTOR ( 'NONE', #1354, 1000.000000000000000 ) ;
#497 = ORIENTED_EDGE ( 'NONE', *, *, #1816, .T. ) ;
#498 = LINE ( 'NONE', #1366, #1202 ) ;
#499 = CARTESIAN_POINT ( 'NONE',  ( 9.000000000000000000, 0.0000000000000000000, -3.000000000000000000 ) ) ;
#500 = ADVANCED_FACE ( 'NONE', ( #360 ), #1792, .F. ) ;
#501 = ORIENTED_EDGE ( 'NONE', *, *, #429, .F. ) ;
#502 = VECTOR ( 'NONE', #1247, 1000.000000000000000 ) ;
#503 = FACE_OUTER_BOUND ( 'NONE', #255, .T. ) ;
#504 = DIRECTION ( 'NONE',  ( 0.0000000000000000000, 1.000000000000000000, 0.0000000000000000000 ) ) ;
#505 = ORIENTED_EDGE ( 'NONE', *, *, #173, .F. ) ;
#506 = EDGE_CURVE ( 'NONE', #1506, #1982, #1153, .T. ) ;
#507 = ORIENTED_EDGE ( 'NONE', *, *, #2081, .F. ) ;
#508 = LINE ( 'NONE', #1867, #24 ) ;
#509 = EDGE_LOOP ( 'NONE', ( #84, #2360, #22, #753 ) ) ;
#510 = ORIENTED_EDGE ( 'NONE', *, *, #2222, .F. ) ;
#511 = EDGE_CURVE ( 'NONE', #2034, #477, #2297, .T. ) ;
#512 = DIRECTION ( 'NONE',  ( -1.000000000000000000, 0.0000000000000000000, -0.0000000000000000000 ) ) ;
#513 = ORIENTED_EDGE ( 'NONE', *, *, #721, .F. ) ;
#514 = CARTESIAN_POINT ( 'NONE',  ( 0.0000000000000000000, 19.00000000000000400, -6.000000000000000000 ) ) ;
#515 = CARTESIAN_POINT ( 'NONE',  ( 19.00000000000000400, 1.000000000000000000, -6.000000000000000000 ) ) ;
#516 = ORIENTED_EDGE ( 'NONE', *, *, #672, .T. ) ;
#517 = ADVANCED_FACE ( 'NONE', ( #1918 ), #1212, .T. ) ;
#518 = CARTESIAN_POINT ( 'NONE',  ( 18.39999999999999900, -1.000000000000000000, 2.899999999999999900 ) ) ;
#519 = AXIS2_PLACEMENT_3D ( 'NONE', #697, #128, #2178 ) ;
#520 = PLANE ( 'NONE',  #2368 ) ;
#521 = CARTESIAN_POINT ( 'NONE',  ( 1.000000000000000000, 3.000000000000000000, -2.899999999999999900 ) ) ;
#522 = EDGE_CURVE ( 'NONE', #1917, #1779, #131, .T. ) ;
#523 = CARTESIAN_POINT ( 'NONE',  ( 17.39999999999999900, -1.200000000000000200, 2.899999999999999900 ) ) ;
#524 = DIRECTION ( 'NONE',  ( -0.0000000000000000000, -0.0000000000000000000, 1.000000000000000000 ) ) ;
#525 = ADVANCED_FACE ( 'NONE', ( #1496 ), #700, .F. ) ;
#526 = DIRECTION ( 'NONE',  ( 0.0000000000000000000, 0.0000000000000000000, 1.000000000000000000 ) ) ;
#527 = VECTOR ( 'NONE', #1449, 1000.000000000000000 ) ;
#528 = DIRECTION ( 'NONE',  ( -1.000000000000000000, 0.0000000000000000000, 0.0000000000000000000 ) ) ;
#529 = VECTOR ( 'NONE', #885, 1000.000000000000000 ) ;
#530 = ORIENTED_EDGE ( 'NONE', *, *, #124, .F. ) ;
#531 = LINE ( 'NONE', #1949, #1976 ) ;
#532 =( BOUNDED_CURVE ( )  B_SPLINE_CURVE ( 3, ( #540, #2045, #362, #2227 ),
 .UNSPECIFIED., .F., .F. ) 
 B_SPLINE_CURVE_WITH_KNOTS ( ( 4, 4 ),
 ( 4.712388980384689700, 6.283185307179586200 ),
 .UNSPECIFIED. ) 
 CURVE ( )  GEOMETRIC_REPRESENTATION_ITEM ( )  RATIONAL_B_SPLINE_CURVE ( ( 1.000000000000000000, 0.8047378541243649400, 0.8047378541243649400, 1.000000000000000000 ) ) 
 REPRESENTATION_ITEM ( '' )  );
#533 = AXIS2_PLACEMENT_3D ( 'NONE', #1823, #1451, #691 ) ;
#534 = VERTEX_POINT ( 'NONE', #881 ) ;
#535 = VECTOR ( 'NONE', #1881, 1000.000000000000000 ) ;
#536 = CARTESIAN_POINT ( 'NONE',  ( 1.000000000000000200, 1.000000000000000000, -6.000000000000000000 ) ) ;
#537 = ORIENTED_EDGE ( 'NONE', *, *, #151, .F. ) ;
#538 = EDGE_LOOP ( 'NONE', ( #2058, #1268, #335, #1177 ) ) ;
#539 = ADVANCED_FACE ( 'NONE', ( #17 ), #1235, .T. ) ;
#540 = CARTESIAN_POINT ( 'NONE',  ( 17.59999999999999800, -1.200000000000000200, 2.699999999999999700 ) ) ;
#541 = CARTESIAN_POINT ( 'NONE',  ( 20.00000000000000400, 3.000000000000000000, -8.300000000000002500 ) ) ;
#542 = LINE ( 'NONE', #2185, #56 ) ;
#543 = EDGE_CURVE ( 'NONE', #1351, #2396, #2059, .T. ) ;
#544 = DIRECTION ( 'NONE',  ( 1.577021341797097000E-015, -1.000000000000000000, 0.0000000000000000000 ) ) ;
#545 = DIRECTION ( 'NONE',  ( 0.0000000000000000000, 0.0000000000000000000, -1.000000000000000000 ) ) ;
#546 = CARTESIAN_POINT ( 'NONE',  ( 2.168404344971008900E-016, 16.80000000000000100, -6.000000000000000000 ) ) ;
#547 = CARTESIAN_POINT ( 'NONE',  ( -1.000000000000000000, 0.9999999999999986700, 2.899999999999999900 ) ) ;
#548 = CARTESIAN_POINT ( 'NONE',  ( -1.200000000000000600, 2.000000000000000000, 2.899999999999999900 ) ) ;
#549 = PLANE ( 'NONE',  #462 ) ;
#550 = EDGE_CURVE ( 'NONE', #1708, #1610, #1804, .T. ) ;
#551 =( NAMED_UNIT ( * ) PLANE_ANGLE_UNIT ( ) SI_UNIT ( $, .RADIAN. ) );
#552 = FACE_OUTER_BOUND ( 'NONE', #1164, .T. ) ;
#553 = CARTESIAN_POINT ( 'NONE',  ( 2.999999999999995600, 11.50000000000000000, 3.000000000000000000 ) ) ;
#554 = ORIENTED_EDGE ( 'NONE', *, *, #444, .T. ) ;
#555 = LINE ( 'NONE', #2196, #529 ) ;
#556 = DIRECTION ( 'NONE',  ( -0.0000000000000000000, 1.000000000000000000, 0.0000000000000000000 ) ) ;
#557 = VERTEX_POINT ( 'NONE', #141 ) ;
#558 = LINE ( 'NONE', #1565, #75 ) ;
#559 = ORIENTED_EDGE ( 'NONE', *, *, #2130, .T. ) ;
#560 = ORIENTED_EDGE ( 'NONE', *, *, #2271, .F. ) ;
#561 = ORIENTED_EDGE ( 'NONE', *, *, #463, .F. ) ;
#562 = LINE ( 'NONE', #852, #2267 ) ;
#563 = EDGE_CURVE ( 'NONE', #2303, #1352, #1551, .T. ) ;
#564 = ORIENTED_EDGE ( 'NONE', *, *, #563, .T. ) ;
#565 = ORIENTED_EDGE ( 'NONE', *, *, #378, .T. ) ;
#566 = ORIENTED_EDGE ( 'NONE', *, *, #1773, .F. ) ;
#567 = ORIENTED_EDGE ( 'NONE', *, *, #1872, .T. ) ;
#568 = ORIENTED_EDGE ( 'NONE', *, *, #2141, .T. ) ;
#569 = CARTESIAN_POINT ( 'NONE',  ( 19.88284271247461600, 3.000000000000000000, 6.500000000000001800 ) ) ;
#570 = ORIENTED_EDGE ( 'NONE', *, *, #1376, .F. ) ;
#571 = CARTESIAN_POINT ( 'NONE',  ( 1.000000000000000000, -1.200000000000000600, 2.899999999999999900 ) ) ;
#572 = ORIENTED_EDGE ( 'NONE', *, *, #1108, .F. ) ;
#573 = CARTESIAN_POINT ( 'NONE',  ( -1.200000000000000600, 18.39999999999999900, -2.699999999999999300 ) ) ;
#574 = DIRECTION ( 'NONE',  ( 0.0000000000000000000, 0.0000000000000000000, -1.000000000000000000 ) ) ;
#575 = CARTESIAN_POINT ( 'NONE',  ( 1.800000000000000000, -1.200000000000000600, 2.899999999999999900 ) ) ;
#576 = AXIS2_PLACEMENT_3D ( 'NONE', #2192, #1437, #1660 ) ;
#577 = DIRECTION ( 'NONE',  ( 0.0000000000000000000, 0.0000000000000000000, 1.000000000000000000 ) ) ;
#578 = CARTESIAN_POINT ( 'NONE',  ( 18.19999999999999900, -1.200000000000000200, 2.899999999999999900 ) ) ;
#579 = FACE_OUTER_BOUND ( 'NONE', #1828, .T. ) ;
#580 = EDGE_CURVE ( 'NONE', #1210, #1209, #1528, .T. ) ;
#581 = CYLINDRICAL_SURFACE ( 'NONE', #349, 0.1999999999999987900 ) ;
#582 = CARTESIAN_POINT ( 'NONE',  ( 0.0000000000000000000, 0.0000000000000000000, 6.500000000000000900 ) ) ;
#583 = FACE_OUTER_BOUND ( 'NONE', #1036, .T. ) ;
#584 = VECTOR ( 'NONE', #1327, 1000.000000000000000 ) ;
#585 = ORIENTED_EDGE ( 'NONE', *, *, #1993, .F. ) ;
#586 = VECTOR ( 'NONE', #1257, 1000.000000000000000 ) ;
#587 = DIRECTION ( 'NONE',  ( 1.000000000000000000, 0.0000000000000000000, 0.0000000000000000000 ) ) ;
#588 = CARTESIAN_POINT ( 'NONE',  ( 0.0000000000000000000, 0.0000000000000000000, -6.000000000000000000 ) ) ;
#589 = ORIENTED_EDGE ( 'NONE', *, *, #3, .F. ) ;
#590 = ORIENTED_EDGE ( 'NONE', *, *, #2113, .T. ) ;
#591 = CARTESIAN_POINT ( 'NONE',  ( 17.39999999999999900, -1.000000000000000000, -2.899999999999999900 ) ) ;
#592 = CARTESIAN_POINT ( 'NONE',  ( -6.505213034913041400E-017, 0.5000000000000004400, 8.500000000000000000 ) ) ;
#593 = EDGE_LOOP ( 'NONE', ( #1864, #657, #2269, #832 ) ) ;
#594 = ORIENTED_EDGE ( 'NONE', *, *, #954, .F. ) ;
#595 = DIRECTION ( 'NONE',  ( -1.000000000000000000, 0.0000000000000000000, -0.0000000000000000000 ) ) ;
#596 = FACE_OUTER_BOUND ( 'NONE', #67, .T. ) ;
#597 = PLANE ( 'NONE',  #438 ) ;
#598 = ORIENTED_EDGE ( 'NONE', *, *, #1669, .F. ) ;
#599 = EDGE_CURVE ( 'NONE', #16, #1494, #1295, .T. ) ;
#600 = DIRECTION ( 'NONE',  ( 0.0000000000000000000, 0.0000000000000000000, 1.000000000000000000 ) ) ;
#601 = CARTESIAN_POINT ( 'NONE',  ( 1.000000000000000000, 1.000000000000000200, 2.899999999999999900 ) ) ;
#602 =( BOUNDED_CURVE ( )  B_SPLINE_CURVE ( 3, ( #48, #569, #1888, #1739 ),
 .UNSPECIFIED., .F., .F. ) 
 B_SPLINE_CURVE_WITH_KNOTS ( ( 4, 4 ),
 ( 4.712388980384689700, 6.283185307179586200 ),
 .UNSPECIFIED. ) 
 CURVE ( )  GEOMETRIC_REPRESENTATION_ITEM ( )  RATIONAL_B_SPLINE_CURVE ( ( 1.000000000000000000, 0.8047378541243649400, 0.8047378541243649400, 1.000000000000000000 ) ) 
 REPRESENTATION_ITEM ( '' )  );
#603 = DIRECTION ( 'NONE',  ( 0.0000000000000000000, 0.0000000000000000000, -1.000000000000000000 ) ) ;
#604 = CARTESIAN_POINT ( 'NONE',  ( 2.999999999999997300, 19.71715728752538200, 6.500000000000000900 ) ) ;
#605 = CARTESIAN_POINT ( 'NONE',  ( 18.19999999999999900, -1.200000000000000200, 2.699999999999999700 ) ) ;
#606 = PLANE ( 'NONE',  #1425 ) ;
#607 = FACE_OUTER_BOUND ( 'NONE', #1980, .T. ) ;
#608 = PLANE ( 'NONE',  #1609 ) ;
#609 = VERTEX_POINT ( 'NONE', #1631 ) ;
#610 = VECTOR ( 'NONE', #2221, 1000.000000000000000 ) ;
#611 = CARTESIAN_POINT ( 'NONE',  ( 2.999999999999997300, 19.99999999999999600, -8.300000000000002500 ) ) ;
#612 = VERTEX_POINT ( 'NONE', #518 ) ;
#613 = CARTESIAN_POINT ( 'NONE',  ( 2.965685424949237700, 19.91715728752538400, 8.500000000000001800 ) ) ;
#614 = VERTEX_POINT ( 'NONE', #1837 ) ;
#615 = VECTOR ( 'NONE', #304, 1000.000000000000000 ) ;
#616 = VERTEX_POINT ( 'NONE', #326 ) ;
#617 = ORIENTED_EDGE ( 'NONE', *, *, #1963, .T. ) ;
#618 = LINE ( 'NONE', #735, #840 ) ;
#619 = DIRECTION ( 'NONE',  ( 0.0000000000000000000, 0.0000000000000000000, -1.000000000000000000 ) ) ;
#620 = VERTEX_POINT ( 'NONE', #1643 ) ;
#621 = ORIENTED_EDGE ( 'NONE', *, *, #324, .F. ) ;
#622 = ORIENTED_EDGE ( 'NONE', *, *, #672, .F. ) ;
#623 = DIRECTION ( 'NONE',  ( 0.7071067811865477900, -0.7071067811865473500, -0.0000000000000000000 ) ) ;
#624 = VECTOR ( 'NONE', #292, 1000.000000000000000 ) ;
#625 = CARTESIAN_POINT ( 'NONE',  ( 1.000000000000000000, 18.40000000000000200, 2.899999999999999900 ) ) ;
#626 = CARTESIAN_POINT ( 'NONE',  ( 1.000000000000000000, 19.00000000000000400, -6.000000000000000000 ) ) ;
#627 = ORIENTED_EDGE ( 'NONE', *, *, #2130, .F. ) ;
#628 = EDGE_CURVE ( 'NONE', #2100, #201, #924, .T. ) ;
#629 = VERTEX_POINT ( 'NONE', #2019 ) ;
#630 = DIRECTION ( 'NONE',  ( -0.0000000000000000000, -1.000000000000000000, -0.0000000000000000000 ) ) ;
#631 = DIRECTION ( 'NONE',  ( 0.7071067811865475700, -0.7071067811865474600, 0.0000000000000000000 ) ) ;
#632 = EDGE_CURVE ( 'NONE', #477, #838, #6, .T. ) ;
#633 = PLANE ( 'NONE',  #876 ) ;
#634 = CARTESIAN_POINT ( 'NONE',  ( 2.858578643762687700, 19.85857864376268700, -6.500000000000000900 ) ) ;
#635 = DIRECTION ( 'NONE',  ( -0.0000000000000000000, -0.0000000000000000000, -1.000000000000000000 ) ) ;
#636 = ADVANCED_FACE ( 'NONE', ( #46 ), #2025, .F. ) ;
#637 = DIRECTION ( 'NONE',  ( 0.7071067811865474600, 0.7071067811865474600, 0.0000000000000000000 ) ) ;
#638 = CARTESIAN_POINT ( 'NONE',  ( -1.200000000000000200, 1.199999999999998800, 2.899999999999999900 ) ) ;
#639 = LINE ( 'NONE', #215, #644 ) ;
#640 = DIRECTION ( 'NONE',  ( 0.0000000000000000000, 0.0000000000000000000, 1.000000000000000000 ) ) ;
#641 = CARTESIAN_POINT ( 'NONE',  ( 1.000000000000000000, 19.00000000000000400, 6.000000000000000000 ) ) ;
#642 = ORIENTED_EDGE ( 'NONE', *, *, #1459, .F. ) ;
#643 = VECTOR ( 'NONE', #1873, 1000.000000000000000 ) ;
#644 = VECTOR ( 'NONE', #1514, 1000.000000000000000 ) ;
#645 = PLANE ( 'NONE',  #2124 ) ;
#646 = EDGE_CURVE ( 'NONE', #886, #869, #977, .T. ) ;
#647 = VECTOR ( 'NONE', #1819, 1000.000000000000000 ) ;
#648 = CARTESIAN_POINT ( 'NONE',  ( -2.602085213965210600E-015, 20.00000000000000000, 8.500000000000000000 ) ) ;
#649 = ADVANCED_FACE ( 'NONE', ( #1000, #1981 ), #1493, .F. ) ;
#650 = ORIENTED_EDGE ( 'NONE', *, *, #2397, .T. ) ;
#651 = LINE ( 'NONE', #2340, #1348 ) ;
#652 = APPLICATION_PROTOCOL_DEFINITION ( 'draft international standard', 'automotive_design', 1998, #666 ) ;
#653 = DIRECTION ( 'NONE',  ( -0.0000000000000000000, -0.0000000000000000000, 1.000000000000000000 ) ) ;
#654 = CARTESIAN_POINT ( 'NONE',  ( 11.49999999999999600, 0.0000000000000000000, 3.000000000000000000 ) ) ;
#655 = VERTEX_POINT ( 'NONE', #1446 ) ;
#656 = ORIENTED_EDGE ( 'NONE', *, *, #823, .F. ) ;
#657 = ORIENTED_EDGE ( 'NONE', *, *, #1196, .T. ) ;
#658 = ORIENTED_EDGE ( 'NONE', *, *, #1727, .F. ) ;
#659 = CARTESIAN_POINT ( 'NONE',  ( 19.80000000000000400, 2.917157287525372800, 8.500000000000000000 ) ) ;
#660 = VERTEX_POINT ( 'NONE', #371 ) ;
#661 = DIRECTION ( 'NONE',  ( 0.7071067811865536800, 0.7071067811865414700, -0.0000000000000000000 ) ) ;
#662 = CARTESIAN_POINT ( 'NONE',  ( 19.00000000000000400, 1.000000000000000000, 6.000000000000000000 ) ) ;
#663 = CARTESIAN_POINT ( 'NONE',  ( -1.200000000000000600, 2.000000000000000000, 2.899999999999999900 ) ) ;
#664 = LINE ( 'NONE', #2131, #2160 ) ;
#665 = ORIENTED_EDGE ( 'NONE', *, *, #908, .T. ) ;
#666 = APPLICATION_CONTEXT ( 'automotive_design' ) ;
#667 = CARTESIAN_POINT ( 'NONE',  ( 0.0000000000000000000, 19.00000000000000400, 6.000000000000000000 ) ) ;
#668 = AXIS2_PLACEMENT_3D ( 'NONE', #709, #337, #512 ) ;
#669 = EDGE_CURVE ( 'NONE', #1796, #655, #717, .T. ) ;
#670 = DIRECTION ( 'NONE',  ( -1.000000000000000000, -0.0000000000000000000, -0.0000000000000000000 ) ) ;
#671 = PLANE ( 'NONE',  #668 ) ;
#672 = EDGE_CURVE ( 'NONE', #616, #1180, #419, .T. ) ;
#673 = PLANE ( 'NONE',  #1423 ) ;
#674 = CARTESIAN_POINT ( 'NONE',  ( -2.602085213965210600E-015, 20.00000000000000000, 8.500000000000000000 ) ) ;
#675 = LINE ( 'NONE', #625, #1859 ) ;
#676 = AXIS2_PLACEMENT_3D ( 'NONE', #1482, #2236, #2038 ) ;
#677 = ORIENTED_EDGE ( 'NONE', *, *, #217, .T. ) ;
#678 = VECTOR ( 'NONE', #178, 1000.000000000000000 ) ;
#679 = ORIENTED_EDGE ( 'NONE', *, *, #762, .T. ) ;
#680 = SHAPE_DEFINITION_REPRESENTATION ( #2319, #1335 ) ;
#681 = CARTESIAN_POINT ( 'NONE',  ( -1.000000000000000400, 2.000000000000000000, 2.899999999999999900 ) ) ;
#682 = EDGE_CURVE ( 'NONE', #116, #1352, #804, .T. ) ;
#683 = ORIENTED_EDGE ( 'NONE', *, *, #1137, .F. ) ;
#684 = LINE ( 'NONE', #988, #51 ) ;
#685 = MANIFOLD_SOLID_BREP ( 'Chamfer2', #2365 ) ;
#686 = CARTESIAN_POINT ( 'NONE',  ( 1.000000000000000000, 3.000000000000000000, 6.000000000000000000 ) ) ;
#687 = ORIENTED_EDGE ( 'NONE', *, *, #480, .T. ) ;
#688 = VERTEX_POINT ( 'NONE', #2050 ) ;
#689 = EDGE_LOOP ( 'NONE', ( #898, #787, #1018, #2005 ) ) ;
#690 = VECTOR ( 'NONE', #1997, 1000.000000000000000 ) ;
#691 = DIRECTION ( 'NONE',  ( 0.0000000000000000000, 0.0000000000000000000, 1.000000000000000000 ) ) ;
#692 = ORIENTED_EDGE ( 'NONE', *, *, #300, .F. ) ;
#693 = AXIS2_PLACEMENT_3D ( 'NONE', #846, #1215, #867 ) ;
#694 = ORIENTED_EDGE ( 'NONE', *, *, #1929, .F. ) ;
#695 = AXIS2_PLACEMENT_3D ( 'NONE', #1290, #724, #935 ) ;
#696 = DIRECTION ( 'NONE',  ( -1.000000000000000000, 0.0000000000000000000, 0.0000000000000000000 ) ) ;
#697 = CARTESIAN_POINT ( 'NONE',  ( 2.289834988289385700E-014, 19.80000000000000100, 8.300000000000000700 ) ) ;
#698 = EDGE_CURVE ( 'NONE', #1494, #454, #836, .T. ) ;
#699 = DIRECTION ( 'NONE',  ( 1.000000000000000000, 0.0000000000000000000, 0.0000000000000000000 ) ) ;
#700 = PLANE ( 'NONE',  #293 ) ;
#701 = CARTESIAN_POINT ( 'NONE',  ( 16.80000000000000100, 1.000000000000000000, 6.000000000000000000 ) ) ;
#702 = ADVANCED_FACE ( 'NONE', ( #1264 ), #1110, .T. ) ;
#703 = PLANE ( 'NONE',  #937 ) ;
#704 = CIRCLE ( 'NONE', #2109, 2.999999999999999100 ) ;
#705 = DIRECTION ( 'NONE',  ( -1.000000000000000000, -0.0000000000000000000, -0.0000000000000000000 ) ) ;
#706 = ORIENTED_EDGE ( 'NONE', *, *, #1293, .T. ) ;
#707 = VECTOR ( 'NONE', #1163, 1000.000000000000100 ) ;
#708 = VECTOR ( 'NONE', #1653, 1000.000000000000000 ) ;
#709 = CARTESIAN_POINT ( 'NONE',  ( 0.0000000000000000000, 0.0000000000000000000, 2.899999999999999900 ) ) ;
#710 = DIRECTION ( 'NONE',  ( 1.301042606982605300E-016, -1.000000000000000000, 0.0000000000000000000 ) ) ;
#711 = ORIENTED_EDGE ( 'NONE', *, *, #1630, .T. ) ;
#712 = VECTOR ( 'NONE', #23, 1000.000000000000000 ) ;
#713 = FACE_OUTER_BOUND ( 'NONE', #1439, .T. ) ;
#714 = DIRECTION ( 'NONE',  ( -1.000000000000000000, 0.0000000000000000000, 0.0000000000000000000 ) ) ;
#715 = ORIENTED_EDGE ( 'NONE', *, *, #1166, .T. ) ;
#716 = VERTEX_POINT ( 'NONE', #541 ) ;
#717 = LINE ( 'NONE', #373, #478 ) ;
#718 = ADVANCED_FACE ( 'NONE', ( #771 ), #2253, .T. ) ;
#719 = ORIENTED_EDGE ( 'NONE', *, *, #798, .T. ) ;
#720 = ORIENTED_EDGE ( 'NONE', *, *, #682, .F. ) ;
#721 = EDGE_CURVE ( 'NONE', #421, #223, #2354, .T. ) ;
#722 = CARTESIAN_POINT ( 'NONE',  ( 11.49999999999999600, 20.00000000000000000, -3.000000000000000000 ) ) ;
#723 = VERTEX_POINT ( 'NONE', #1863 ) ;
#724 = DIRECTION ( 'NONE',  ( -0.0000000000000000000, 0.0000000000000000000, 1.000000000000000000 ) ) ;
#725 = CYLINDRICAL_SURFACE ( 'NONE', #2392, 0.2000000000000002900 ) ;
#726 = ORIENTED_EDGE ( 'NONE', *, *, #646, .F. ) ;
#727 = DIRECTION ( 'NONE',  ( -0.7071067811865451300, 0.7071067811865500200, -0.0000000000000000000 ) ) ;
#728 = CARTESIAN_POINT ( 'NONE',  ( 20.00000000000000000, 0.0000000000000000000, -8.300000000000002500 ) ) ;
#729 = ADVANCED_FACE ( 'NONE', ( #1291 ), #2203, .F. ) ;
#730 = CARTESIAN_POINT ( 'NONE',  ( 11.49999999999999600, 0.0000000000000000000, -3.000000000000000000 ) ) ;
#731 = EDGE_CURVE ( 'NONE', #1787, #2336, #216, .T. ) ;
#732 = DIRECTION ( 'NONE',  ( -1.000000000000000000, -0.0000000000000000000, -0.0000000000000000000 ) ) ;
#733 = DIRECTION ( 'NONE',  ( -1.355252715606880300E-016, 1.000000000000000000, -0.0000000000000000000 ) ) ;
#734 = CARTESIAN_POINT ( 'NONE',  ( -1.117157287525381000, 0.9999999999999986700, 2.899999999999999900 ) ) ;
#735 = CARTESIAN_POINT ( 'NONE',  ( -1.000000000000000400, 0.0000000000000000000, -2.899999999999999900 ) ) ;
#736 = VECTOR ( 'NONE', #1041, 1000.000000000000000 ) ;
#737 = ORIENTED_EDGE ( 'NONE', *, *, #187, .F. ) ;
#738 = VECTOR ( 'NONE', #1705, 1000.000000000000100 ) ;
#739 = CARTESIAN_POINT ( 'NONE',  ( 1.800000000000000000, -1.000000000000000400, 2.899999999999999900 ) ) ;
#740 = SURFACE_STYLE_USAGE ( .BOTH. , #1692 ) ;
#741 = AXIS2_PLACEMENT_3D ( 'NONE', #2238, #381, #1697 ) ;
#742 = ORIENTED_EDGE ( 'NONE', *, *, #2063, .T. ) ;
#743 = VECTOR ( 'NONE', #705, 1000.000000000000000 ) ;
#744 = CARTESIAN_POINT ( 'NONE',  ( -1.200000000000000200, 1.199999999999998800, 2.699999999999999700 ) ) ;
#745 = ORIENTED_EDGE ( 'NONE', *, *, #1478, .F. ) ;
#746 = EDGE_LOOP ( 'NONE', ( #1443, #1056, #195, #1103 ) ) ;
#747 = VECTOR ( 'NONE', #1336, 1000.000000000000000 ) ;
#748 = CARTESIAN_POINT ( 'NONE',  ( 0.4999999999999968900, 0.0000000000000000000, 8.500000000000000000 ) ) ;
#749 = EDGE_CURVE ( 'NONE', #2034, #1612, #1205, .T. ) ;
#750 = ORIENTED_EDGE ( 'NONE', *, *, #3, .T. ) ;
#751 = CARTESIAN_POINT ( 'NONE',  ( 19.80000000000000400, 3.000000000000000400, 8.500000000000000000 ) ) ;
#752 = FACE_OUTER_BOUND ( 'NONE', #1990, .T. ) ;
#753 = ORIENTED_EDGE ( 'NONE', *, *, #80, .F. ) ;
#754 = ORIENTED_EDGE ( 'NONE', *, *, #580, .F. ) ;
#755 = DIRECTION ( 'NONE',  ( -0.7071067811865473500, -0.7071067811865477900, 0.0000000000000000000 ) ) ;
#756 = EDGE_LOOP ( 'NONE', ( #2201, #359, #162, #1040 ) ) ;
#757 = DIRECTION ( 'NONE',  ( 0.7071067811865500200, 0.7071067811865451300, 0.0000000000000000000 ) ) ;
#758 = CARTESIAN_POINT ( 'NONE',  ( 2.999999999999997300, 19.71715728752537800, -6.500000000000000900 ) ) ;
#759 = EDGE_CURVE ( 'NONE', #1379, #1098, #2090, .T. ) ;
#760 =( BOUNDED_CURVE ( )  B_SPLINE_CURVE ( 3, ( #547, #734, #1296, #744 ),
 .UNSPECIFIED., .F., .F. ) 
 B_SPLINE_CURVE_WITH_KNOTS ( ( 4, 4 ),
 ( 3.141592653589793600, 4.712388980384689700 ),
 .UNSPECIFIED. ) 
 CURVE ( )  GEOMETRIC_REPRESENTATION_ITEM ( )  RATIONAL_B_SPLINE_CURVE ( ( 1.000000000000000000, 0.8047378541243650500, 0.8047378541243650500, 1.000000000000000000 ) ) 
 REPRESENTATION_ITEM ( '' )  );
#761 = CARTESIAN_POINT ( 'NONE',  ( 11.49999999999999600, 20.00000000000000000, -3.000000000000000000 ) ) ;
#762 = EDGE_CURVE ( 'NONE', #612, #811, #1709, .T. ) ;
#763 = DIRECTION ( 'NONE',  ( -1.000000000000000000, 1.156482317317878400E-015, 0.0000000000000000000 ) ) ;
#764 = CARTESIAN_POINT ( 'NONE',  ( 1.000000000000000000, 3.000000000000000000, 2.899999999999999900 ) ) ;
#765 = LINE ( 'NONE', #242, #241 ) ;
#766 = DIRECTION ( 'NONE',  ( 1.000000000000000000, 0.0000000000000000000, 0.0000000000000000000 ) ) ;
#767 = ORIENTED_EDGE ( 'NONE', *, *, #2000, .T. ) ;
#768 = VECTOR ( 'NONE', #2018, 1000.000000000000000 ) ;
#769 = LINE ( 'NONE', #158, #527 ) ;
#770 = DIRECTION ( 'NONE',  ( -0.0000000000000000000, -0.0000000000000000000, 1.000000000000000000 ) ) ;
#771 = FACE_OUTER_BOUND ( 'NONE', #1472, .T. ) ;
#772 = ORIENTED_EDGE ( 'NONE', *, *, #1075, .T. ) ;
#773 = CARTESIAN_POINT ( 'NONE',  ( 17.48284271247461400, -1.200000000000000000, -2.817157287525379900 ) ) ;
#774 = ORIENTED_EDGE ( 'NONE', *, *, #506, .T. ) ;
#775 = CARTESIAN_POINT ( 'NONE',  ( -1.200000000000000600, 18.39999999999999900, 2.899999999999999900 ) ) ;
#776 = LINE ( 'NONE', #2084, #747 ) ;
#777 = AXIS2_PLACEMENT_3D ( 'NONE', #1966, #1214, #833 ) ;
#778 = ORIENTED_EDGE ( 'NONE', *, *, #2301, .F. ) ;
#779 = EDGE_LOOP ( 'NONE', ( #1957, #1871, #560, #2197 ) ) ;
#780 = CARTESIAN_POINT ( 'NONE',  ( 1.917157287525381100, -1.200000000000000400, -2.817157287525379900 ) ) ;
#781 = CARTESIAN_POINT ( 'NONE',  ( 1.000000000000000000, -1.000000000000000400, 2.899999999999999900 ) ) ;
#782 = ORIENTED_EDGE ( 'NONE', *, *, #2125, .F. ) ;
#783 = PLANE ( 'NONE',  #1082 ) ;
#784 = EDGE_CURVE ( 'NONE', #2213, #629, #1640, .T. ) ;
#785 = DIRECTION ( 'NONE',  ( -1.000000000000000000, 0.0000000000000000000, -0.0000000000000000000 ) ) ;
#786 = CARTESIAN_POINT ( 'NONE',  ( 18.39999999999999900, 1.000000000000000000, 2.899999999999999900 ) ) ;
#787 = ORIENTED_EDGE ( 'NONE', *, *, #236, .F. ) ;
#788 = CARTESIAN_POINT ( 'NONE',  ( 0.0000000000000000000, 0.0000000000000000000, 6.000000000000000000 ) ) ;
#789 = CARTESIAN_POINT ( 'NONE',  ( 3.000000000000000000, 1.000000000000000000, -6.000000000000000000 ) ) ;
#790 = CARTESIAN_POINT ( 'NONE',  ( 0.4999999999999967800, 5.421010862427523400E-017, -8.500000000000000000 ) ) ;
#791 = AXIS2_PLACEMENT_3D ( 'NONE', #835, #1387, #1393 ) ;
#792 = CARTESIAN_POINT ( 'NONE',  ( 19.80000000000000100, 0.0000000000000000000, 8.500000000000000000 ) ) ;
#793 = CARTESIAN_POINT ( 'NONE',  ( 1.999999999999999600, 2.000000000000000000, 2.899999999999999900 ) ) ;
#794 = AXIS2_PLACEMENT_3D ( 'NONE', #993, #822, #2133 ) ;
#795 = EDGE_CURVE ( 'NONE', #716, #387, #245, .T. ) ;
#796 = CARTESIAN_POINT ( 'NONE',  ( 17.39999999999999900, -1.200000000000000200, -2.699999999999999300 ) ) ;
#797 = PLANE ( 'NONE',  #2137 ) ;
#798 = EDGE_CURVE ( 'NONE', #609, #1550, #1890, .T. ) ;
#799 = VECTOR ( 'NONE', #732, 1000.000000000000000 ) ;
#800 = DIRECTION ( 'NONE',  ( 1.000000000000000000, 4.336808689942010300E-016, -0.0000000000000000000 ) ) ;
#801 = ORIENTED_EDGE ( 'NONE', *, *, #466, .F. ) ;
#802 = CYLINDRICAL_SURFACE ( 'NONE', #1698, 0.2000000000000000900 ) ;
#803 = EDGE_LOOP ( 'NONE', ( #568, #1560, #1836, #617 ) ) ;
#804 = LINE ( 'NONE', #1874, #1407 ) ;
#805 = DIRECTION ( 'NONE',  ( 0.0000000000000000000, -1.000000000000000000, 0.0000000000000000000 ) ) ;
#806 = CARTESIAN_POINT ( 'NONE',  ( -1.200000000000000600, 18.39999999999999900, -2.899999999999999900 ) ) ;
#807 = ORIENTED_EDGE ( 'NONE', *, *, #2310, .F. ) ;
#808 = ORIENTED_EDGE ( 'NONE', *, *, #511, .F. ) ;
#809 = FACE_OUTER_BOUND ( 'NONE', #1143, .T. ) ;
#810 = DIRECTION ( 'NONE',  ( -1.000000000000000000, 0.0000000000000000000, 0.0000000000000000000 ) ) ;
#811 = VERTEX_POINT ( 'NONE', #1719 ) ;
#812 = ORIENTED_EDGE ( 'NONE', *, *, #731, .F. ) ;
#813 = AXIS2_PLACEMENT_3D ( 'NONE', #919, #1094, #1285 ) ;
#814 = DIRECTION ( 'NONE',  ( 1.000000000000000000, 0.0000000000000000000, 0.0000000000000000000 ) ) ;
#815 = VECTOR ( 'NONE', #873, 1000.000000000000000 ) ;
#816 = EDGE_CURVE ( 'NONE', #1210, #557, #383, .T. ) ;
#817 = ORIENTED_EDGE ( 'NONE', *, *, #266, .F. ) ;
#818 = CARTESIAN_POINT ( 'NONE',  ( 20.00000000000000400, 3.000000000000000000, 8.500000000000000000 ) ) ;
#819 = CARTESIAN_POINT ( 'NONE',  ( 0.0000000000000000000, -1.000000000000000400, 2.899999999999999900 ) ) ;
#820 = DIRECTION ( 'NONE',  ( -0.0000000000000000000, -0.0000000000000000000, -1.000000000000000000 ) ) ;
#821 = CARTESIAN_POINT ( 'NONE',  ( 2.917157287525378600, 19.79999999999999700, -8.500000000000000000 ) ) ;
#822 = DIRECTION ( 'NONE',  ( 0.0000000000000000000, 0.0000000000000000000, 1.000000000000000000 ) ) ;
#823 = EDGE_CURVE ( 'NONE', #2390, #454, #1046, .T. ) ;
#824 = CARTESIAN_POINT ( 'NONE',  ( 1.000000000000000200, 18.40000000000000200, -2.899999999999999900 ) ) ;
#825 = LINE ( 'NONE', #2327, #1116 ) ;
#826 = EDGE_CURVE ( 'NONE', #454, #31, #43, .T. ) ;
#827 = CARTESIAN_POINT ( 'NONE',  ( 19.99999999999999600, 3.000000000000000400, -6.582842712474619200 ) ) ;
#828 = EDGE_LOOP ( 'NONE', ( #2237, #1840, #394, #952 ) ) ;
#829 = LINE ( 'NONE', #1625, #1912 ) ;
#830 = FACE_BOUND ( 'NONE', #2274, .T. ) ;
#831 = SURFACE_STYLE_USAGE ( .BOTH. , #1022 ) ;
#832 = ORIENTED_EDGE ( 'NONE', *, *, #2191, .T. ) ;
#833 = DIRECTION ( 'NONE',  ( 0.0000000000000000000, 0.0000000000000000000, -1.000000000000000000 ) ) ;
#834 = EDGE_LOOP ( 'NONE', ( #291, #1095, #445, #1160 ) ) ;
#835 = CARTESIAN_POINT ( 'NONE',  ( 19.00000000000000400, 1.000000000000000000, -6.000000000000000000 ) ) ;
#836 = LINE ( 'NONE', #751, #2262 ) ;
#837 = VERTEX_POINT ( 'NONE', #1334 ) ;
#838 = VERTEX_POINT ( 'NONE', #1902 ) ;
#839 = ORIENTED_EDGE ( 'NONE', *, *, #411, .T. ) ;
#840 = VECTOR ( 'NONE', #409, 1000.000000000000000 ) ;
#841 = VERTEX_POINT ( 'NONE', #605 ) ;
#842 = VERTEX_POINT ( 'NONE', #231 ) ;
#843 = ORIENTED_EDGE ( 'NONE', *, *, #2049, .T. ) ;
#844 = CARTESIAN_POINT ( 'NONE',  ( 2.000000000000000000, -1.000000000000000400, -2.899999999999999900 ) ) ;
#845 = VERTEX_POINT ( 'NONE', #1527 ) ;
#846 = CARTESIAN_POINT ( 'NONE',  ( 20.00000000000000000, 0.0000000000000000000, 8.500000000000000000 ) ) ;
#847 = AXIS2_PLACEMENT_3D ( 'NONE', #1784, #1794, #491 ) ;
#848 = ORIENTED_EDGE ( 'NONE', *, *, #1991, .F. ) ;
#849 = LINE ( 'NONE', #471, #624 ) ;
#850 = CARTESIAN_POINT ( 'NONE',  ( -1.117157287525381500, 2.000000000000000000, 2.899999999999999500 ) ) ;
#851 = ORIENTED_EDGE ( 'NONE', *, *, #908, .F. ) ;
#852 = CARTESIAN_POINT ( 'NONE',  ( 1.000000000000000000, 18.40000000000000200, -2.899999999999999900 ) ) ;
#853 = CARTESIAN_POINT ( 'NONE',  ( -1.000000000000000400, 2.000000000000000000, 2.899999999999999900 ) ) ;
#854 = EDGE_CURVE ( 'NONE', #1685, #723, #1088, .T. ) ;
#855 = PLANE ( 'NONE',  #275 ) ;
#856 = CARTESIAN_POINT ( 'NONE',  ( -1.000000000000000000, 0.9999999999999986700, 2.899999999999999900 ) ) ;
#857 = DIRECTION ( 'NONE',  ( -0.0000000000000000000, 1.000000000000000000, -0.0000000000000000000 ) ) ;
#858 = CARTESIAN_POINT ( 'NONE',  ( 2.168404344971008900E-016, 16.80000000000000100, -6.000000000000000000 ) ) ;
#859 = ADVANCED_FACE ( 'NONE', ( #1344 ), #802, .T. ) ;
#860 = LINE ( 'NONE', #965, #2260 ) ;
#861 = CARTESIAN_POINT ( 'NONE',  ( 0.0000000000000000000, 3.000000000000000000, -6.000000000000000000 ) ) ;
#862 = VECTOR ( 'NONE', #2309, 1000.000000000000000 ) ;
#863 = CYLINDRICAL_SURFACE ( 'NONE', #1374, 0.2000000000000000900 ) ;
#864 = EDGE_CURVE ( 'NONE', #2358, #837, #940, .T. ) ;
#865 = VERTEX_POINT ( 'NONE', #243 ) ;
#866 = DIRECTION ( 'NONE',  ( -1.000000000000000000, 0.0000000000000000000, -0.0000000000000000000 ) ) ;
#867 = DIRECTION ( 'NONE',  ( -1.156482317317871300E-015, -1.000000000000000000, 0.0000000000000000000 ) ) ;
#868 = ORIENTED_EDGE ( 'NONE', *, *, #784, .F. ) ;
#869 = VERTEX_POINT ( 'NONE', #393 ) ;
#870 = LINE ( 'NONE', #1599, #1683 ) ;
#871 = ADVANCED_FACE ( 'NONE', ( #333 ), #418, .F. ) ;
#872 = ORIENTED_EDGE ( 'NONE', *, *, #1481, .T. ) ;
#873 = DIRECTION ( 'NONE',  ( 0.0000000000000000000, -1.000000000000000000, 0.0000000000000000000 ) ) ;
#874 = VECTOR ( 'NONE', #1403, 1000.000000000000000 ) ;
#875 = CARTESIAN_POINT ( 'NONE',  ( 20.00000000000000400, 3.000000000000000000, -6.500000000000000900 ) ) ;
#876 = AXIS2_PLACEMENT_3D ( 'NONE', #425, #252, #810 ) ;
#877 = EDGE_CURVE ( 'NONE', #1779, #2068, #948, .T. ) ;
#878 = CARTESIAN_POINT ( 'NONE',  ( 17.39999999999999900, 1.000000000000000000, 2.899999999999999900 ) ) ;
#879 = CARTESIAN_POINT ( 'NONE',  ( -1.200000000000000600, 17.39999999999999900, -2.899999999999999900 ) ) ;
#880 = DIRECTION ( 'NONE',  ( -1.000000000000000000, -0.0000000000000000000, -0.0000000000000000000 ) ) ;
#881 = CARTESIAN_POINT ( 'NONE',  ( -1.000000000000000400, 2.000000000000000000, -2.899999999999999900 ) ) ;
#882 = CARTESIAN_POINT ( 'NONE',  ( -0.9999999999999995600, -4.336808689942008400E-016, 2.899999999999999900 ) ) ;
#883 = LINE ( 'NONE', #1947, #209 ) ;
#884 = AXIS2_PLACEMENT_3D ( 'NONE', #1704, #1133, #1718 ) ;
#885 = DIRECTION ( 'NONE',  ( -0.0000000000000000000, -0.0000000000000000000, 1.000000000000000000 ) ) ;
#886 = VERTEX_POINT ( 'NONE', #601 ) ;
#887 = CIRCLE ( 'NONE', #1039, 0.1999999999999987900 ) ;
#888 = AXIS2_PLACEMENT_3D ( 'NONE', #1488, #755, #1129 ) ;
#889 = ADVANCED_FACE ( 'NONE', ( #446, #1524 ), #64, .F. ) ;
#890 = LINE ( 'NONE', #1373, #2031 ) ;
#891 = COLOUR_RGB ( '',0.7921568627450980000, 0.8196078431372548800, 0.9333333333333333500 ) ;
#892 = EDGE_CURVE ( 'NONE', #1712, #1009, #2174, .T. ) ;
#893 = ORIENTED_EDGE ( 'NONE', *, *, #1809, .T. ) ;
#894 = ORIENTED_EDGE ( 'NONE', *, *, #378, .F. ) ;
#895 = LINE ( 'NONE', #2108, #282 ) ;
#896 = DIRECTION ( 'NONE',  ( -1.084202172485504400E-016, 1.000000000000000000, -0.0000000000000000000 ) ) ;
#897 = ORIENTED_EDGE ( 'NONE', *, *, #1218, .F. ) ;
#898 = ORIENTED_EDGE ( 'NONE', *, *, #19, .T. ) ;
#899 = VECTOR ( 'NONE', #1462, 1000.000000000000000 ) ;
#900 = CARTESIAN_POINT ( 'NONE',  ( -1.200000000000000600, 1.800000000000000000, -2.699999999999999300 ) ) ;
#901 = DIRECTION ( 'NONE',  ( -0.0000000000000000000, 1.000000000000000000, 0.0000000000000000000 ) ) ;
#902 = ORIENTED_EDGE ( 'NONE', *, *, #2248, .T. ) ;
#903 = CARTESIAN_POINT ( 'NONE',  ( 1.200000000000000200, -1.200000000000000600, -2.699999999999999300 ) ) ;
#904 = CARTESIAN_POINT ( 'NONE',  ( 2.999999999999997300, 19.71715728752538200, 6.500000000000000900 ) ) ;
#905 = AXIS2_PLACEMENT_3D ( 'NONE', #295, #2167, #1592 ) ;
#906 = EDGE_LOOP ( 'NONE', ( #1464, #90, #309, #1618 ) ) ;
#907 = CARTESIAN_POINT ( 'NONE',  ( 18.19999999999999900, -1.000000000000000000, 2.899999999999999900 ) ) ;
#908 = EDGE_CURVE ( 'NONE', #1239, #1917, #890, .T. ) ;
#909 = CARTESIAN_POINT ( 'NONE',  ( -1.000000000000000400, 2.000000000000000000, -2.899999999999999900 ) ) ;
#910 = DIRECTION ( 'NONE',  ( 1.000000000000000000, 0.0000000000000000000, -0.0000000000000000000 ) ) ;
#911 = PLANE ( 'NONE',  #1411 ) ;
#912 = ADVANCED_FACE ( 'NONE', ( #972 ), #995, .F. ) ;
#913 = LINE ( 'NONE', #184, #1857 ) ;
#914 = CARTESIAN_POINT ( 'NONE',  ( -1.200000000000000600, 17.59999999999999800, 2.699999999999999700 ) ) ;
#915 = AXIS2_PLACEMENT_3D ( 'NONE', #1256, #1012, #927 ) ;
#916 = LINE ( 'NONE', #861, #736 ) ;
#917 = LINE ( 'NONE', #2268, #1860 ) ;
#918 = CARTESIAN_POINT ( 'NONE',  ( -1.000000000000000200, 1.199999999999998800, 2.899999999999999900 ) ) ;
#919 = CARTESIAN_POINT ( 'NONE',  ( 0.0000000000000000000, 0.0000000000000000000, -6.500000000000000900 ) ) ;
#920 = AXIS2_PLACEMENT_3D ( 'NONE', #92, #2322, #1197 ) ;
#921 = DIRECTION ( 'NONE',  ( 0.0000000000000000000, 0.0000000000000000000, -1.000000000000000000 ) ) ;
#922 = EDGE_CURVE ( 'NONE', #1654, #1810, #531, .T. ) ;
#923 = VERTEX_POINT ( 'NONE', #2134 ) ;
#924 = LINE ( 'NONE', #1658, #743 ) ;
#925 = ORIENTED_EDGE ( 'NONE', *, *, #1727, .T. ) ;
#926 = EDGE_LOOP ( 'NONE', ( #1944, #510, #956, #1650 ) ) ;
#927 = DIRECTION ( 'NONE',  ( -1.000000000000000000, 0.0000000000000000000, 0.0000000000000000000 ) ) ;
#928 = ORIENTED_EDGE ( 'NONE', *, *, #1736, .T. ) ;
#929 = CARTESIAN_POINT ( 'NONE',  ( 2.999999999999997300, 19.99999999999999600, 8.500000000000000000 ) ) ;
#930 = CYLINDRICAL_SURFACE ( 'NONE', #1922, 0.2000000000000000900 ) ;
#931 = EDGE_CURVE ( 'NONE', #1015, #688, #476, .T. ) ;
#932 = PLANE ( 'NONE',  #1628 ) ;
#933 = ORIENTED_EDGE ( 'NONE', *, *, #2171, .F. ) ;
#934 = ADVANCED_FACE ( 'NONE', ( #1402 ), #855, .T. ) ;
#935 = DIRECTION ( 'NONE',  ( 1.000000000000000000, 0.0000000000000000000, 0.0000000000000000000 ) ) ;
#936 = ORIENTED_EDGE ( 'NONE', *, *, #1523, .F. ) ;
#937 = AXIS2_PLACEMENT_3D ( 'NONE', #748, #757, #1858 ) ;
#938 = DIRECTION ( 'NONE',  ( 0.0000000000000000000, -1.000000000000000000, 0.0000000000000000000 ) ) ;
#939 = EDGE_CURVE ( 'NONE', #609, #1654, #1829, .T. ) ;
#940 =( BOUNDED_CURVE ( )  B_SPLINE_CURVE ( 3, ( #1146, #2116, #2105, #1178 ),
 .UNSPECIFIED., .F., .F. ) 
 B_SPLINE_CURVE_WITH_KNOTS ( ( 4, 4 ),
 ( 4.336808689942006400E-016, 1.570796326794896800 ),
 .UNSPECIFIED. ) 
 CURVE ( )  GEOMETRIC_REPRESENTATION_ITEM ( )  RATIONAL_B_SPLINE_CURVE ( ( 1.000000000000000000, 0.8047378541243650500, 0.8047378541243650500, 1.000000000000000000 ) ) 
 REPRESENTATION_ITEM ( '' )  );
#941 = DIRECTION ( 'NONE',  ( 0.0000000000000000000, -0.0000000000000000000, 1.000000000000000000 ) ) ;
#942 = LINE ( 'NONE', #380, #303 ) ;
#943 = VERTEX_POINT ( 'NONE', #2316 ) ;
#944 = FACE_OUTER_BOUND ( 'NONE', #1324, .T. ) ;
#945 = CARTESIAN_POINT ( 'NONE',  ( 18.31715728752538300, -1.200000000000000000, 2.817157287525379900 ) ) ;
#946 = EDGE_CURVE ( 'NONE', #421, #482, #1742, .T. ) ;
#947 = ORIENTED_EDGE ( 'NONE', *, *, #2395, .T. ) ;
#948 = LINE ( 'NONE', #592, #107 ) ;
#949 = LINE ( 'NONE', #1839, #1830 ) ;
#950 = DIRECTION ( 'NONE',  ( -0.7071067811865474600, -0.7071067811865474600, 0.0000000000000000000 ) ) ;
#951 = EDGE_LOOP ( 'NONE', ( #2153, #2095, #2387, #2039 ) ) ;
#952 = ORIENTED_EDGE ( 'NONE', *, *, #466, .T. ) ;
#953 = LINE ( 'NONE', #206, #251 ) ;
#954 = EDGE_CURVE ( 'NONE', #459, #1712, #414, .T. ) ;
#955 = EDGE_LOOP ( 'NONE', ( #2214, #1639, #305, #1274 ) ) ;
#956 = ORIENTED_EDGE ( 'NONE', *, *, #2113, .F. ) ;
#957 = VERTEX_POINT ( 'NONE', #94 ) ;
#958 = DIRECTION ( 'NONE',  ( -1.000000000000000000, 0.0000000000000000000, 0.0000000000000000000 ) ) ;
#959 = EDGE_LOOP ( 'NONE', ( #2295, #1561, #285, #1690 ) ) ;
#960 = ORIENTED_EDGE ( 'NONE', *, *, #1508, .T. ) ;
#961 = CARTESIAN_POINT ( 'NONE',  ( 17.39999999999999900, -1.000000000000000000, -2.699999999999999300 ) ) ;
#962 = AXIS2_PLACEMENT_3D ( 'NONE', #663, #1978, #1038 ) ;
#963 = CARTESIAN_POINT ( 'NONE',  ( 1.000000000000000200, 1.000000000000000000, 6.000000000000000000 ) ) ;
#964 = EDGE_CURVE ( 'NONE', #614, #329, #2321, .T. ) ;
#965 = CARTESIAN_POINT ( 'NONE',  ( -1.200000000000000200, 0.9999999999999985600, -2.699999999999999300 ) ) ;
#966 = EDGE_CURVE ( 'NONE', #423, #2358, #1432, .T. ) ;
#967 = CARTESIAN_POINT ( 'NONE',  ( 19.00000000000000400, 0.0000000000000000000, 6.000000000000000000 ) ) ;
#968 = VECTOR ( 'NONE', #149, 1000.000000000000000 ) ;
#969 = CYLINDRICAL_SURFACE ( 'NONE', #1242, 3.000000000000000000 ) ;
#970 = FACE_OUTER_BOUND ( 'NONE', #1693, .T. ) ;
#971 = DIRECTION ( 'NONE',  ( -1.000000000000000000, -0.0000000000000000000, -0.0000000000000000000 ) ) ;
#972 = FACE_OUTER_BOUND ( 'NONE', #1151, .T. ) ;
#973 = LINE ( 'NONE', #638, #1916 ) ;
#974 = CARTESIAN_POINT ( 'NONE',  ( 19.80000000000000400, 2.917157287525379500, -8.500000000000000000 ) ) ;
#975 = ORIENTED_EDGE ( 'NONE', *, *, #1549, .T. ) ;
#976 = DIRECTION ( 'NONE',  ( -1.000000000000000000, -1.355252715606880300E-016, 0.0000000000000000000 ) ) ;
#977 = LINE ( 'NONE', #764, #535 ) ;
#978 = AXIS2_PLACEMENT_3D ( 'NONE', #318, #901, #1077 ) ;
#979 = ORIENTED_EDGE ( 'NONE', *, *, #1350, .F. ) ;
#980 = ORIENTED_EDGE ( 'NONE', *, *, #1049, .F. ) ;
#981 = LINE ( 'NONE', #182, #1065 ) ;
#982 = DIRECTION ( 'NONE',  ( 0.7071067811865475700, -0.7071067811865474600, -0.0000000000000000000 ) ) ;
#983 = DIRECTION ( 'NONE',  ( 0.0000000000000000000, 0.0000000000000000000, 1.000000000000000000 ) ) ;
#984 = ORIENTED_EDGE ( 'NONE', *, *, #71, .F. ) ;
#985 = EDGE_CURVE ( 'NONE', #2240, #314, #68, .T. ) ;
#986 = FACE_OUTER_BOUND ( 'NONE', #450, .T. ) ;
#987 = CARTESIAN_POINT ( 'NONE',  ( 0.2500000000000001700, 0.2499999999999984500, 6.000000000000000000 ) ) ;
#988 = CARTESIAN_POINT ( 'NONE',  ( -1.200000000000000200, 0.9999999999999985600, 2.699999999999999700 ) ) ;
#989 = DIRECTION ( 'NONE',  ( -0.0000000000000000000, -0.0000000000000000000, 1.000000000000000000 ) ) ;
#990 = APPLICATION_PROTOCOL_DEFINITION ( 'draft international standard', 'automotive_design', 1998, #87 ) ;
#991 = CARTESIAN_POINT ( 'NONE',  ( 9.000000000000000000, 2.999999999999999100, 0.0000000000000000000 ) ) ;
#992 = CARTESIAN_POINT ( 'NONE',  ( 1.000000000000000000, 2.000000000000000000, -6.000000000000000000 ) ) ;
#993 = CARTESIAN_POINT ( 'NONE',  ( 0.0000000000000000000, 0.0000000000000000000, 0.0000000000000000000 ) ) ;
#994 = CYLINDRICAL_SURFACE ( 'NONE', #905, 0.2000000000000000900 ) ;
#995 = PLANE ( 'NONE',  #791 ) ;
#996 = ORIENTED_EDGE ( 'NONE', *, *, #415, .T. ) ;
#997 = VECTOR ( 'NONE', #1532, 1000.000000000000000 ) ;
#998 = ORIENTED_EDGE ( 'NONE', *, *, #1086, .T. ) ;
#999 = EDGE_LOOP ( 'NONE', ( #564, #110, #975, #2266 ) ) ;
#1000 = FACE_OUTER_BOUND ( 'NONE', #1652, .T. ) ;
#1001 = CARTESIAN_POINT ( 'NONE',  ( 19.80000000000000100, 0.0000000000000000000, -8.300000000000002500 ) ) ;
#1002 = CARTESIAN_POINT ( 'NONE',  ( 2.965685424949239500, 19.91715728752538400, -8.500000000000001800 ) ) ;
#1003 = ORIENTED_EDGE ( 'NONE', *, *, #2409, .T. ) ;
#1004 = ORIENTED_EDGE ( 'NONE', *, *, #2051, .F. ) ;
#1005 = VECTOR ( 'NONE', #2241, 1000.000000000000000 ) ;
#1006 = DIRECTION ( 'NONE',  ( -1.156482317317871300E-015, -1.000000000000000000, -0.0000000000000000000 ) ) ;
#1007 = PLANE ( 'NONE',  #1648 ) ;
#1008 = ORIENTED_EDGE ( 'NONE', *, *, #877, .F. ) ;
#1009 = VERTEX_POINT ( 'NONE', #1967 ) ;
#1010 = AXIS2_PLACEMENT_3D ( 'NONE', #2092, #207, #763 ) ;
#1011 = ORIENTED_EDGE ( 'NONE', *, *, #1185, .F. ) ;
#1012 = DIRECTION ( 'NONE',  ( 0.0000000000000000000, 0.0000000000000000000, -1.000000000000000000 ) ) ;
#1013 = ADVANCED_FACE ( 'NONE', ( #13 ), #435, .F. ) ;
#1014 = AXIS2_PLACEMENT_3D ( 'NONE', #1498, #526, #910 ) ;
#1015 = VERTEX_POINT ( 'NONE', #73 ) ;
#1016 = EDGE_CURVE ( 'NONE', #2176, #1351, #498, .T. ) ;
#1017 =( BOUNDED_CURVE ( )  B_SPLINE_CURVE ( 3, ( #1805, #1968, #850, #681 ),
 .UNSPECIFIED., .F., .F. ) 
 B_SPLINE_CURVE_WITH_KNOTS ( ( 4, 4 ),
 ( 1.570796326794896800, 3.141592653589793600 ),
 .UNSPECIFIED. ) 
 CURVE ( )  GEOMETRIC_REPRESENTATION_ITEM ( )  RATIONAL_B_SPLINE_CURVE ( ( 1.000000000000000000, 0.8047378541243649400, 0.8047378541243649400, 1.000000000000000000 ) ) 
 REPRESENTATION_ITEM ( '' )  );
#1018 = ORIENTED_EDGE ( 'NONE', *, *, #2251, .T. ) ;
#1019 = CARTESIAN_POINT ( 'NONE',  ( 20.00000000000000400, 3.000000000000000000, 8.300000000000000700 ) ) ;
#1020 = CARTESIAN_POINT ( 'NONE',  ( -2.185751579730776900E-015, 16.80000000000000100, 6.000000000000000000 ) ) ;
#1021 = ADVANCED_FACE ( 'NONE', ( #1460 ), #2328, .F. ) ;
#1022 = SURFACE_SIDE_STYLE ('',( #384 ) ) ;
#1023 = DIRECTION ( 'NONE',  ( -0.0000000000000000000, -0.0000000000000000000, -1.000000000000000000 ) ) ;
#1024 = CARTESIAN_POINT ( 'NONE',  ( 16.80000000000000100, 0.0000000000000000000, 6.000000000000000000 ) ) ;
#1025 = LINE ( 'NONE', #176, #331 ) ;
#1026 = EDGE_CURVE ( 'NONE', #1121, #1807, #1492, .T. ) ;
#1027 = DIRECTION ( 'NONE',  ( 1.000000000000000000, 0.0000000000000000000, 0.0000000000000000000 ) ) ;
#1028 = LINE ( 'NONE', #909, #610 ) ;
#1029 = FACE_OUTER_BOUND ( 'NONE', #779, .T. ) ;
#1030 = DIRECTION ( 'NONE',  ( 1.000000000000000000, -1.156482317317871300E-015, 0.0000000000000000000 ) ) ;
#1031 = ADVANCED_FACE ( 'NONE', ( #1577 ), #969, .F. ) ;
#1032 = ORIENTED_EDGE ( 'NONE', *, *, #1026, .T. ) ;
#1033 = VECTOR ( 'NONE', #727, 1000.000000000000100 ) ;
#1034 = CARTESIAN_POINT ( 'NONE',  ( 17.39999999999999900, 1.000000000000000000, 2.899999999999999900 ) ) ;
#1035 = ORIENTED_EDGE ( 'NONE', *, *, #1901, .F. ) ;
#1036 = EDGE_LOOP ( 'NONE', ( #621, #801, #244, #808 ) ) ;
#1037 = ORIENTED_EDGE ( 'NONE', *, *, #71, .T. ) ;
#1038 = DIRECTION ( 'NONE',  ( 0.0000000000000000000, -0.0000000000000000000, -1.000000000000000000 ) ) ;
#1039 = AXIS2_PLACEMENT_3D ( 'NONE', #1292, #2216, #1114 ) ;
#1040 = ORIENTED_EDGE ( 'NONE', *, *, #52, .F. ) ;
#1041 = DIRECTION ( 'NONE',  ( -0.0000000000000000000, -0.0000000000000000000, 1.000000000000000000 ) ) ;
#1042 = AXIS2_PLACEMENT_3D ( 'NONE', #674, #1970, #1608 ) ;
#1043 = FACE_BOUND ( 'NONE', #1321, .T. ) ;
#1044 = EDGE_CURVE ( 'NONE', #2388, #923, #1607, .T. ) ;
#1045 = DIRECTION ( 'NONE',  ( -0.0000000000000000000, -0.0000000000000000000, 1.000000000000000000 ) ) ;
#1046 =( BOUNDED_CURVE ( )  B_SPLINE_CURVE ( 3, ( #1512, #1537, #2083, #2296 ),
 .UNSPECIFIED., .F., .F. ) 
 B_SPLINE_CURVE_WITH_KNOTS ( ( 4, 4 ),
 ( 3.141592653589793100, 4.712388980384690600 ),
 .UNSPECIFIED. ) 
 CURVE ( )  GEOMETRIC_REPRESENTATION_ITEM ( )  RATIONAL_B_SPLINE_CURVE ( ( 1.000000000000000000, 0.8047378541243648300, 0.8047378541243648300, 1.000000000000000000 ) ) 
 REPRESENTATION_ITEM ( '' )  );
#1047 = CARTESIAN_POINT ( 'NONE',  ( 1.200000000000000200, -1.200000000000000600, 2.899999999999999900 ) ) ;
#1048 = ORIENTED_EDGE ( 'NONE', *, *, #2110, .T. ) ;
#1049 = EDGE_CURVE ( 'NONE', #923, #1617, #555, .T. ) ;
#1050 = ADVANCED_FACE ( 'NONE', ( #1946 ), #520, .F. ) ;
#1051 = CARTESIAN_POINT ( 'NONE',  ( 2.000000000000000000, 1.000000000000000000, -6.000000000000000000 ) ) ;
#1052 = CARTESIAN_POINT ( 'NONE',  ( 1.000000000000000000, -1.000000000000000400, -2.899999999999999900 ) ) ;
#1053 = DIRECTION ( 'NONE',  ( 0.0000000000000000000, 0.0000000000000000000, -1.000000000000000000 ) ) ;
#1054 = CARTESIAN_POINT ( 'NONE',  ( 20.00000000000000400, 11.50000000000000000, -3.000000000000000000 ) ) ;
#1055 = VECTOR ( 'NONE', #1023, 1000.000000000000000 ) ;
#1056 = ORIENTED_EDGE ( 'NONE', *, *, #1941, .T. ) ;
#1057 = EDGE_CURVE ( 'NONE', #943, #534, #430, .T. ) ;
#1058 = CYLINDRICAL_SURFACE ( 'NONE', #2186, 0.2000000000000000900 ) ;
#1059 = DIRECTION ( 'NONE',  ( -1.000000000000000000, 0.0000000000000000000, 0.0000000000000000000 ) ) ;
#1060 = ORIENTED_EDGE ( 'NONE', *, *, #1941, .F. ) ;
#1061 = CYLINDRICAL_SURFACE ( 'NONE', #405, 0.1999999999999987900 ) ;
#1062 = VECTOR ( 'NONE', #2028, 1000.000000000000000 ) ;
#1063 = EDGE_LOOP ( 'NONE', ( #2043, #567, #127, #233 ) ) ;
#1064 = ORIENTED_EDGE ( 'NONE', *, *, #1898, .F. ) ;
#1065 = VECTOR ( 'NONE', #1686, 1000.000000000000000 ) ;
#1066 = EDGE_LOOP ( 'NONE', ( #120, #420, #1273, #2307 ) ) ;
#1067 = DIRECTION ( 'NONE',  ( -1.000000000000000000, 0.0000000000000000000, 0.0000000000000000000 ) ) ;
#1068 = ORIENTED_EDGE ( 'NONE', *, *, #985, .T. ) ;
#1069 = CARTESIAN_POINT ( 'NONE',  ( 1.000000000000000200, 17.39999999999999900, 2.899999999999999900 ) ) ;
#1070 = STYLED_ITEM ( 'NONE', ( #307 ), #685 ) ;
#1071 = LINE ( 'NONE', #118, #874 ) ;
#1072 = ORIENTED_EDGE ( 'NONE', *, *, #2070, .F. ) ;
#1073 = CARTESIAN_POINT ( 'NONE',  ( -2.602085213965210600E-015, 20.00000000000000000, -8.500000000000000000 ) ) ;
#1074 = ORIENTED_EDGE ( 'NONE', *, *, #1305, .T. ) ;
#1075 = EDGE_CURVE ( 'NONE', #223, #428, #1520, .T. ) ;
#1076 = DIRECTION ( 'NONE',  ( 0.0000000000000000000, 0.0000000000000000000, 1.000000000000000000 ) ) ;
#1077 = DIRECTION ( 'NONE',  ( 0.0000000000000000000, -0.0000000000000000000, 1.000000000000000000 ) ) ;
#1078 = ADVANCED_FACE ( 'NONE', ( #2085 ), #608, .F. ) ;
#1079 = DIRECTION ( 'NONE',  ( 0.0000000000000000000, -0.0000000000000000000, 1.000000000000000000 ) ) ;
#1080 = DIRECTION ( 'NONE',  ( -0.0000000000000000000, 0.0000000000000000000, -1.000000000000000000 ) ) ;
#1081 = LINE ( 'NONE', #375, #1398 ) ;
#1082 = AXIS2_PLACEMENT_3D ( 'NONE', #588, #2101, #1540 ) ;
#1083 = ORIENTED_EDGE ( 'NONE', *, *, #139, .F. ) ;
#1084 = DIRECTION ( 'NONE',  ( -1.000000000000000000, 0.0000000000000000000, 0.0000000000000000000 ) ) ;
#1085 = VECTOR ( 'NONE', #635, 1000.000000000000000 ) ;
#1086 = EDGE_CURVE ( 'NONE', #660, #1749, #1973, .T. ) ;
#1087 = LINE ( 'NONE', #1831, #407 ) ;
#1088 = LINE ( 'NONE', #1906, #584 ) ;
#1089 = DIRECTION ( 'NONE',  ( -1.000000000000000000, 0.0000000000000000000, 0.0000000000000000000 ) ) ;
#1090 = EDGE_CURVE ( 'NONE', #2068, #1239, #1118, .T. ) ;
#1091 = ORIENTED_EDGE ( 'NONE', *, *, #816, .F. ) ;
#1092 = COLOUR_RGB ( '',0.7921568627450980000, 0.8196078431372548800, 0.9333333333333333500 ) ;
#1093 = DIRECTION ( 'NONE',  ( -0.7071067811865474600, -0.7071067811865474600, 0.0000000000000000000 ) ) ;
#1094 = DIRECTION ( 'NONE',  ( 0.0000000000000000000, 0.0000000000000000000, 1.000000000000000000 ) ) ;
#1095 = ORIENTED_EDGE ( 'NONE', *, *, #2333, .T. ) ;
#1096 = EDGE_LOOP ( 'NONE', ( #687, #1380, #530, #2324 ) ) ;
#1097 = CARTESIAN_POINT ( 'NONE',  ( -6.505213034913041400E-017, 0.5000000000000004400, -8.500000000000000000 ) ) ;
#1098 = VERTEX_POINT ( 'NONE', #1331 ) ;
#1099 = DIRECTION ( 'NONE',  ( 0.0000000000000000000, -1.000000000000000000, 0.0000000000000000000 ) ) ;
#1100 = VECTOR ( 'NONE', #448, 1000.000000000000000 ) ;
#1101 = CARTESIAN_POINT ( 'NONE',  ( -1.496198998029996100E-015, 11.50000000000000000, -2.999999999999999600 ) ) ;
#1102 = AXIS2_PLACEMENT_3D ( 'NONE', #907, #2371, #1084 ) ;
#1103 = ORIENTED_EDGE ( 'NONE', *, *, #1345, .F. ) ;
#1104 = PLANE ( 'NONE',  #264 ) ;
#1105 = PRODUCT_DEFINITION_CONTEXT ( 'detailed design', #666, 'design' ) ;
#1106 = CARTESIAN_POINT ( 'NONE',  ( -1.200000000000000400, 18.31715728752538300, 2.817157287525380300 ) ) ;
#1107 = ADVANCED_FACE ( 'NONE', ( #944 ), #1513, .T. ) ;
#1108 = EDGE_CURVE ( 'NONE', #2317, #1494, #2142, .T. ) ;
#1109 = CARTESIAN_POINT ( 'NONE',  ( 0.4999999999999976100, -2.600501199075385800E-016, -6.000000000000000000 ) ) ;
#1110 = PLANE ( 'NONE',  #2424 ) ;
#1111 = DIRECTION ( 'NONE',  ( 1.000000000000000000, 1.577021341797097000E-015, 0.0000000000000000000 ) ) ;
#1112 = CARTESIAN_POINT ( 'NONE',  ( 1.000000000000000000, -1.200000000000000600, -2.899999999999999900 ) ) ;
#1113 = CARTESIAN_POINT ( 'NONE',  ( 11.49999999999999600, 2.999999999999999100, 3.000000000000000000 ) ) ;
#1114 = DIRECTION ( 'NONE',  ( -1.301042606982604800E-016, 1.000000000000000000, 0.0000000000000000000 ) ) ;
#1115 = AXIS2_PLACEMENT_3D ( 'NONE', #793, #976, #1355 ) ;
#1116 = VECTOR ( 'NONE', #1961, 1000.000000000000000 ) ;
#1117 = ORIENTED_EDGE ( 'NONE', *, *, #2234, .F. ) ;
#1118 = LINE ( 'NONE', #404, #707 ) ;
#1119 = PRODUCT_RELATED_PRODUCT_CATEGORY ( 'part', '', ( #1349 ) ) ;
#1120 = CARTESIAN_POINT ( 'NONE',  ( 19.91715728752538800, 2.965685424949236800, -8.500000000000001800 ) ) ;
#1121 = VERTEX_POINT ( 'NONE', #32 ) ;
#1122 = EDGE_CURVE ( 'NONE', #1098, #77, #1637, .T. ) ;
#1123 = ORIENTED_EDGE ( 'NONE', *, *, #1333, .F. ) ;
#1124 = LINE ( 'NONE', #366, #2119 ) ;
#1125 = ORIENTED_EDGE ( 'NONE', *, *, #1426, .F. ) ;
#1126 = DIRECTION ( 'NONE',  ( -0.0000000000000000000, 0.0000000000000000000, 1.000000000000000000 ) ) ;
#1127 = FACE_OUTER_BOUND ( 'NONE', #2062, .T. ) ;
#1128 = ORIENTED_EDGE ( 'NONE', *, *, #1315, .F. ) ;
#1129 = DIRECTION ( 'NONE',  ( 0.7071067811865477900, -0.7071067811865473500, 0.0000000000000000000 ) ) ;
#1130 = ORIENTED_EDGE ( 'NONE', *, *, #2373, .F. ) ;
#1131 = VECTOR ( 'NONE', #1601, 1000.000000000000000 ) ;
#1132 = DIRECTION ( 'NONE',  ( -1.156482317317871300E-015, -1.000000000000000000, 0.0000000000000000000 ) ) ;
#1133 = DIRECTION ( 'NONE',  ( -0.0000000000000000000, 1.000000000000000000, -0.0000000000000000000 ) ) ;
#1134 = ORIENTED_EDGE ( 'NONE', *, *, #1855, .T. ) ;
#1135 = CARTESIAN_POINT ( 'NONE',  ( -1.117157287525381500, 2.000000000000000000, -2.899999999999999500 ) ) ;
#1136 = DIRECTION ( 'NONE',  ( -1.000000000000000000, 0.0000000000000000000, 0.0000000000000000000 ) ) ;
#1137 = EDGE_CURVE ( 'NONE', #845, #841, #2257, .T. ) ;
#1138 = CARTESIAN_POINT ( 'NONE',  ( 18.19999999999999900, -1.200000000000000200, 2.699999999999999700 ) ) ;
#1139 = DIRECTION ( 'NONE',  ( 1.156482317317871300E-015, 1.000000000000000000, 0.0000000000000000000 ) ) ;
#1140 = DIRECTION ( 'NONE',  ( -0.7071067811865475700, 0.7071067811865474600, 0.0000000000000000000 ) ) ;
#1141 = DIRECTION ( 'NONE',  ( -0.0000000000000000000, -0.0000000000000000000, 1.000000000000000000 ) ) ;
#1142 = VECTOR ( 'NONE', #2198, 1000.000000000000000 ) ;
#1143 = EDGE_LOOP ( 'NONE', ( #2180, #782, #1319, #566 ) ) ;
#1144 = CYLINDRICAL_SURFACE ( 'NONE', #915, 0.2000000000000000900 ) ;
#1145 = PLANE ( 'NONE',  #232 ) ;
#1146 = CARTESIAN_POINT ( 'NONE',  ( -1.000000000000000000, 0.9999999999999986700, -2.899999999999999900 ) ) ;
#1147 = FACE_OUTER_BOUND ( 'NONE', #1471, .T. ) ;
#1148 = VERTEX_POINT ( 'NONE', #1936 ) ;
#1149 = VECTOR ( 'NONE', #1199, 1000.000000000000000 ) ;
#1150 = CARTESIAN_POINT ( 'NONE',  ( 20.00000000000000000, 3.000000000000000000, 8.300000000000000700 ) ) ;
#1151 = EDGE_LOOP ( 'NONE', ( #1716, #1833, #1389, #211 ) ) ;
#1152 = VERTEX_POINT ( 'NONE', #2112 ) ;
#1153 = LINE ( 'NONE', #1414, #615 ) ;
#1154 = DIRECTION ( 'NONE',  ( -0.0000000000000000000, -0.0000000000000000000, 1.000000000000000000 ) ) ;
#1155 = EDGE_CURVE ( 'NONE', #1982, #1685, #1825, .T. ) ;
#1156 = ORIENTED_EDGE ( 'NONE', *, *, #1672, .F. ) ;
#1157 = ORIENTED_EDGE ( 'NONE', *, *, #1086, .F. ) ;
#1158 = ORIENTED_EDGE ( 'NONE', *, *, #682, .T. ) ;
#1159 = DIRECTION ( 'NONE',  ( -0.7071067811865475700, 0.7071067811865474600, 0.0000000000000000000 ) ) ;
#1160 = ORIENTED_EDGE ( 'NONE', *, *, #646, .T. ) ;
#1161 = CARTESIAN_POINT ( 'NONE',  ( -1.000000000000000400, 17.39999999999999900, -2.899999999999999900 ) ) ;
#1162 = VECTOR ( 'NONE', #1174, 1000.000000000000000 ) ;
#1163 = DIRECTION ( 'NONE',  ( 0.7071067811865451300, -0.7071067811865500200, -0.0000000000000000000 ) ) ;
#1164 = EDGE_LOOP ( 'NONE', ( #1930, #1406, #936, #1720 ) ) ;
#1165 = DIRECTION ( 'NONE',  ( 0.0000000000000000000, 0.0000000000000000000, 1.000000000000000000 ) ) ;
#1166 = EDGE_CURVE ( 'NONE', #842, #865, #2376, .T. ) ;
#1167 = CARTESIAN_POINT ( 'NONE',  ( 2.999999999999997300, 3.300000000000004300, 8.500000000000000000 ) ) ;
#1168 = DIRECTION ( 'NONE',  ( 0.7071067811865451300, -0.7071067811865500200, -0.0000000000000000000 ) ) ;
#1169 = EDGE_CURVE ( 'NONE', #2179, #1441, #1770, .T. ) ;
#1170 = CARTESIAN_POINT ( 'NONE',  ( 2.999999999999997300, 19.99999999999999600, 8.300000000000002500 ) ) ;
#1171 = CARTESIAN_POINT ( 'NONE',  ( 11.35857864376268900, 11.35857864376269100, 8.500000000000000000 ) ) ;
#1172 = VECTOR ( 'NONE', #1733, 999.9999999999998900 ) ;
#1173 = CARTESIAN_POINT ( 'NONE',  ( 0.0000000000000000000, 0.0000000000000000000, 8.500000000000000000 ) ) ;
#1174 = DIRECTION ( 'NONE',  ( -1.000000000000000000, -1.577021341797097000E-015, -0.0000000000000000000 ) ) ;
#1175 = ORIENTED_EDGE ( 'NONE', *, *, #284, .T. ) ;
#1176 = FILL_AREA_STYLE_COLOUR ( '', #891 ) ;
#1177 = ORIENTED_EDGE ( 'NONE', *, *, #966, .F. ) ;
#1178 = CARTESIAN_POINT ( 'NONE',  ( -1.200000000000000200, 1.199999999999998800, -2.699999999999999300 ) ) ;
#1179 = ORIENTED_EDGE ( 'NONE', *, *, #1901, .T. ) ;
#1180 = VERTEX_POINT ( 'NONE', #249 ) ;
#1181 = CYLINDRICAL_SURFACE ( 'NONE', #1228, 0.2000000000000002900 ) ;
#1182 = ORIENTED_EDGE ( 'NONE', *, *, #1632, .F. ) ;
#1183 = EDGE_LOOP ( 'NONE', ( #772, #111, #311, #455 ) ) ;
#1184 = CARTESIAN_POINT ( 'NONE',  ( 19.71715728752538500, 3.000000000000000000, -6.500000000000000900 ) ) ;
#1185 = EDGE_CURVE ( 'NONE', #477, #459, #1370, .T. ) ;
#1186 = VECTOR ( 'NONE', #1241, 1000.000000000000000 ) ;
#1187 = DIRECTION ( 'NONE',  ( 1.000000000000000000, -0.0000000000000000000, -0.0000000000000000000 ) ) ;
#1188 = DIRECTION ( 'NONE',  ( -1.156482317317871300E-015, -1.000000000000000000, 0.0000000000000000000 ) ) ;
#1189 = ORIENTED_EDGE ( 'NONE', *, *, #1945, .T. ) ;
#1190 = DIRECTION ( 'NONE',  ( -0.0000000000000000000, -0.0000000000000000000, 1.000000000000000000 ) ) ;
#1191 = ADVANCED_FACE ( 'NONE', ( #1260 ), #1539, .F. ) ;
#1192 =( BOUNDED_CURVE ( )  B_SPLINE_CURVE ( 3, ( #1289, #1847, #2415, #1826 ),
 .UNSPECIFIED., .F., .F. ) 
 B_SPLINE_CURVE_WITH_KNOTS ( ( 4, 4 ),
 ( 0.0000000000000000000, 1.570796326794896600 ),
 .UNSPECIFIED. ) 
 CURVE ( )  GEOMETRIC_REPRESENTATION_ITEM ( )  RATIONAL_B_SPLINE_CURVE ( ( 1.000000000000000000, 0.8047378541243649400, 0.8047378541243649400, 1.000000000000000000 ) ) 
 REPRESENTATION_ITEM ( '' )  );
#1193 =( LENGTH_UNIT ( ) NAMED_UNIT ( * ) SI_UNIT ( .MILLI., .METRE. ) );
#1194 = CARTESIAN_POINT ( 'NONE',  ( 0.0000000000000000000, 0.0000000000000000000, 2.899999999999999900 ) ) ;
#1195 = CARTESIAN_POINT ( 'NONE',  ( 2.999999999999997300, 19.99999999999999600, 8.500000000000000000 ) ) ;
#1196 = EDGE_CURVE ( 'NONE', #629, #845, #472, .T. ) ;
#1197 = DIRECTION ( 'NONE',  ( 1.000000000000000000, 4.336808689942009800E-016, 0.0000000000000000000 ) ) ;
#1198 = CYLINDRICAL_SURFACE ( 'NONE', #1010, 0.1999999999999987900 ) ;
#1199 = DIRECTION ( 'NONE',  ( -1.355252715606880300E-016, 1.000000000000000000, -0.0000000000000000000 ) ) ;
#1200 = ORIENTED_EDGE ( 'NONE', *, *, #1330, .F. ) ;
#1201 = ADVANCED_FACE ( 'NONE', ( #1887 ), #597, .T. ) ;
#1202 = VECTOR ( 'NONE', #2338, 1000.000000000000000 ) ;
#1203 = VECTOR ( 'NONE', #1510, 1000.000000000000000 ) ;
#1204 = ORIENTED_EDGE ( 'NONE', *, *, #2313, .T. ) ;
#1205 = LINE ( 'NONE', #1483, #1317 ) ;
#1206 = PRESENTATION_STYLE_ASSIGNMENT (( #831 ) ) ;
#1207 = CARTESIAN_POINT ( 'NONE',  ( -1.200000000000000400, 18.31715728752538300, -2.817157287525379900 ) ) ;
#1208 = DIRECTION ( 'NONE',  ( 0.0000000000000000000, 1.734723475976806800E-016, -1.000000000000000000 ) ) ;
#1209 = VERTEX_POINT ( 'NONE', #431 ) ;
#1210 = VERTEX_POINT ( 'NONE', #325 ) ;
#1211 = ORIENTED_EDGE ( 'NONE', *, *, #14, .F. ) ;
#1212 = CYLINDRICAL_SURFACE ( 'NONE', #1958, 0.2000000000000000900 ) ;
#1213 = DIRECTION ( 'NONE',  ( 0.0000000000000000000, 0.0000000000000000000, -1.000000000000000000 ) ) ;
#1214 = DIRECTION ( 'NONE',  ( 1.000000000000000000, 0.0000000000000000000, 0.0000000000000000000 ) ) ;
#1215 = DIRECTION ( 'NONE',  ( -1.000000000000000000, 1.156482317317871300E-015, 0.0000000000000000000 ) ) ;
#1216 = ORIENTED_EDGE ( 'NONE', *, *, #1044, .T. ) ;
#1217 = ORIENTED_EDGE ( 'NONE', *, *, #324, .T. ) ;
#1218 = EDGE_CURVE ( 'NONE', #77, #2240, #829, .T. ) ;
#1219 = DIRECTION ( 'NONE',  ( -1.000000000000000000, -0.0000000000000000000, -0.0000000000000000000 ) ) ;
#1220 = ORIENTED_EDGE ( 'NONE', *, *, #954, .T. ) ;
#1221 = CARTESIAN_POINT ( 'NONE',  ( -1.200000000000000600, 1.800000000000000000, 2.699999999999999700 ) ) ;
#1222 = VECTOR ( 'NONE', #437, 1000.000000000000000 ) ;
#1223 = EDGE_CURVE ( 'NONE', #116, #1796, #104, .T. ) ;
#1224 = ADVANCED_FACE ( 'NONE', ( #1677 ), #1144, .T. ) ;
#1225 = EDGE_LOOP ( 'NONE', ( #2385, #1998, #1620, #720 ) ) ;
#1226 = DIRECTION ( 'NONE',  ( -1.000000000000000000, 0.0000000000000000000, -0.0000000000000000000 ) ) ;
#1227 = CARTESIAN_POINT ( 'NONE',  ( -1.000000000000000400, 17.39999999999999900, 2.899999999999999900 ) ) ;
#1228 = AXIS2_PLACEMENT_3D ( 'NONE', #403, #385, #950 ) ;
#1229 = ADVANCED_FACE ( 'NONE', ( #2055 ), #2402, .F. ) ;
#1230 = EDGE_CURVE ( 'NONE', #2154, #25, #887, .T. ) ;
#1231 = CARTESIAN_POINT ( 'NONE',  ( 9.000000000000000000, 20.00000000000000000, 3.000000000000000000 ) ) ;
#1232 = PLANE ( 'NONE',  #2061 ) ;
#1233 = VECTOR ( 'NONE', #1768, 1000.000000000000000 ) ;
#1234 = ORIENTED_EDGE ( 'NONE', *, *, #1230, .T. ) ;
#1235 = CYLINDRICAL_SURFACE ( 'NONE', #1404, 0.2000000000000000900 ) ;
#1236 = CARTESIAN_POINT ( 'NONE',  ( 0.0000000000000000000, 0.0000000000000000000, 6.000000000000000000 ) ) ;
#1237 = EDGE_LOOP ( 'NONE', ( #2275, #2069, #2064, #1204 ) ) ;
#1238 = ORIENTED_EDGE ( 'NONE', *, *, #1979, .F. ) ;
#1239 = VERTEX_POINT ( 'NONE', #1109 ) ;
#1240 = FACE_OUTER_BOUND ( 'NONE', #1499, .T. ) ;
#1241 = DIRECTION ( 'NONE',  ( -1.000000000000000000, 0.0000000000000000000, 0.0000000000000000000 ) ) ;
#1242 = AXIS2_PLACEMENT_3D ( 'NONE', #1629, #696, #1635 ) ;
#1243 = ORIENTED_EDGE ( 'NONE', *, *, #1508, .F. ) ;
#1244 = CARTESIAN_POINT ( 'NONE',  ( 18.19999999999999900, -1.200000000000000200, -2.699999999999999300 ) ) ;
#1245 = MECHANICAL_DESIGN_GEOMETRIC_PRESENTATION_REPRESENTATION (  '', ( #1799 ), #1972 ) ;
#1246 = VECTOR ( 'NONE', #1059, 1000.000000000000000 ) ;
#1247 = DIRECTION ( 'NONE',  ( -1.000000000000000000, -0.0000000000000000000, -0.0000000000000000000 ) ) ;
#1248 = PLANE ( 'NONE',  #1042 ) ;
#1249 = ORIENTED_EDGE ( 'NONE', *, *, #1801, .F. ) ;
#1250 = CARTESIAN_POINT ( 'NONE',  ( 3.299999999999992300, 3.000000000000000900, 6.500000000000000900 ) ) ;
#1251 = ADVANCED_FACE ( 'NONE', ( #330 ), #581, .T. ) ;
#1252 = CARTESIAN_POINT ( 'NONE',  ( 2.999999999999997300, 19.99999999999999600, 8.300000000000000700 ) ) ;
#1253 = CARTESIAN_POINT ( 'NONE',  ( 1.000000000000000400, 16.80000000000000100, -6.000000000000000000 ) ) ;
#1254 = CARTESIAN_POINT ( 'NONE',  ( 1.800000000000000000, -1.200000000000000600, -2.699999999999999300 ) ) ;
#1255 = EDGE_CURVE ( 'NONE', #137, #1636, #2199, .T. ) ;
#1256 = CARTESIAN_POINT ( 'NONE',  ( -1.000000000000000400, 18.19999999999999900, 2.899999999999999900 ) ) ;
#1257 = DIRECTION ( 'NONE',  ( 1.000000000000000000, -4.294568292880020500E-017, -0.0000000000000000000 ) ) ;
#1258 = EDGE_LOOP ( 'NONE', ( #1249, #774, #658, #960 ) ) ;
#1259 = EDGE_CURVE ( 'NONE', #2358, #534, #1028, .T. ) ;
#1260 = FACE_OUTER_BOUND ( 'NONE', #2210, .T. ) ;
#1261 = LINE ( 'NONE', #33, #2200 ) ;
#1262 = ADVANCED_FACE ( 'NONE', ( #152 ), #1058, .T. ) ;
#1263 = CARTESIAN_POINT ( 'NONE',  ( -1.000000000000000700, 18.39999999999999900, -2.899999999999999900 ) ) ;
#1264 = FACE_OUTER_BOUND ( 'NONE', #2077, .T. ) ;
#1265 = LINE ( 'NONE', #882, #1062 ) ;
#1266 = DIRECTION ( 'NONE',  ( 9.856383386231856400E-017, -1.000000000000000000, 0.0000000000000000000 ) ) ;
#1267 = ORIENTED_EDGE ( 'NONE', *, *, #1757, .T. ) ;
#1268 = ORIENTED_EDGE ( 'NONE', *, *, #2397, .F. ) ;
#1269 = VECTOR ( 'NONE', #1307, 1000.000000000000000 ) ;
#1270 = DIRECTION ( 'NONE',  ( 0.0000000000000000000, 1.000000000000000000, 0.0000000000000000000 ) ) ;
#1271 = ORIENTED_EDGE ( 'NONE', *, *, #2248, .F. ) ;
#1272 = DIRECTION ( 'NONE',  ( -0.0000000000000000000, -1.000000000000000000, -0.0000000000000000000 ) ) ;
#1273 = ORIENTED_EDGE ( 'NONE', *, *, #1255, .T. ) ;
#1274 = ORIENTED_EDGE ( 'NONE', *, *, #2313, .F. ) ;
#1275 = DIRECTION ( 'NONE',  ( 1.000000000000000000, 0.0000000000000000000, 0.0000000000000000000 ) ) ;
#1276 = ORIENTED_EDGE ( 'NONE', *, *, #506, .F. ) ;
#1277 = ORIENTED_EDGE ( 'NONE', *, *, #1898, .T. ) ;
#1278 = LINE ( 'NONE', #2291, #1593 ) ;
#1279 = ORIENTED_EDGE ( 'NONE', *, *, #1155, .F. ) ;
#1280 = ADVANCED_FACE ( 'NONE', ( #129 ), #353, .F. ) ;
#1281 = EDGE_CURVE ( 'NONE', #2320, #2037, #2318, .T. ) ;
#1282 = DIRECTION ( 'NONE',  ( 0.0000000000000000000, 0.0000000000000000000, -1.000000000000000000 ) ) ;
#1283 = CARTESIAN_POINT ( 'NONE',  ( 1.000000000000000000, -1.000000000000000700, -2.899999999999999900 ) ) ;
#1284 = CARTESIAN_POINT ( 'NONE',  ( 1.000000000000000000, 3.000000000000000000, -6.000000000000000000 ) ) ;
#1285 = DIRECTION ( 'NONE',  ( 1.000000000000000000, 0.0000000000000000000, -0.0000000000000000000 ) ) ;
#1286 = CARTESIAN_POINT ( 'NONE',  ( 1.000000000000000000, 3.000000000000000000, -6.000000000000000000 ) ) ;
#1287 = DIRECTION ( 'NONE',  ( -1.000000000000000000, 0.0000000000000000000, 0.0000000000000000000 ) ) ;
#1288 = AXIS2_PLACEMENT_3D ( 'NONE', #878, #1996, #2150 ) ;
#1289 = CARTESIAN_POINT ( 'NONE',  ( -1.000000000000000400, 17.39999999999999900, -2.899999999999999900 ) ) ;
#1290 = CARTESIAN_POINT ( 'NONE',  ( 0.0000000000000000000, 0.0000000000000000000, 2.899999999999999900 ) ) ;
#1291 = FACE_OUTER_BOUND ( 'NONE', #1555, .T. ) ;
#1292 = CARTESIAN_POINT ( 'NONE',  ( -2.602085213965210600E-015, 19.80000000000000100, -8.300000000000002500 ) ) ;
#1293 = EDGE_CURVE ( 'NONE', #77, #1749, #1707, .T. ) ;
#1294 = ORIENTED_EDGE ( 'NONE', *, *, #1771, .F. ) ;
#1295 = CIRCLE ( 'NONE', #1563, 0.2000000000000005100 ) ;
#1296 = CARTESIAN_POINT ( 'NONE',  ( -1.200000000000000000, 1.082842712474617600, 2.817157287525379400 ) ) ;
#1297 = ORIENTED_EDGE ( 'NONE', *, *, #892, .T. ) ;
#1298 = VECTOR ( 'NONE', #545, 1000.000000000000000 ) ;
#1299 =( BOUNDED_CURVE ( )  B_SPLINE_CURVE ( 3, ( #102, #1797, #2143, #2157 ),
 .UNSPECIFIED., .F., .F. ) 
 B_SPLINE_CURVE_WITH_KNOTS ( ( 4, 4 ),
 ( 3.141592653589794000, 4.712388980384689700 ),
 .UNSPECIFIED. ) 
 CURVE ( )  GEOMETRIC_REPRESENTATION_ITEM ( )  RATIONAL_B_SPLINE_CURVE ( ( 1.000000000000000000, 0.8047378541243652700, 0.8047378541243652700, 1.000000000000000000 ) ) 
 REPRESENTATION_ITEM ( '' )  );
#1300 = CARTESIAN_POINT ( 'NONE',  ( 19.71715728752538500, 3.000000000000000000, -6.500000000000000900 ) ) ;
#1301 = ORIENTED_EDGE ( 'NONE', *, *, #19, .F. ) ;
#1302 = LINE ( 'NONE', #1570, #1812 ) ;
#1303 = VERTEX_POINT ( 'NONE', #2205 ) ;
#1304 = CARTESIAN_POINT ( 'NONE',  ( 1.917157287525381100, -1.200000000000000400, 2.817157287525379900 ) ) ;
#1305 = EDGE_CURVE ( 'NONE', #1310, #1708, #1490, .T. ) ;
#1306 = DIRECTION ( 'NONE',  ( -1.000000000000000000, 0.0000000000000000000, 0.0000000000000000000 ) ) ;
#1307 = DIRECTION ( 'NONE',  ( 1.000000000000000000, 0.0000000000000000000, 0.0000000000000000000 ) ) ;
#1308 = CARTESIAN_POINT ( 'NONE',  ( 2.000000000000000000, -1.117157287525381500, 2.899999999999999500 ) ) ;
#1309 = DIRECTION ( 'NONE',  ( 0.0000000000000000000, -1.000000000000000000, 1.734723475976806800E-016 ) ) ;
#1310 = VERTEX_POINT ( 'NONE', #1862 ) ;
#1311 = VECTOR ( 'NONE', #1154, 1000.000000000000000 ) ;
#1312 = LINE ( 'NONE', #536, #1341 ) ;
#1313 = CARTESIAN_POINT ( 'NONE',  ( 1.000000000000000000, 3.000000000000000000, -6.000000000000000000 ) ) ;
#1314 = ORIENTED_EDGE ( 'NONE', *, *, #98, .F. ) ;
#1315 = EDGE_CURVE ( 'NONE', #2213, #482, #532, .T. ) ;
#1316 = EDGE_LOOP ( 'NONE', ( #2261, #188, #2161, #2057 ) ) ;
#1317 = VECTOR ( 'NONE', #733, 1000.000000000000000 ) ;
#1318 = FACE_OUTER_BOUND ( 'NONE', #1891, .T. ) ;
#1319 = ORIENTED_EDGE ( 'NONE', *, *, #964, .F. ) ;
#1320 = FACE_BOUND ( 'NONE', #1588, .T. ) ;
#1321 = EDGE_LOOP ( 'NONE', ( #1752, #166, #382, #980 ) ) ;
#1322 = ORIENTED_EDGE ( 'NONE', *, *, #1511, .F. ) ;
#1323 = VECTOR ( 'NONE', #1977, 1000.000000000000000 ) ;
#1324 = EDGE_LOOP ( 'NONE', ( #2299, #1375, #537, #507 ) ) ;
#1325 = DIRECTION ( 'NONE',  ( -0.0000000000000000000, -0.0000000000000000000, 1.000000000000000000 ) ) ;
#1326 = DIRECTION ( 'NONE',  ( -1.000000000000000000, 1.156482317317871300E-015, 0.0000000000000000000 ) ) ;
#1327 = DIRECTION ( 'NONE',  ( -0.7071067811865414700, 0.7071067811865536800, -0.0000000000000000000 ) ) ;
#1328 = ORIENTED_EDGE ( 'NONE', *, *, #345, .F. ) ;
#1329 = CARTESIAN_POINT ( 'NONE',  ( 19.71715728752538200, 3.000000000000000000, 6.500000000000000900 ) ) ;
#1330 = EDGE_CURVE ( 'NONE', #688, #620, #2139, .T. ) ;
#1331 = CARTESIAN_POINT ( 'NONE',  ( -1.000000000000000700, 18.39999999999999900, 2.899999999999999900 ) ) ;
#1332 = CARTESIAN_POINT ( 'NONE',  ( 0.0000000000000000000, -1.000000000000000000, -2.899999999999999900 ) ) ;
#1333 = EDGE_CURVE ( 'NONE', #16, #2270, #185, .T. ) ;
#1334 = CARTESIAN_POINT ( 'NONE',  ( -1.200000000000000200, 1.199999999999998800, -2.699999999999999300 ) ) ;
#1335 = ADVANCED_BREP_SHAPE_REPRESENTATION ( 'LBSB6-2020_214', ( #685, #794 ), #2344 ) ;
#1336 = DIRECTION ( 'NONE',  ( 0.0000000000000000000, -1.000000000000000000, -1.734723475976806800E-016 ) ) ;
#1337 = CARTESIAN_POINT ( 'NONE',  ( -1.000000000000000000, 0.9999999999999985600, -2.699999999999999300 ) ) ;
#1338 = CYLINDRICAL_SURFACE ( 'NONE', #408, 0.2000000000000000900 ) ;
#1339 = FACE_OUTER_BOUND ( 'NONE', #1894, .T. ) ;
#1340 = CARTESIAN_POINT ( 'NONE',  ( 11.50000000000000000, 2.999999999999999100, 0.0000000000000000000 ) ) ;
#1341 = VECTOR ( 'NONE', #1452, 1000.000000000000000 ) ;
#1342 = AXIS2_PLACEMENT_3D ( 'NONE', #818, #262, #269 ) ;
#1343 = ORIENTED_EDGE ( 'NONE', *, *, #946, .T. ) ;
#1344 = FACE_OUTER_BOUND ( 'NONE', #45, .T. ) ;
#1345 = EDGE_CURVE ( 'NONE', #1636, #223, #1737, .T. ) ;
#1346 = DIRECTION ( 'NONE',  ( -1.000000000000000000, -0.0000000000000000000, -0.0000000000000000000 ) ) ;
#1347 = ORIENTED_EDGE ( 'NONE', *, *, #2162, .F. ) ;
#1348 = VECTOR ( 'NONE', #670, 1000.000000000000000 ) ;
#1349 = PRODUCT ( 'LBSB6-2020_214', 'LBSB6-2020_214', '', ( #1960 ) ) ;
#1350 = EDGE_CURVE ( 'NONE', #612, #841, #2073, .T. ) ;
#1351 = VERTEX_POINT ( 'NONE', #30 ) ;
#1352 = VERTEX_POINT ( 'NONE', #2071 ) ;
#1353 = FACE_OUTER_BOUND ( 'NONE', #2151, .T. ) ;
#1354 = DIRECTION ( 'NONE',  ( -0.0000000000000000000, -0.0000000000000000000, -1.000000000000000000 ) ) ;
#1355 = DIRECTION ( 'NONE',  ( 1.355252715606880300E-016, -1.000000000000000000, 0.0000000000000000000 ) ) ;
#1356 = EDGE_LOOP ( 'NONE', ( #589, #1130, #392, #2152 ) ) ;
#1357 = ORIENTED_EDGE ( 'NONE', *, *, #117, .F. ) ;
#1358 = ORIENTED_EDGE ( 'NONE', *, *, #217, .F. ) ;
#1359 = LINE ( 'NONE', #701, #899 ) ;
#1360 = CARTESIAN_POINT ( 'NONE',  ( 1.000000000000000000, 19.00000000000000400, -6.000000000000000000 ) ) ;
#1361 = DIRECTION ( 'NONE',  ( -1.000000000000000000, 1.156482317317871300E-015, 0.0000000000000000000 ) ) ;
#1362 = DIRECTION ( 'NONE',  ( -5.102127870520018100E-017, 1.000000000000000000, -0.0000000000000000000 ) ) ;
#1363 = PRODUCT_DEFINITION_FORMATION_WITH_SPECIFIED_SOURCE ( 'ANY', '', #1349, .NOT_KNOWN. ) ;
#1364 =( BOUNDED_CURVE ( )  B_SPLINE_CURVE ( 3, ( #1913, #773, #9, #591 ),
 .UNSPECIFIED., .F., .F. ) 
 B_SPLINE_CURVE_WITH_KNOTS ( ( 4, 4 ),
 ( 4.712388980384689700, 6.283185307179586200 ),
 .UNSPECIFIED. ) 
 CURVE ( )  GEOMETRIC_REPRESENTATION_ITEM ( )  RATIONAL_B_SPLINE_CURVE ( ( 1.000000000000000000, 0.8047378541243649400, 0.8047378541243649400, 1.000000000000000000 ) ) 
 REPRESENTATION_ITEM ( '' )  );
#1365 = FILL_AREA_STYLE ('',( #1176 ) ) ;
#1366 = CARTESIAN_POINT ( 'NONE',  ( 2.999999999999997300, 19.99999999999999600, 8.500000000000000000 ) ) ;
#1367 = FACE_OUTER_BOUND ( 'NONE', #746, .T. ) ;
#1368 = CARTESIAN_POINT ( 'NONE',  ( 20.00000000000000400, 9.000000000000000000, -2.999999999999999600 ) ) ;
#1369 = ORIENTED_EDGE ( 'NONE', *, *, #1155, .T. ) ;
#1370 = LINE ( 'NONE', #781, #1311 ) ;
#1371 = DIRECTION ( 'NONE',  ( 1.000000000000000000, 0.0000000000000000000, 0.0000000000000000000 ) ) ;
#1372 = ORIENTED_EDGE ( 'NONE', *, *, #1736, .F. ) ;
#1373 = CARTESIAN_POINT ( 'NONE',  ( 0.4999999999999968900, 0.0000000000000000000, 8.500000000000000000 ) ) ;
#1374 = AXIS2_PLACEMENT_3D ( 'NONE', #918, #1626, #2389 ) ;
#1375 = ORIENTED_EDGE ( 'NONE', *, *, #511, .T. ) ;
#1376 = EDGE_CURVE ( 'NONE', #29, #1351, #1789, .T. ) ;
#1377 = ORIENTED_EDGE ( 'NONE', *, *, #1687, .T. ) ;
#1378 = LINE ( 'NONE', #963, #1983 ) ;
#1379 = VERTEX_POINT ( 'NONE', #2056 ) ;
#1380 = ORIENTED_EDGE ( 'NONE', *, *, #2301, .T. ) ;
#1381 = VECTOR ( 'NONE', #1190, 1000.000000000000000 ) ;
#1382 = EDGE_CURVE ( 'NONE', #1749, #1303, #376, .T. ) ;
#1383 = ADVANCED_FACE ( 'NONE', ( #2255 ), #40, .F. ) ;
#1384 = ORIENTED_EDGE ( 'NONE', *, *, #2202, .T. ) ;
#1385 = PLANE ( 'NONE',  #1454 ) ;
#1386 = CARTESIAN_POINT ( 'NONE',  ( 2.999999999999997300, 19.99999999999999600, 8.300000000000002500 ) ) ;
#1387 = DIRECTION ( 'NONE',  ( 1.000000000000000000, 0.0000000000000000000, 0.0000000000000000000 ) ) ;
#1388 = ORIENTED_EDGE ( 'NONE', *, *, #632, .T. ) ;
#1389 = ORIENTED_EDGE ( 'NONE', *, *, #1741, .F. ) ;
#1390 = DIRECTION ( 'NONE',  ( 1.000000000000000000, 7.885106708985486100E-016, -0.0000000000000000000 ) ) ;
#1391 = CARTESIAN_POINT ( 'NONE',  ( 1.000000000000000200, 1.000000000000000000, 6.000000000000000000 ) ) ;
#1392 = AXIS2_PLACEMENT_3D ( 'NONE', #582, #1728, #2272 ) ;
#1393 = DIRECTION ( 'NONE',  ( 0.0000000000000000000, 0.0000000000000000000, -1.000000000000000000 ) ) ;
#1394 = ADVANCED_FACE ( 'NONE', ( #1795 ), #1145, .T. ) ;
#1395 = CARTESIAN_POINT ( 'NONE',  ( -1.200000000000000600, 2.000000000000000000, -2.899999999999999900 ) ) ;
#1396 = EDGE_CURVE ( 'NONE', #629, #428, #1364, .T. ) ;
#1397 = CARTESIAN_POINT ( 'NONE',  ( -2.602085213965210600E-015, 20.00000000000000000, -8.300000000000002500 ) ) ;
#1398 = VECTOR ( 'NONE', #2250, 1000.000000000000000 ) ;
#1399 = FACE_OUTER_BOUND ( 'NONE', #834, .T. ) ;
#1400 = VECTOR ( 'NONE', #2254, 1000.000000000000000 ) ;
#1401 = CARTESIAN_POINT ( 'NONE',  ( 0.0000000000000000000, 19.00000000000000400, -6.000000000000000000 ) ) ;
#1402 = FACE_OUTER_BOUND ( 'NONE', #1491, .T. ) ;
#1403 = DIRECTION ( 'NONE',  ( -0.0000000000000000000, -0.0000000000000000000, 1.000000000000000000 ) ) ;
#1404 = AXIS2_PLACEMENT_3D ( 'NONE', #1619, #2217, #1067 ) ;
#1405 = ADVANCED_FACE ( 'NONE', ( #2315 ), #1198, .T. ) ;
#1406 = ORIENTED_EDGE ( 'NONE', *, *, #266, .T. ) ;
#1407 = VECTOR ( 'NONE', #2245, 1000.000000000000000 ) ;
#1408 = DIRECTION ( 'NONE',  ( -0.0000000000000000000, 0.0000000000000000000, 1.000000000000000000 ) ) ;
#1409 = ORIENTED_EDGE ( 'NONE', *, *, #1090, .F. ) ;
#1410 = EDGE_LOOP ( 'NONE', ( #361, #2106, #306, #81 ) ) ;
#1411 = AXIS2_PLACEMENT_3D ( 'NONE', #1286, #2220, #8 ) ;
#1412 = VECTOR ( 'NONE', #896, 1000.000000000000000 ) ;
#1413 = EDGE_CURVE ( 'NONE', #31, #1310, #1942, .T. ) ;
#1414 = CARTESIAN_POINT ( 'NONE',  ( 3.150000000000027000, 3.149999999999971900, -6.500000000000000900 ) ) ;
#1415 = ORIENTED_EDGE ( 'NONE', *, *, #628, .F. ) ;
#1416 = CARTESIAN_POINT ( 'NONE',  ( 1.000000000000000000, 2.000000000000000000, -2.899999999999999900 ) ) ;
#1417 = FACE_BOUND ( 'NONE', #999, .T. ) ;
#1418 = EDGE_CURVE ( 'NONE', #612, #137, #942, .T. ) ;
#1419 = DIRECTION ( 'NONE',  ( 9.856383386231856400E-017, -1.000000000000000000, 0.0000000000000000000 ) ) ;
#1420 = ADVANCED_FACE ( 'NONE', ( #2229 ), #1696, .F. ) ;
#1421 = DIRECTION ( 'NONE',  ( -0.0000000000000000000, -1.000000000000000000, -0.0000000000000000000 ) ) ;
#1422 = DIRECTION ( 'NONE',  ( 0.0000000000000000000, 0.0000000000000000000, -1.000000000000000000 ) ) ;
#1423 = AXIS2_PLACEMENT_3D ( 'NONE', #493, #467, #1580 ) ;
#1424 = DIRECTION ( 'NONE',  ( 1.301042606982605300E-016, -1.000000000000000000, 0.0000000000000000000 ) ) ;
#1425 = AXIS2_PLACEMENT_3D ( 'NONE', #2111, #457, #436 ) ;
#1426 = EDGE_CURVE ( 'NONE', #1807, #396, #704, .T. ) ;
#1427 = CIRCLE ( 'NONE', #2281, 3.000000000000000900 ) ;
#1428 = ORIENTED_EDGE ( 'NONE', *, *, #1691, .T. ) ;
#1429 = CARTESIAN_POINT ( 'NONE',  ( 18.39999999999999900, -1.000000000000000000, -2.899999999999999900 ) ) ;
#1430 = VECTOR ( 'NONE', #989, 1000.000000000000000 ) ;
#1431 = ORIENTED_EDGE ( 'NONE', *, *, #1691, .F. ) ;
#1432 = LINE ( 'NONE', #2158, #2378 ) ;
#1433 = VECTOR ( 'NONE', #1856, 1000.000000000000000 ) ;
#1434 = CARTESIAN_POINT ( 'NONE',  ( 20.00000000000000400, 3.000000000000000400, -6.700000000000000200 ) ) ;
#1435 = ORIENTED_EDGE ( 'NONE', *, *, #400, .T. ) ;
#1436 = LINE ( 'NONE', #2030, #1269 ) ;
#1437 = DIRECTION ( 'NONE',  ( 0.0000000000000000000, -1.000000000000000000, 0.0000000000000000000 ) ) ;
#1438 = AXIS2_PLACEMENT_3D ( 'NONE', #2120, #1724, #214 ) ;
#1439 = EDGE_LOOP ( 'NONE', ( #1032, #332, #49, #2363 ) ) ;
#1440 = ORIENTED_EDGE ( 'NONE', *, *, #1569, .T. ) ;
#1441 = VERTEX_POINT ( 'NONE', #967 ) ;
#1442 =( BOUNDED_CURVE ( )  B_SPLINE_CURVE ( 3, ( #1879, #1304, #1308, #2243 ),
 .UNSPECIFIED., .F., .F. ) 
 B_SPLINE_CURVE_WITH_KNOTS ( ( 4, 4 ),
 ( 1.570796326794896600, 3.141592653589793100 ),
 .UNSPECIFIED. ) 
 CURVE ( )  GEOMETRIC_REPRESENTATION_ITEM ( )  RATIONAL_B_SPLINE_CURVE ( ( 1.000000000000000000, 0.8047378541243649400, 0.8047378541243649400, 1.000000000000000000 ) ) 
 REPRESENTATION_ITEM ( '' )  );
#1443 = ORIENTED_EDGE ( 'NONE', *, *, #1255, .F. ) ;
#1444 = ADVANCED_FACE ( 'NONE', ( #1546 ), #2258, .T. ) ;
#1445 = EDGE_CURVE ( 'NONE', #1379, #1495, #675, .T. ) ;
#1446 = CARTESIAN_POINT ( 'NONE',  ( 0.0000000000000000000, 9.000000000000000000, 2.999999999999999600 ) ) ;
#1447 = ORIENTED_EDGE ( 'NONE', *, *, #2162, .T. ) ;
#1448 = ORIENTED_EDGE ( 'NONE', *, *, #1478, .T. ) ;
#1449 = DIRECTION ( 'NONE',  ( 1.000000000000000000, -4.294568292880020500E-017, -0.0000000000000000000 ) ) ;
#1450 = CARTESIAN_POINT ( 'NONE',  ( -1.117157287525381500, 17.39999999999999900, 2.899999999999999500 ) ) ;
#1451 = DIRECTION ( 'NONE',  ( 1.000000000000000000, -0.0000000000000000000, -0.0000000000000000000 ) ) ;
#1452 = DIRECTION ( 'NONE',  ( -0.0000000000000000000, -0.0000000000000000000, 1.000000000000000000 ) ) ;
#1453 = ADVANCED_FACE ( 'NONE', ( #1339, #1700 ), #1923, .F. ) ;
#1454 = AXIS2_PLACEMENT_3D ( 'NONE', #460, #1965, #439 ) ;
#1455 = CARTESIAN_POINT ( 'NONE',  ( 18.31715728752538300, -1.200000000000000000, -2.817157287525379900 ) ) ;
#1456 = EDGE_CURVE ( 'NONE', #2001, #2100, #765, .T. ) ;
#1457 = FACE_OUTER_BOUND ( 'NONE', #1956, .T. ) ;
#1458 = CARTESIAN_POINT ( 'NONE',  ( 1.082842712474619400, -1.200000000000000400, -2.817157287525379900 ) ) ;
#1459 = EDGE_CURVE ( 'NONE', #1712, #2034, #883, .T. ) ;
#1460 = FACE_OUTER_BOUND ( 'NONE', #1985, .T. ) ;
#1461 = CIRCLE ( 'NONE', #427, 3.000000000000000000 ) ;
#1462 = DIRECTION ( 'NONE',  ( 0.0000000000000000000, -1.000000000000000000, 0.0000000000000000000 ) ) ;
#1463 = PLANE ( 'NONE',  #1882 ) ;
#1464 = ORIENTED_EDGE ( 'NONE', *, *, #2125, .T. ) ;
#1465 = VECTOR ( 'NONE', #237, 1000.000000000000000 ) ;
#1466 = LINE ( 'NONE', #1621, #2060 ) ;
#1467 = DIRECTION ( 'NONE',  ( -1.156482317317871300E-015, -1.000000000000000000, -0.0000000000000000000 ) ) ;
#1468 = ORIENTED_EDGE ( 'NONE', *, *, #315, .F. ) ;
#1469 = SURFACE_STYLE_FILL_AREA ( #1487 ) ;
#1470 = ADVANCED_FACE ( 'NONE', ( #1634 ), #1007, .F. ) ;
#1471 = EDGE_LOOP ( 'NONE', ( #1447, #196, #505, #807 ) ) ;
#1472 = EDGE_LOOP ( 'NONE', ( #516, #928, #501, #1072 ) ) ;
#1473 = LINE ( 'NONE', #1730, #1614 ) ;
#1474 = CARTESIAN_POINT ( 'NONE',  ( 1.800000000000000000, -1.200000000000000600, 2.699999999999999700 ) ) ;
#1475 = AXIS2_PLACEMENT_3D ( 'NONE', #194, #556, #941 ) ;
#1476 = EDGE_LOOP ( 'NONE', ( #1217, #642, #91, #812 ) ) ;
#1477 = CARTESIAN_POINT ( 'NONE',  ( 0.0000000000000000000, 0.0000000000000000000, 6.000000000000000000 ) ) ;
#1478 = EDGE_CURVE ( 'NONE', #1610, #31, #2355, .T. ) ;
#1479 = CARTESIAN_POINT ( 'NONE',  ( 17.39999999999999900, 1.000000000000000000, -2.899999999999999900 ) ) ;
#1480 = FACE_OUTER_BOUND ( 'NONE', #391, .T. ) ;
#1481 = EDGE_CURVE ( 'NONE', #1351, #387, #354, .T. ) ;
#1482 = CARTESIAN_POINT ( 'NONE',  ( -2.576064361825557700E-015, 19.80000000000000100, 8.300000000000000700 ) ) ;
#1483 = CARTESIAN_POINT ( 'NONE',  ( 1.999999999999999600, 2.000000000000000000, -2.899999999999999900 ) ) ;
#1484 = CARTESIAN_POINT ( 'NONE',  ( -1.000000000000000000, 0.9999999999999986700, -2.899999999999999900 ) ) ;
#1485 = CARTESIAN_POINT ( 'NONE',  ( 0.0000000000000000000, 3.000000000000000000, 6.000000000000000000 ) ) ;
#1486 = DIRECTION ( 'NONE',  ( 0.0000000000000000000, 1.000000000000000000, 0.0000000000000000000 ) ) ;
#1487 = FILL_AREA_STYLE ('',( #197 ) ) ;
#1488 = CARTESIAN_POINT ( 'NONE',  ( 20.00000000000000400, 3.000000000000000000, -6.500000000000000900 ) ) ;
#1489 = CARTESIAN_POINT ( 'NONE',  ( 16.80000000000000100, 1.000000000000000000, 6.000000000000000000 ) ) ;
#1490 = CIRCLE ( 'NONE', #676, 0.1999999999999987900 ) ;
#1491 = EDGE_LOOP ( 'NONE', ( #1216, #590, #1564, #839 ) ) ;
#1492 = LINE ( 'NONE', #54, #379 ) ;
#1493 = PLANE ( 'NONE',  #2293 ) ;
#1494 = VERTEX_POINT ( 'NONE', #792 ) ;
#1495 = VERTEX_POINT ( 'NONE', #824 ) ;
#1496 = FACE_OUTER_BOUND ( 'NONE', #2173, .T. ) ;
#1497 = FACE_OUTER_BOUND ( 'NONE', #955, .T. ) ;
#1498 = CARTESIAN_POINT ( 'NONE',  ( 0.0000000000000000000, 0.0000000000000000000, -8.500000000000000000 ) ) ;
#1499 = EDGE_LOOP ( 'NONE', ( #2329, #1897, #1294, #1435, #767, #247 ) ) ;
#1500 = ORIENTED_EDGE ( 'NONE', *, *, #173, .T. ) ;
#1501 = VECTOR ( 'NONE', #168, 1000.000000000000000 ) ;
#1502 = CARTESIAN_POINT ( 'NONE',  ( 2.999999999999995600, 9.000000000000000000, 2.999999999999999600 ) ) ;
#1503 = VERTEX_POINT ( 'NONE', #2306 ) ;
#1504 = ORIENTED_EDGE ( 'NONE', *, *, #1350, .T. ) ;
#1505 = FACE_OUTER_BOUND ( 'NONE', #1903, .T. ) ;
#1506 = VERTEX_POINT ( 'NONE', #1767 ) ;
#1507 = CARTESIAN_POINT ( 'NONE',  ( -1.000000000000000700, 18.39999999999999900, -2.899999999999999900 ) ) ;
#1508 = EDGE_CURVE ( 'NONE', #1824, #29, #2289, .T. ) ;
#1509 = EDGE_LOOP ( 'NONE', ( #2011, #1745, #1761, #2417 ) ) ;
#1510 = DIRECTION ( 'NONE',  ( 0.0000000000000000000, -1.000000000000000000, 0.0000000000000000000 ) ) ;
#1511 = EDGE_CURVE ( 'NONE', #1796, #616, #1822, .T. ) ;
#1512 = CARTESIAN_POINT ( 'NONE',  ( 20.00000000000000400, 3.000000000000000000, 8.300000000000000700 ) ) ;
#1513 = PLANE ( 'NONE',  #1438 ) ;
#1514 = DIRECTION ( 'NONE',  ( -0.0000000000000000000, -0.0000000000000000000, -1.000000000000000000 ) ) ;
#1515 = CARTESIAN_POINT ( 'NONE',  ( 18.39999999999999900, -1.000000000000000000, 2.899999999999999900 ) ) ;
#1516 = DIRECTION ( 'NONE',  ( -0.7071067811865477900, 0.7071067811865473500, 0.0000000000000000000 ) ) ;
#1517 =( BOUNDED_CURVE ( )  B_SPLINE_CURVE ( 3, ( #1429, #2193, #1455, #1244 ),
 .UNSPECIFIED., .F., .F. ) 
 B_SPLINE_CURVE_WITH_KNOTS ( ( 4, 4 ),
 ( 0.0000000000000000000, 1.570796326794896600 ),
 .UNSPECIFIED. ) 
 CURVE ( )  GEOMETRIC_REPRESENTATION_ITEM ( )  RATIONAL_B_SPLINE_CURVE ( ( 1.000000000000000000, 0.8047378541243649400, 0.8047378541243649400, 1.000000000000000000 ) ) 
 REPRESENTATION_ITEM ( '' )  );
#1518 = FACE_OUTER_BOUND ( 'NONE', #689, .T. ) ;
#1519 = CARTESIAN_POINT ( 'NONE',  ( -6.505213034913041400E-017, 0.5000000000000004400, 8.500000000000000000 ) ) ;
#1520 = LINE ( 'NONE', #1479, #273 ) ;
#1521 = CYLINDRICAL_SURFACE ( 'NONE', #44, 0.2000000000000000900 ) ;
#1522 = CARTESIAN_POINT ( 'NONE',  ( -1.000000000000000400, 17.39999999999999900, 2.899999999999999900 ) ) ;
#1523 = EDGE_CURVE ( 'NONE', #1610, #2176, #10, .T. ) ;
#1524 = FACE_OUTER_BOUND ( 'NONE', #2352, .T. ) ;
#1525 = FACE_OUTER_BOUND ( 'NONE', #346, .T. ) ;
#1526 = ORIENTED_EDGE ( 'NONE', *, *, #80, .T. ) ;
#1527 = CARTESIAN_POINT ( 'NONE',  ( 18.19999999999999900, -1.200000000000000200, -2.699999999999999300 ) ) ;
#1528 = LINE ( 'NONE', #2386, #586 ) ;
#1529 = ORIENTED_EDGE ( 'NONE', *, *, #2051, .T. ) ;
#1530 = ORIENTED_EDGE ( 'NONE', *, *, #1523, .T. ) ;
#1531 = ORIENTED_EDGE ( 'NONE', *, *, #2063, .F. ) ;
#1532 = DIRECTION ( 'NONE',  ( -0.0000000000000000000, 1.000000000000000000, -0.0000000000000000000 ) ) ;
#1533 = ORIENTED_EDGE ( 'NONE', *, *, #369, .T. ) ;
#1534 = CARTESIAN_POINT ( 'NONE',  ( 3.299999999999997200, 2.999999999999999100, -6.500000000000000900 ) ) ;
#1535 = LINE ( 'NONE', #1814, #1186 ) ;
#1536 = DIRECTION ( 'NONE',  ( -4.336808689942010300E-016, 1.000000000000000000, 0.0000000000000000000 ) ) ;
#1537 = CARTESIAN_POINT ( 'NONE',  ( 20.00000000000000400, 2.999999999999993800, 8.417157287525382600 ) ) ;
#1538 = ORIENTED_EDGE ( 'NONE', *, *, #1026, .F. ) ;
#1539 = PLANE ( 'NONE',  #1665 ) ;
#1540 = DIRECTION ( 'NONE',  ( 1.000000000000000000, 0.0000000000000000000, 0.0000000000000000000 ) ) ;
#1541 = EDGE_CURVE ( 'NONE', #1503, #1121, #1427, .T. ) ;
#1542 =( NAMED_UNIT ( * ) SI_UNIT ( $, .STERADIAN. ) SOLID_ANGLE_UNIT ( ) );
#1543 = DIRECTION ( 'NONE',  ( -0.0000000000000000000, -0.0000000000000000000, -1.000000000000000000 ) ) ;
#1544 = CARTESIAN_POINT ( 'NONE',  ( 20.00000000000000400, 11.50000000000000000, 3.000000000000000000 ) ) ;
#1545 = DIRECTION ( 'NONE',  ( 0.0000000000000000000, 0.0000000000000000000, -1.000000000000000000 ) ) ;
#1546 = FACE_OUTER_BOUND ( 'NONE', #959, .T. ) ;
#1547 = VERTEX_POINT ( 'NONE', #974 ) ;
#1548 = VECTOR ( 'NONE', #2087, 1000.000000000000000 ) ;
#1549 = EDGE_CURVE ( 'NONE', #655, #1624, #270, .T. ) ;
#1550 = VERTEX_POINT ( 'NONE', #2294 ) ;
#1551 = CIRCLE ( 'NONE', #533, 3.000000000000000000 ) ;
#1552 = LINE ( 'NONE', #154, #647 ) ;
#1553 = EDGE_CURVE ( 'NONE', #2388, #1896, #1604, .T. ) ;
#1554 = ORIENTED_EDGE ( 'NONE', *, *, #433, .F. ) ;
#1555 = EDGE_LOOP ( 'NONE', ( #1920, #288, #2423, #222 ) ) ;
#1556 = FACE_OUTER_BOUND ( 'NONE', #2012, .T. ) ;
#1557 = PLANE ( 'NONE',  #1668 ) ;
#1558 = CARTESIAN_POINT ( 'NONE',  ( 2.999999999999999100, 19.99999999999999600, 8.417157287525382600 ) ) ;
#1559 = ORIENTED_EDGE ( 'NONE', *, *, #1979, .T. ) ;
#1560 = ORIENTED_EDGE ( 'NONE', *, *, #854, .T. ) ;
#1561 = ORIENTED_EDGE ( 'NONE', *, *, #1122, .T. ) ;
#1562 = CIRCLE ( 'NONE', #847, 3.000000000000000000 ) ;
#1563 = AXIS2_PLACEMENT_3D ( 'NONE', #2004, #1272, #146 ) ;
#1564 = ORIENTED_EDGE ( 'NONE', *, *, #1281, .T. ) ;
#1565 = CARTESIAN_POINT ( 'NONE',  ( 19.80000000000000100, -2.289834988289385700E-014, -8.500000000000000000 ) ) ;
#1566 = CARTESIAN_POINT ( 'NONE',  ( -1.200000000000000200, 0.9999999999999985600, 2.899999999999999900 ) ) ;
#1567 = DIRECTION ( 'NONE',  ( 0.0000000000000000000, 0.0000000000000000000, -1.000000000000000000 ) ) ;
#1568 = CARTESIAN_POINT ( 'NONE',  ( 1.000000000000000000, 19.00000000000000400, 6.000000000000000000 ) ) ;
#1569 = EDGE_CURVE ( 'NONE', #1009, #886, #825, .T. ) ;
#1570 = CARTESIAN_POINT ( 'NONE',  ( 3.000000000000000000, 1.000000000000000000, 6.000000000000000000 ) ) ;
#1571 = CARTESIAN_POINT ( 'NONE',  ( 0.0000000000000000000, 19.00000000000000400, -6.000000000000000000 ) ) ;
#1572 = PLANE ( 'NONE',  #2362 ) ;
#1573 = CARTESIAN_POINT ( 'NONE',  ( 16.80000000000000100, 1.000000000000000000, -6.000000000000000000 ) ) ;
#1574 = VECTOR ( 'NONE', #1994, 1000.000000000000000 ) ;
#1575 = CARTESIAN_POINT ( 'NONE',  ( 0.0000000000000000000, 0.5000000000000003300, -6.000000000000000000 ) ) ;
#1576 = ADVANCED_FACE ( 'NONE', ( #607 ), #1232, .F. ) ;
#1577 = FACE_OUTER_BOUND ( 'NONE', #1899, .T. ) ;
#1578 = LINE ( 'NONE', #2394, #1142 ) ;
#1579 = ORIENTED_EDGE ( 'NONE', *, *, #1413, .T. ) ;
#1580 = DIRECTION ( 'NONE',  ( -0.7071067811865475700, 0.7071067811865474600, 0.0000000000000000000 ) ) ;
#1581 = CARTESIAN_POINT ( 'NONE',  ( 0.0000000000000000000, 0.0000000000000000000, -6.000000000000000000 ) ) ;
#1582 = VECTOR ( 'NONE', #1159, 1000.000000000000000 ) ;
#1583 = VERTEX_POINT ( 'NONE', #63 ) ;
#1584 = VECTOR ( 'NONE', #2172, 1000.000000000000000 ) ;
#1585 = CARTESIAN_POINT ( 'NONE',  ( 17.39999999999999900, -1.000000000000000000, 2.899999999999999900 ) ) ;
#1586 = ORIENTED_EDGE ( 'NONE', *, *, #1090, .T. ) ;
#1587 = ORIENTED_EDGE ( 'NONE', *, *, #400, .F. ) ;
#1588 = EDGE_LOOP ( 'NONE', ( #490, #250, #2292, #82 ) ) ;
#1589 = CARTESIAN_POINT ( 'NONE',  ( 9.000000000000000000, 20.00000000000000000, 0.0000000000000000000 ) ) ;
#1590 = EDGE_CURVE ( 'NONE', #811, #1636, #410, .T. ) ;
#1591 = ORIENTED_EDGE ( 'NONE', *, *, #2333, .F. ) ;
#1592 = DIRECTION ( 'NONE',  ( -1.000000000000000000, 0.0000000000000000000, 0.0000000000000000000 ) ) ;
#1593 = VECTOR ( 'NONE', #1714, 1000.000000000000000 ) ;
#1594 = ADVANCED_FACE ( 'NONE', ( #1399 ), #1572, .F. ) ;
#1595 = CARTESIAN_POINT ( 'NONE',  ( 2.999999999999996900, 19.79999999999999700, -8.300000000000002500 ) ) ;
#1596 = ORIENTED_EDGE ( 'NONE', *, *, #345, .T. ) ;
#1597 = AXIS2_PLACEMENT_3D ( 'NONE', #523, #1270, #1079 ) ;
#1598 = EDGE_CURVE ( 'NONE', #723, #1506, #328, .T. ) ;
#1599 = CARTESIAN_POINT ( 'NONE',  ( 3.000000000000000000, 1.000000000000000000, -6.000000000000000000 ) ) ;
#1600 = EDGE_CURVE ( 'NONE', #1896, #1617, #126, .T. ) ;
#1601 = DIRECTION ( 'NONE',  ( 1.000000000000000000, 0.0000000000000000000, 0.0000000000000000000 ) ) ;
#1602 = ADVANCED_FACE ( 'NONE', ( #65 ), #276, .F. ) ;
#1603 = CARTESIAN_POINT ( 'NONE',  ( 1.999999999999999600, 1.000000000000000000, -2.899999999999999900 ) ) ;
#1604 = LINE ( 'NONE', #1758, #2372 ) ;
#1605 = DIRECTION ( 'NONE',  ( -1.000000000000000000, -0.0000000000000000000, -0.0000000000000000000 ) ) ;
#1606 = EDGE_LOOP ( 'NONE', ( #554, #778, #2140, #1895 ) ) ;
#1607 = LINE ( 'NONE', #514, #1703 ) ;
#1608 = DIRECTION ( 'NONE',  ( -1.301042606982605300E-016, 1.000000000000000000, 0.0000000000000000000 ) ) ;
#1609 = AXIS2_PLACEMENT_3D ( 'NONE', #2283, #2099, #1738 ) ;
#1610 = VERTEX_POINT ( 'NONE', #1386 ) ;
#1611 = VECTOR ( 'NONE', #2403, 1000.000000000000000 ) ;
#1612 = VERTEX_POINT ( 'NONE', #1603 ) ;
#1613 = ORIENTED_EDGE ( 'NONE', *, *, #1382, .T. ) ;
#1614 = VECTOR ( 'NONE', #238, 1000.000000000000000 ) ;
#1615 = ADVANCED_FACE ( 'NONE', ( #552 ), #673, .T. ) ;
#1616 = EDGE_CURVE ( 'NONE', #459, #1583, #1299, .T. ) ;
#1617 = VERTEX_POINT ( 'NONE', #1020 ) ;
#1618 = ORIENTED_EDGE ( 'NONE', *, *, #1929, .T. ) ;
#1619 = CARTESIAN_POINT ( 'NONE',  ( -1.000000000000000400, 1.800000000000000000, 2.899999999999999900 ) ) ;
#1620 = ORIENTED_EDGE ( 'NONE', *, *, #297, .F. ) ;
#1621 = CARTESIAN_POINT ( 'NONE',  ( 16.80000000000000100, 0.0000000000000000000, -6.000000000000000000 ) ) ;
#1622 = LINE ( 'NONE', #2341, #2042 ) ;
#1623 =( BOUNDED_CURVE ( )  B_SPLINE_CURVE ( 3, ( #821, #1002, #97, #2312 ),
 .UNSPECIFIED., .F., .F. ) 
 B_SPLINE_CURVE_WITH_KNOTS ( ( 4, 4 ),
 ( 4.712388980384688800, 6.283185307179595100 ),
 .UNSPECIFIED. ) 
 CURVE ( )  GEOMETRIC_REPRESENTATION_ITEM ( )  RATIONAL_B_SPLINE_CURVE ( ( 1.000000000000000000, 0.8047378541243627200, 0.8047378541243627200, 1.000000000000000000 ) ) 
 REPRESENTATION_ITEM ( '' )  );
#1624 = VERTEX_POINT ( 'NONE', #1778 ) ;
#1625 = CARTESIAN_POINT ( 'NONE',  ( -1.200000000000000600, 17.39999999999999900, 2.899999999999999900 ) ) ;
#1626 = DIRECTION ( 'NONE',  ( 0.0000000000000000000, 0.0000000000000000000, -1.000000000000000000 ) ) ;
#1627 = ADVANCED_FACE ( 'NONE', ( #1673 ), #994, .T. ) ;
#1628 = AXIS2_PLACEMENT_3D ( 'NONE', #1666, #544, #1111 ) ;
#1629 = CARTESIAN_POINT ( 'NONE',  ( 20.00000000000000400, 11.50000000000000000, 0.0000000000000000000 ) ) ;
#1630 = EDGE_CURVE ( 'NONE', #2182, #201, #916, .T. ) ;
#1631 = CARTESIAN_POINT ( 'NONE',  ( 19.00000000000000400, 1.000000000000000000, -6.000000000000000000 ) ) ;
#1632 = EDGE_CURVE ( 'NONE', #1612, #1009, #1885, .T. ) ;
#1633 = CARTESIAN_POINT ( 'NONE',  ( 1.000000000000000200, 1.000000000000000000, -6.000000000000000000 ) ) ;
#1634 = FACE_OUTER_BOUND ( 'NONE', #2089, .T. ) ;
#1635 = DIRECTION ( 'NONE',  ( 0.0000000000000000000, 0.0000000000000000000, 1.000000000000000000 ) ) ;
#1636 = VERTEX_POINT ( 'NONE', #2364 ) ;
#1637 = LINE ( 'NONE', #1522, #1999 ) ;
#1638 = ADVANCED_FACE ( 'NONE', ( #1367 ), #301, .F. ) ;
#1639 = ORIENTED_EDGE ( 'NONE', *, *, #966, .T. ) ;
#1640 = LINE ( 'NONE', #1747, #1465 ) ;
#1641 = VECTOR ( 'NONE', #1213, 1000.000000000000000 ) ;
#1642 = CARTESIAN_POINT ( 'NONE',  ( 17.59999999999999800, -1.000000000000000000, 2.899999999999999900 ) ) ;
#1643 = CARTESIAN_POINT ( 'NONE',  ( 11.49999999999999600, 0.0000000000000000000, -3.000000000000000000 ) ) ;
#1644 = EDGE_LOOP ( 'NONE', ( #979, #1083, #1128, #2117 ) ) ;
#1645 = ORIENTED_EDGE ( 'NONE', *, *, #1616, .F. ) ;
#1646 = LINE ( 'NONE', #2183, #2002 ) ;
#1647 = DIRECTION ( 'NONE',  ( -0.7071067811865475700, 0.7071067811865474600, 0.0000000000000000000 ) ) ;
#1648 = AXIS2_PLACEMENT_3D ( 'NONE', #1566, #800, #1536 ) ;
#1649 = CARTESIAN_POINT ( 'NONE',  ( 18.39999999999999900, -1.000000000000000000, -2.899999999999999900 ) ) ;
#1650 = ORIENTED_EDGE ( 'NONE', *, *, #1049, .T. ) ;
#1651 = ORIENTED_EDGE ( 'NONE', *, *, #1166, .F. ) ;
#1652 = EDGE_LOOP ( 'NONE', ( #12, #203, #481, #289, #388, #947 ) ) ;
#1653 = DIRECTION ( 'NONE',  ( -1.000000000000000000, -5.102127870520018100E-017, 0.0000000000000000000 ) ) ;
#1654 = VERTEX_POINT ( 'NONE', #2010 ) ;
#1655 = EDGE_LOOP ( 'NONE', ( #897, #996, #2093, #1721 ) ) ;
#1656 = EDGE_CURVE ( 'NONE', #1917, #957, #473, .T. ) ;
#1657 = CARTESIAN_POINT ( 'NONE',  ( 17.39999999999999900, 1.000000000000000000, -2.899999999999999900 ) ) ;
#1658 = CARTESIAN_POINT ( 'NONE',  ( 0.0000000000000000000, 3.000000000000000000, 6.000000000000000000 ) ) ;
#1659 = LINE ( 'NONE', #1986, #317 ) ;
#1660 = DIRECTION ( 'NONE',  ( 0.0000000000000000000, 0.0000000000000000000, -1.000000000000000000 ) ) ;
#1661 = ORIENTED_EDGE ( 'NONE', *, *, #1418, .F. ) ;
#1662 = ADVANCED_FACE ( 'NONE', ( #1029 ), #2015, .F. ) ;
#1663 = PLANE ( 'NONE',  #813 ) ;
#1664 = DIRECTION ( 'NONE',  ( 1.000000000000000000, 5.102127870520018100E-017, 0.0000000000000000000 ) ) ;
#1665 = AXIS2_PLACEMENT_3D ( 'NONE', #1731, #234, #603 ) ;
#1666 = CARTESIAN_POINT ( 'NONE',  ( -1.200000000000000600, 18.39999999999999900, 2.899999999999999900 ) ) ;
#1667 = DIRECTION ( 'NONE',  ( -0.0000000000000000000, 0.0000000000000000000, 1.000000000000000000 ) ) ;
#1668 = AXIS2_PLACEMENT_3D ( 'NONE', #62, #70, #1545 ) ;
#1669 = EDGE_CURVE ( 'NONE', #2336, #1583, #1910, .T. ) ;
#1670 = ADVANCED_FACE ( 'NONE', ( #1457 ), #105, .T. ) ;
#1671 = CARTESIAN_POINT ( 'NONE',  ( 0.0000000000000000000, 0.0000000000000000000, -2.899999999999999900 ) ) ;
#1672 = EDGE_CURVE ( 'NONE', #2390, #1681, #1578, .T. ) ;
#1673 = FACE_OUTER_BOUND ( 'NONE', #1948, .T. ) ;
#1674 = DIRECTION ( 'NONE',  ( -0.0000000000000000000, -1.000000000000000000, -0.0000000000000000000 ) ) ;
#1675 = PLANE ( 'NONE',  #888 ) ;
#1676 = ORIENTED_EDGE ( 'NONE', *, *, #480, .F. ) ;
#1677 = FACE_OUTER_BOUND ( 'NONE', #486, .T. ) ;
#1678 = ORIENTED_EDGE ( 'NONE', *, *, #543, .F. ) ;
#1679 = EDGE_LOOP ( 'NONE', ( #627, #622, #1322, #2359 ) ) ;
#1680 = DIRECTION ( 'NONE',  ( 0.0000000000000000000, 0.0000000000000000000, -1.000000000000000000 ) ) ;
#1681 = VERTEX_POINT ( 'NONE', #342 ) ;
#1682 = DIRECTION ( 'NONE',  ( 0.0000000000000000000, 0.0000000000000000000, 1.000000000000000000 ) ) ;
#1683 = VECTOR ( 'NONE', #1045, 1000.000000000000000 ) ;
#1684 = AXIS2_PLACEMENT_3D ( 'NONE', #121, #1408, #2023 ) ;
#1685 = VERTEX_POINT ( 'NONE', #1250 ) ;
#1686 = DIRECTION ( 'NONE',  ( 1.000000000000000000, 7.885106708985486100E-016, -0.0000000000000000000 ) ) ;
#1687 = EDGE_CURVE ( 'NONE', #137, #845, #1517, .T. ) ;
#1688 = LINE ( 'NONE', #165, #1433 ) ;
#1689 = DIRECTION ( 'NONE',  ( 1.000000000000000000, 0.0000000000000000000, 0.0000000000000000000 ) ) ;
#1690 = ORIENTED_EDGE ( 'NONE', *, *, #310, .T. ) ;
#1691 = EDGE_CURVE ( 'NONE', #1239, #842, #769, .T. ) ;
#1692 = SURFACE_SIDE_STYLE ('',( #1469 ) ) ;
#1693 = EDGE_LOOP ( 'NONE', ( #2128, #198, #1753, #719 ) ) ;
#1694 = CARTESIAN_POINT ( 'NONE',  ( 1.000000000000000000, 17.39999999999999900, -2.899999999999999900 ) ) ;
#1695 = CARTESIAN_POINT ( 'NONE',  ( 20.00000000000000400, 2.999999999999998700, -8.417157287525382600 ) ) ;
#1696 = PLANE ( 'NONE',  #181 ) ;
#1697 = DIRECTION ( 'NONE',  ( 0.0000000000000000000, 0.0000000000000000000, 1.000000000000000000 ) ) ;
#1698 = AXIS2_PLACEMENT_3D ( 'NONE', #961, #41, #1729 ) ;
#1699 = CARTESIAN_POINT ( 'NONE',  ( 16.80000000000000100, 0.0000000000000000000, -6.000000000000000000 ) ) ;
#1700 = FACE_BOUND ( 'NONE', #398, .T. ) ;
#1701 = EDGE_CURVE ( 'NONE', #1725, #2067, #470, .T. ) ;
#1702 = ORIENTED_EDGE ( 'NONE', *, *, #415, .F. ) ;
#1703 = VECTOR ( 'NONE', #1266, 1000.000000000000000 ) ;
#1704 = CARTESIAN_POINT ( 'NONE',  ( 11.50000000000000000, 0.0000000000000000000, 0.0000000000000000000 ) ) ;
#1705 = DIRECTION ( 'NONE',  ( -0.7071067811865451300, 0.7071067811865500200, -0.0000000000000000000 ) ) ;
#1706 = VECTOR ( 'NONE', #57, 1000.000000000000000 ) ;
#1707 =( BOUNDED_CURVE ( )  B_SPLINE_CURVE ( 3, ( #348, #1450, #2421, #914 ),
 .UNSPECIFIED., .F., .F. ) 
 B_SPLINE_CURVE_WITH_KNOTS ( ( 4, 4 ),
 ( 3.141592653589793100, 4.712388980384689700 ),
 .UNSPECIFIED. ) 
 CURVE ( )  GEOMETRIC_REPRESENTATION_ITEM ( )  RATIONAL_B_SPLINE_CURVE ( ( 1.000000000000000000, 0.8047378541243649400, 0.8047378541243649400, 1.000000000000000000 ) ) 
 REPRESENTATION_ITEM ( '' )  );
#1708 = VERTEX_POINT ( 'NONE', #495 ) ;
#1709 = LINE ( 'NONE', #786, #2145 ) ;
#1710 = DIRECTION ( 'NONE',  ( 0.0000000000000000000, 0.0000000000000000000, -1.000000000000000000 ) ) ;
#1711 = EDGE_LOOP ( 'NONE', ( #134, #2148, #357, #868 ) ) ;
#1712 = VERTEX_POINT ( 'NONE', #2379 ) ;
#1713 = FACE_OUTER_BOUND ( 'NONE', #1962, .T. ) ;
#1714 = DIRECTION ( 'NONE',  ( 0.7071067811865475700, -0.7071067811865474600, -0.0000000000000000000 ) ) ;
#1715 = ORIENTED_EDGE ( 'NONE', *, *, #2202, .F. ) ;
#1716 = ORIENTED_EDGE ( 'NONE', *, *, #61, .T. ) ;
#1717 = LINE ( 'NONE', #66, #2009 ) ;
#1718 = DIRECTION ( 'NONE',  ( 0.0000000000000000000, 0.0000000000000000000, -1.000000000000000000 ) ) ;
#1719 = CARTESIAN_POINT ( 'NONE',  ( 18.39999999999999900, 1.000000000000000000, 2.899999999999999900 ) ) ;
#1720 = ORIENTED_EDGE ( 'NONE', *, *, #300, .T. ) ;
#1721 = ORIENTED_EDGE ( 'NONE', *, *, #985, .F. ) ;
#1722 = DIRECTION ( 'NONE',  ( 0.7071067811865474600, 0.7071067811865474600, 0.0000000000000000000 ) ) ;
#1723 = CYLINDRICAL_SURFACE ( 'NONE', #494, 0.2000000000000000900 ) ;
#1724 = DIRECTION ( 'NONE',  ( 0.0000000000000000000, 0.0000000000000000000, -1.000000000000000000 ) ) ;
#1725 = VERTEX_POINT ( 'NONE', #347 ) ;
#1726 = DIRECTION ( 'NONE',  ( 0.0000000000000000000, 0.0000000000000000000, 1.000000000000000000 ) ) ;
#1727 = EDGE_CURVE ( 'NONE', #1824, #1982, #42, .T. ) ;
#1728 = DIRECTION ( 'NONE',  ( 0.0000000000000000000, 0.0000000000000000000, 1.000000000000000000 ) ) ;
#1729 = DIRECTION ( 'NONE',  ( 0.0000000000000000000, 0.0000000000000000000, -1.000000000000000000 ) ) ;
#1730 = CARTESIAN_POINT ( 'NONE',  ( 1.000000000000000000, 18.40000000000000200, 2.899999999999999900 ) ) ;
#1731 = CARTESIAN_POINT ( 'NONE',  ( 3.000000000000000000, 1.000000000000000000, -6.000000000000000000 ) ) ;
#1732 = DIRECTION ( 'NONE',  ( -0.0000000000000000000, 1.000000000000000000, 0.0000000000000000000 ) ) ;
#1733 = DIRECTION ( 'NONE',  ( -0.7071067811865477900, 0.7071067811865473500, 0.0000000000000000000 ) ) ;
#1734 = CARTESIAN_POINT ( 'NONE',  ( 19.00000000000000400, 1.000000000000000000, -6.000000000000000000 ) ) ;
#1735 = AXIS2_PLACEMENT_3D ( 'NONE', #2104, #1187, #600 ) ;
#1736 = EDGE_CURVE ( 'NONE', #1180, #2303, #1974, .T. ) ;
#1737 = LINE ( 'NONE', #1657, #799 ) ;
#1738 = DIRECTION ( 'NONE',  ( -1.000000000000000000, 0.0000000000000000000, -0.0000000000000000000 ) ) ;
#1739 = CARTESIAN_POINT ( 'NONE',  ( 20.00000000000000400, 3.000000000000000000, 6.700000000000000200 ) ) ;
#1740 = EDGE_LOOP ( 'NONE', ( #726, #1384, #2416, #286, #1271, #2235, #2159, #848 ) ) ;
#1741 = EDGE_CURVE ( 'NONE', #2179, #609, #2346, .T. ) ;
#1742 = LINE ( 'NONE', #103, #1798 ) ;
#1743 = UNCERTAINTY_MEASURE_WITH_UNIT (LENGTH_MEASURE( 1.000000000000000100E-005 ), #2422, 'distance_accuracy_value', 'NONE');
#1744 = DIRECTION ( 'NONE',  ( 1.000000000000000000, 0.0000000000000000000, 0.0000000000000000000 ) ) ;
#1745 = ORIENTED_EDGE ( 'NONE', *, *, #1459, .T. ) ;
#1746 = ORIENTED_EDGE ( 'NONE', *, *, #1963, .F. ) ;
#1747 = CARTESIAN_POINT ( 'NONE',  ( 17.59999999999999800, -1.200000000000000200, 2.899999999999999900 ) ) ;
#1748 = LINE ( 'NONE', #1236, #221 ) ;
#1749 = VERTEX_POINT ( 'NONE', #1845 ) ;
#1750 = EDGE_LOOP ( 'NONE', ( #226, #1678, #570, #1243 ) ) ;
#1751 = FACE_OUTER_BOUND ( 'NONE', #395, .T. ) ;
#1752 = ORIENTED_EDGE ( 'NONE', *, *, #1044, .F. ) ;
#1753 = ORIENTED_EDGE ( 'NONE', *, *, #939, .F. ) ;
#1754 = CARTESIAN_POINT ( 'NONE',  ( 16.80000000000000100, 1.000000000000000000, 6.000000000000000000 ) ) ;
#1755 = PRESENTATION_LAYER_ASSIGNMENT (  '', '', ( #1070 ) ) ;
#1756 = LINE ( 'NONE', #1047, #2129 ) ;
#1757 = EDGE_CURVE ( 'NONE', #2302, #1015, #1461, .T. ) ;
#1758 = CARTESIAN_POINT ( 'NONE',  ( 0.0000000000000000000, 19.00000000000000400, -6.000000000000000000 ) ) ;
#1759 = CARTESIAN_POINT ( 'NONE',  ( 1.000000000000000000, 17.39999999999999900, 2.899999999999999900 ) ) ;
#1760 = CARTESIAN_POINT ( 'NONE',  ( 2.289834988289385700E-014, 19.80000000000000100, -8.500000000000000000 ) ) ;
#1761 = ORIENTED_EDGE ( 'NONE', *, *, #749, .T. ) ;
#1762 = DIRECTION ( 'NONE',  ( 0.0000000000000000000, 0.0000000000000000000, 1.000000000000000000 ) ) ;
#1763 = CARTESIAN_POINT ( 'NONE',  ( 2.917157287525380400, 19.79999999999999700, 8.500000000000000000 ) ) ;
#1764 = ADVANCED_FACE ( 'NONE', ( #1793 ), #101, .T. ) ;
#1765 =( NAMED_UNIT ( * ) SI_UNIT ( $, .STERADIAN. ) SOLID_ANGLE_UNIT ( ) );
#1766 = VECTOR ( 'NONE', #1788, 1000.000000000000000 ) ;
#1767 = CARTESIAN_POINT ( 'NONE',  ( 2.999999999999997300, 3.300000000000004300, -6.500000000000000900 ) ) ;
#1768 = DIRECTION ( 'NONE',  ( 1.000000000000000000, 0.0000000000000000000, 0.0000000000000000000 ) ) ;
#1769 = ORIENTED_EDGE ( 'NONE', *, *, #1456, .F. ) ;
#1770 = LINE ( 'NONE', #2278, #1548 ) ;
#1771 = EDGE_CURVE ( 'NONE', #25, #1779, #37, .T. ) ;
#1772 = FACE_OUTER_BOUND ( 'NONE', #1316, .T. ) ;
#1773 = EDGE_CURVE ( 'NONE', #1617, #614, #1087, .T. ) ;
#1774 = ORIENTED_EDGE ( 'NONE', *, *, #1541, .F. ) ;
#1775 = ORIENTED_EDGE ( 'NONE', *, *, #1872, .F. ) ;
#1776 = FACE_OUTER_BOUND ( 'NONE', #72, .T. ) ;
#1777 = CARTESIAN_POINT ( 'NONE',  ( 2.999999999999995100, 20.00000000000000000, 6.582842712474618300 ) ) ;
#1778 = CARTESIAN_POINT ( 'NONE',  ( 0.0000000000000000000, 9.000000000000000000, -2.999999999999999600 ) ) ;
#1779 = VERTEX_POINT ( 'NONE', #1097 ) ;
#1780 = ADVANCED_FACE ( 'NONE', ( #579 ), #703, .F. ) ;
#1781 = CARTESIAN_POINT ( 'NONE',  ( 0.0000000000000000000, 19.00000000000000400, -6.000000000000000000 ) ) ;
#1782 = EDGE_LOOP ( 'NONE', ( #1846, #1182, #2377, #1117, #894, #1533, #2047, #1715 ) ) ;
#1783 = ORIENTED_EDGE ( 'NONE', *, *, #352, .T. ) ;
#1784 = CARTESIAN_POINT ( 'NONE',  ( 2.999999999999995600, 11.50000000000000000, 0.0000000000000000000 ) ) ;
#1785 = LINE ( 'NONE', #1754, #1100 ) ;
#1786 = AXIS2_PLACEMENT_3D ( 'NONE', #308, #2342, #1811 ) ;
#1787 = VERTEX_POINT ( 'NONE', #1254 ) ;
#1788 = DIRECTION ( 'NONE',  ( 0.0000000000000000000, 0.0000000000000000000, -1.000000000000000000 ) ) ;
#1789 =( BOUNDED_CURVE ( )  B_SPLINE_CURVE ( 3, ( #758, #2082, #401, #406 ),
 .UNSPECIFIED., .F., .F. ) 
 B_SPLINE_CURVE_WITH_KNOTS ( ( 4, 4 ),
 ( 1.570796326794896600, 3.141592653589793100 ),
 .UNSPECIFIED. ) 
 CURVE ( )  GEOMETRIC_REPRESENTATION_ITEM ( )  RATIONAL_B_SPLINE_CURVE ( ( 1.000000000000000000, 0.8047378541243649400, 0.8047378541243649400, 1.000000000000000000 ) ) 
 REPRESENTATION_ITEM ( '' )  );
#1790 = EDGE_CURVE ( 'NONE', #2336, #1712, #1442, .T. ) ;
#1791 = ADVANCED_FACE ( 'NONE', ( #830, #970 ), #2033, .F. ) ;
#1792 = PLANE ( 'NONE',  #1288 ) ;
#1793 = FACE_OUTER_BOUND ( 'NONE', #2279, .T. ) ;
#1794 = DIRECTION ( 'NONE',  ( 1.000000000000000000, -0.0000000000000000000, -0.0000000000000000000 ) ) ;
#1795 = FACE_OUTER_BOUND ( 'NONE', #272, .T. ) ;
#1796 = VERTEX_POINT ( 'NONE', #1502 ) ;
#1797 = CARTESIAN_POINT ( 'NONE',  ( 1.000000000000000000, -1.117157287525381500, 2.899999999999999900 ) ) ;
#1798 = VECTOR ( 'NONE', #468, 1000.000000000000000 ) ;
#1799 = STYLED_ITEM ( 'NONE', ( #1206 ), #1335 ) ;
#1800 = ADVANCED_FACE ( 'NONE', ( #1772 ), #2407, .T. ) ;
#1801 = EDGE_CURVE ( 'NONE', #1506, #29, #1081, .T. ) ;
#1802 = ORIENTED_EDGE ( 'NONE', *, *, #1598, .F. ) ;
#1803 = ORIENTED_EDGE ( 'NONE', *, *, #939, .T. ) ;
#1804 = LINE ( 'NONE', #1252, #1611 ) ;
#1805 = CARTESIAN_POINT ( 'NONE',  ( -1.200000000000000600, 1.800000000000000000, 2.699999999999999700 ) ) ;
#1806 = ORIENTED_EDGE ( 'NONE', *, *, #1851, .T. ) ;
#1807 = VERTEX_POINT ( 'NONE', #1113 ) ;
#1808 = LINE ( 'NONE', #1519, #2300 ) ;
#1809 = EDGE_CURVE ( 'NONE', #1303, #1098, #2169, .T. ) ;
#1810 = VERTEX_POINT ( 'NONE', #1489 ) ;
#1811 = DIRECTION ( 'NONE',  ( 0.0000000000000000000, 0.0000000000000000000, 1.000000000000000000 ) ) ;
#1812 = VECTOR ( 'NONE', #2308, 1000.000000000000000 ) ;
#1813 = ORIENTED_EDGE ( 'NONE', *, *, #1590, .T. ) ;
#1814 = CARTESIAN_POINT ( 'NONE',  ( 1.000000000000000200, 1.000000000000000000, -2.899999999999999900 ) ) ;
#1815 = ADVANCED_FACE ( 'NONE', ( #2024 ), #911, .F. ) ;
#1816 = EDGE_CURVE ( 'NONE', #2390, #16, #1025, .T. ) ;
#1817 = CARTESIAN_POINT ( 'NONE',  ( -1.200000000000000600, 18.39999999999999900, 2.899999999999999900 ) ) ;
#1818 = EDGE_CURVE ( 'NONE', #1547, #716, #79, .T. ) ;
#1819 = DIRECTION ( 'NONE',  ( -0.0000000000000000000, -0.0000000000000000000, -1.000000000000000000 ) ) ;
#1820 = DIRECTION ( 'NONE',  ( 0.0000000000000000000, 0.0000000000000000000, 1.000000000000000000 ) ) ;
#1821 = ADVANCED_FACE ( 'NONE', ( #1518 ), #1521, .T. ) ;
#1822 = CIRCLE ( 'NONE', #1735, 2.999999999999999600 ) ;
#1823 = CARTESIAN_POINT ( 'NONE',  ( 0.0000000000000000000, 11.50000000000000000, 0.0000000000000000000 ) ) ;
#1824 = VERTEX_POINT ( 'NONE', #1300 ) ;
#1825 = LINE ( 'NONE', #1908, #443 ) ;
#1826 = CARTESIAN_POINT ( 'NONE',  ( -1.200000000000000600, 17.59999999999999800, -2.699999999999999300 ) ) ;
#1827 = ORIENTED_EDGE ( 'NONE', *, *, #2222, .T. ) ;
#1828 = EDGE_LOOP ( 'NONE', ( #1892, #1358, #1091, #1004 ) ) ;
#1829 = LINE ( 'NONE', #1573, #1915 ) ;
#1830 = VECTOR ( 'NONE', #2223, 1000.000000000000000 ) ;
#1831 = CARTESIAN_POINT ( 'NONE',  ( 2.168404344971008900E-016, 16.80000000000000100, 6.000000000000000000 ) ) ;
#1832 = ORIENTED_EDGE ( 'NONE', *, *, #854, .F. ) ;
#1833 = ORIENTED_EDGE ( 'NONE', *, *, #798, .F. ) ;
#1834 = VECTOR ( 'NONE', #710, 1000.000000000000000 ) ;
#1835 = EDGE_CURVE ( 'NONE', #723, #2247, #913, .T. ) ;
#1836 = ORIENTED_EDGE ( 'NONE', *, *, #1835, .T. ) ;
#1837 = CARTESIAN_POINT ( 'NONE',  ( 1.000000000000000400, 16.80000000000000100, 6.000000000000000000 ) ) ;
#1838 = LINE ( 'NONE', #1969, #1323 ) ;
#1839 = CARTESIAN_POINT ( 'NONE',  ( -1.000000000000000400, 2.000000000000000000, 2.899999999999999900 ) ) ;
#1840 = ORIENTED_EDGE ( 'NONE', *, *, #1669, .T. ) ;
#1841 = ADVANCED_FACE ( 'NONE', ( #1147 ), #549, .T. ) ;
#1842 = CARTESIAN_POINT ( 'NONE',  ( -2.576064361825558500E-015, 19.80000000000000100, -8.500000000000000000 ) ) ;
#1843 = ORIENTED_EDGE ( 'NONE', *, *, #463, .T. ) ;
#1844 = CARTESIAN_POINT ( 'NONE',  ( 18.39999999999999900, 1.000000000000000000, 2.899999999999999900 ) ) ;
#1845 = CARTESIAN_POINT ( 'NONE',  ( -1.200000000000000600, 17.59999999999999800, 2.699999999999999700 ) ) ;
#1846 = ORIENTED_EDGE ( 'NONE', *, *, #1569, .F. ) ;
#1847 = CARTESIAN_POINT ( 'NONE',  ( -1.117157287525381500, 17.39999999999999900, -2.899999999999999500 ) ) ;
#1848 = CARTESIAN_POINT ( 'NONE',  ( -1.000000000000000400, 17.39999999999999900, 2.899999999999999900 ) ) ;
#1849 = PRESENTATION_LAYER_ASSIGNMENT (  '', '', ( #1799 ) ) ;
#1850 = CARTESIAN_POINT ( 'NONE',  ( -1.117157287525381500, 18.39999999999999900, 2.899999999999999900 ) ) ;
#1851 = EDGE_CURVE ( 'NONE', #2008, #660, #1914, .T. ) ;
#1852 = ADVANCED_FACE ( 'NONE', ( #583 ), #1338, .T. ) ;
#1853 = CARTESIAN_POINT ( 'NONE',  ( 20.00000000000000000, 0.0000000000000000000, 8.500000000000000000 ) ) ;
#1854 = DIRECTION ( 'NONE',  ( 0.0000000000000000000, 0.0000000000000000000, 1.000000000000000000 ) ) ;
#1855 = EDGE_CURVE ( 'NONE', #943, #837, #860, .T. ) ;
#1856 = DIRECTION ( 'NONE',  ( -1.000000000000000000, -0.0000000000000000000, -0.0000000000000000000 ) ) ;
#1857 = VECTOR ( 'NONE', #1486, 1000.000000000000000 ) ;
#1858 = DIRECTION ( 'NONE',  ( 0.0000000000000000000, 0.0000000000000000000, -1.000000000000000000 ) ) ;
#1859 = VECTOR ( 'NONE', #1543, 1000.000000000000000 ) ;
#1860 = VECTOR ( 'NONE', #1141, 1000.000000000000000 ) ;
#1861 = VECTOR ( 'NONE', #1516, 999.9999999999998900 ) ;
#1862 = CARTESIAN_POINT ( 'NONE',  ( -2.576064361825558500E-015, 19.80000000000000100, 8.500000000000000000 ) ) ;
#1863 = CARTESIAN_POINT ( 'NONE',  ( 2.999999999999997300, 3.300000000000004300, 6.500000000000000900 ) ) ;
#1864 = ORIENTED_EDGE ( 'NONE', *, *, #784, .T. ) ;
#1865 = VECTOR ( 'NONE', #2345, 1000.000000000000000 ) ;
#1866 = ADVANCED_FACE ( 'NONE', ( #150 ), #2086, .T. ) ;
#1867 = CARTESIAN_POINT ( 'NONE',  ( -2.602085213965210600E-015, 20.00000000000000000, 8.500000000000000000 ) ) ;
#1868 = ORIENTED_EDGE ( 'NONE', *, *, #1413, .F. ) ;
#1869 = EDGE_LOOP ( 'NONE', ( #1409, #1008, #1925, #851 ) ) ;
#1870 = LINE ( 'NONE', #730, #1005 ) ;
#1871 = ORIENTED_EDGE ( 'NONE', *, *, #1630, .F. ) ;
#1872 = EDGE_CURVE ( 'NONE', #281, #1098, #1261, .T. ) ;
#1873 = DIRECTION ( 'NONE',  ( -0.0000000000000000000, 1.000000000000000000, -0.0000000000000000000 ) ) ;
#1874 = CARTESIAN_POINT ( 'NONE',  ( 20.00000000000000400, 11.50000000000000000, 3.000000000000000000 ) ) ;
#1875 = CYLINDRICAL_SURFACE ( 'NONE', #2263, 3.000000000000000000 ) ;
#1876 = EDGE_LOOP ( 'NONE', ( #161, #598, #458, #594 ) ) ;
#1877 = PLANE ( 'NONE',  #1014 ) ;
#1878 = DIRECTION ( 'NONE',  ( 0.0000000000000000000, -1.000000000000000000, 0.0000000000000000000 ) ) ;
#1879 = CARTESIAN_POINT ( 'NONE',  ( 1.800000000000000000, -1.200000000000000600, 2.699999999999999700 ) ) ;
#1880 = CARTESIAN_POINT ( 'NONE',  ( 18.39999999999999900, 1.000000000000000000, -2.899999999999999900 ) ) ;
#1881 = DIRECTION ( 'NONE',  ( -1.084202172485504400E-016, 1.000000000000000000, 0.0000000000000000000 ) ) ;
#1882 = AXIS2_PLACEMENT_3D ( 'NONE', #1477, #1667, #202 ) ;
#1883 = DIRECTION ( 'NONE',  ( 1.000000000000000000, 0.0000000000000000000, 0.0000000000000000000 ) ) ;
#1884 = DIRECTION ( 'NONE',  ( 1.000000000000000000, 0.0000000000000000000, -0.0000000000000000000 ) ) ;
#1885 = LINE ( 'NONE', #1051, #1971 ) ;
#1886 = VERTEX_POINT ( 'NONE', #1699 ) ;
#1887 = FACE_OUTER_BOUND ( 'NONE', #339, .T. ) ;
#1888 = CARTESIAN_POINT ( 'NONE',  ( 20.00000000000000000, 3.000000000000000000, 6.582842712474619200 ) ) ;
#1889 = ORIENTED_EDGE ( 'NONE', *, *, #352, .F. ) ;
#1890 = LINE ( 'NONE', #1734, #156 ) ;
#1891 = EDGE_LOOP ( 'NONE', ( #1388, #933, #1645, #1011 ) ) ;
#1892 = ORIENTED_EDGE ( 'NONE', *, *, #1945, .F. ) ;
#1893 = DIRECTION ( 'NONE',  ( 0.0000000000000000000, 0.0000000000000000000, -1.000000000000000000 ) ) ;
#1894 = EDGE_LOOP ( 'NONE', ( #925, #1369, #1924, #1559, #1277, #843 ) ) ;
#1895 = ORIENTED_EDGE ( 'NONE', *, *, #2409, .F. ) ;
#1896 = VERTEX_POINT ( 'NONE', #235 ) ;
#1897 = ORIENTED_EDGE ( 'NONE', *, *, #522, .T. ) ;
#1898 = EDGE_CURVE ( 'NONE', #1681, #2396, #639, .T. ) ;
#1899 = EDGE_LOOP ( 'NONE', ( #559, #1158, #133, #1372 ) ) ;
#1900 = DIRECTION ( 'NONE',  ( -1.000000000000000000, 0.0000000000000000000, 0.0000000000000000000 ) ) ;
#1901 = EDGE_CURVE ( 'NONE', #1654, #1886, #153, .T. ) ;
#1902 = CARTESIAN_POINT ( 'NONE',  ( 1.200000000000000200, -1.200000000000000600, -2.699999999999999300 ) ) ;
#1903 = EDGE_LOOP ( 'NONE', ( #1175, #1220, #1297, #1440 ) ) ;
#1904 = CARTESIAN_POINT ( 'NONE',  ( 1.800000000000000000, -1.200000000000000600, -2.699999999999999300 ) ) ;
#1905 = DIRECTION ( 'NONE',  ( 4.336808689942010300E-016, -1.000000000000000000, 0.0000000000000000000 ) ) ;
#1906 = CARTESIAN_POINT ( 'NONE',  ( 2.999999999999997300, 3.300000000000004300, 6.500000000000000900 ) ) ;
#1907 = AXIS2_PLACEMENT_3D ( 'NONE', #1194, #53, #1744 ) ;
#1908 = CARTESIAN_POINT ( 'NONE',  ( 3.299999999999997200, 2.999999999999999100, 6.500000000000000900 ) ) ;
#1909 = CARTESIAN_POINT ( 'NONE',  ( 16.80000000000000100, 1.000000000000000000, -6.000000000000000000 ) ) ;
#1910 = LINE ( 'NONE', #2188, #274 ) ;
#1911 = EDGE_CURVE ( 'NONE', #1953, #2100, #2027, .T. ) ;
#1912 = VECTOR ( 'NONE', #699, 1000.000000000000000 ) ;
#1913 = CARTESIAN_POINT ( 'NONE',  ( 17.59999999999999800, -1.200000000000000200, -2.699999999999999300 ) ) ;
#1914 = LINE ( 'NONE', #573, #1400 ) ;
#1915 = VECTOR ( 'NONE', #2343, 1000.000000000000000 ) ;
#1916 = VECTOR ( 'NONE', #2114, 1000.000000000000000 ) ;
#1917 = VERTEX_POINT ( 'NONE', #790 ) ;
#1918 = FACE_OUTER_BOUND ( 'NONE', #951, .T. ) ;
#1919 = ORIENTED_EDGE ( 'NONE', *, *, #2000, .F. ) ;
#1920 = ORIENTED_EDGE ( 'NONE', *, *, #1511, .T. ) ;
#1921 = LINE ( 'NONE', #1284, #1412 ) ;
#1922 = AXIS2_PLACEMENT_3D ( 'NONE', #1935, #814, #619 ) ;
#1923 = PLANE ( 'NONE',  #1342 ) ;
#1924 = ORIENTED_EDGE ( 'NONE', *, *, #2141, .F. ) ;
#1925 = ORIENTED_EDGE ( 'NONE', *, *, #522, .F. ) ;
#1926 = PRODUCT_DEFINITION ( 'UNKNOWN', '', #1363, #1105 ) ;
#1927 = CARTESIAN_POINT ( 'NONE',  ( 1.000000000000000200, 1.000000000000000000, -6.000000000000000000 ) ) ;
#1928 = FACE_OUTER_BOUND ( 'NONE', #1782, .T. ) ;
#1929 = EDGE_CURVE ( 'NONE', #2037, #329, #412, .T. ) ;
#1930 = ORIENTED_EDGE ( 'NONE', *, *, #1672, .T. ) ;
#1931 = DIRECTION ( 'NONE',  ( 0.0000000000000000000, 0.0000000000000000000, 1.000000000000000000 ) ) ;
#1932 = EDGE_CURVE ( 'NONE', #842, #1209, #917, .T. ) ;
#1933 = CARTESIAN_POINT ( 'NONE',  ( 1.200000000000000200, -1.000000000000000400, 2.899999999999999900 ) ) ;
#1934 = CARTESIAN_POINT ( 'NONE',  ( 2.999999999999997300, 19.99999999999999600, 8.500000000000000000 ) ) ;
#1935 = CARTESIAN_POINT ( 'NONE',  ( 0.0000000000000000000, -1.000000000000000400, 2.699999999999999700 ) ) ;
#1936 = CARTESIAN_POINT ( 'NONE',  ( 2.917157287525378600, 19.79999999999999700, -8.500000000000000000 ) ) ;
#1937 = DIRECTION ( 'NONE',  ( 0.0000000000000000000, 1.000000000000000000, 1.734723475976806800E-016 ) ) ;
#1938 = CARTESIAN_POINT ( 'NONE',  ( -8.673617379884042900E-017, 0.5000000000000004400, 8.500000000000000000 ) ) ;
#1939 = CARTESIAN_POINT ( 'NONE',  ( 18.39999999999999900, 1.000000000000000000, 2.899999999999999900 ) ) ;
#1940 = DIRECTION ( 'NONE',  ( 1.000000000000000000, 0.0000000000000000000, 0.0000000000000000000 ) ) ;
#1941 = EDGE_CURVE ( 'NONE', #137, #428, #2351, .T. ) ;
#1942 = LINE ( 'NONE', #35, #2350 ) ;
#1943 = CARTESIAN_POINT ( 'NONE',  ( 2.999999999999997300, 19.71715728752537800, -6.500000000000000900 ) ) ;
#1944 = ORIENTED_EDGE ( 'NONE', *, *, #1773, .T. ) ;
#1945 = EDGE_CURVE ( 'NONE', #2393, #2317, #169, .T. ) ;
#1946 = FACE_OUTER_BOUND ( 'NONE', #1066, .T. ) ;
#1947 = CARTESIAN_POINT ( 'NONE',  ( 2.000000000000000000, -1.000000000000000400, 2.899999999999999900 ) ) ;
#1948 = EDGE_LOOP ( 'NONE', ( #706, #1157, #2097, #1702 ) ) ;
#1949 = CARTESIAN_POINT ( 'NONE',  ( 16.80000000000000100, 1.000000000000000000, -6.000000000000000000 ) ) ;
#1950 = VECTOR ( 'NONE', #254, 1000.000000000000000 ) ;
#1951 = LINE ( 'NONE', #611, #2003 ) ;
#1952 = ADVANCED_FACE ( 'NONE', ( #1928 ), #797, .F. ) ;
#1953 = VERTEX_POINT ( 'NONE', #2280 ) ;
#1954 = ORIENTED_EDGE ( 'NONE', *, *, #1281, .F. ) ;
#1955 = FACE_OUTER_BOUND ( 'NONE', #1258, .T. ) ;
#1956 = EDGE_LOOP ( 'NONE', ( #1504, #683, #367, #1661 ) ) ;
#1957 = ORIENTED_EDGE ( 'NONE', *, *, #628, .T. ) ;
#1958 = AXIS2_PLACEMENT_3D ( 'NONE', #2194, #2374, #1854 ) ;
#1959 = ORIENTED_EDGE ( 'NONE', *, *, #246, .F. ) ;
#1960 = PRODUCT_CONTEXT ( 'NONE', #87, 'mechanical' ) ;
#1961 = DIRECTION ( 'NONE',  ( -1.000000000000000000, 0.0000000000000000000, 0.0000000000000000000 ) ) ;
#1962 = EDGE_LOOP ( 'NONE', ( #171, #2420, #1531, #1587 ) ) ;
#1963 = EDGE_CURVE ( 'NONE', #2247, #256, #1278, .T. ) ;
#1964 = ADVANCED_FACE ( 'NONE', ( #986 ), #783, .T. ) ;
#1965 = DIRECTION ( 'NONE',  ( -7.885106708985485100E-016, 1.000000000000000000, 0.0000000000000000000 ) ) ;
#1966 = CARTESIAN_POINT ( 'NONE',  ( 0.0000000000000000000, 9.000000000000000000, 0.0000000000000000000 ) ) ;
#1967 = CARTESIAN_POINT ( 'NONE',  ( 1.999999999999999600, 1.000000000000000000, 2.899999999999999900 ) ) ;
#1968 = CARTESIAN_POINT ( 'NONE',  ( -1.200000000000000400, 1.917157287525381100, 2.817157287525379900 ) ) ;
#1969 = CARTESIAN_POINT ( 'NONE',  ( 9.000000000000000000, 20.00000000000000000, -3.000000000000000000 ) ) ;
#1970 = DIRECTION ( 'NONE',  ( 1.000000000000000000, 1.301042606982605300E-016, -0.0000000000000000000 ) ) ;
#1971 = VECTOR ( 'NONE', #640, 1000.000000000000000 ) ;
#1972 =( GEOMETRIC_REPRESENTATION_CONTEXT ( 3 ) GLOBAL_UNCERTAINTY_ASSIGNED_CONTEXT ( ( #474 ) ) GLOBAL_UNIT_ASSIGNED_CONTEXT ( ( #261, #240, #1542 ) ) REPRESENTATION_CONTEXT ( 'NONE', 'WORKASPACE' ) );
#1973 = LINE ( 'NONE', #47, #1430 ) ;
#1974 = LINE ( 'NONE', #1054, #213 ) ;
#1975 = DIRECTION ( 'NONE',  ( 0.0000000000000000000, 0.0000000000000000000, -1.000000000000000000 ) ) ;
#1976 = VECTOR ( 'NONE', #263, 1000.000000000000000 ) ;
#1977 = DIRECTION ( 'NONE',  ( 0.0000000000000000000, -1.000000000000000000, 0.0000000000000000000 ) ) ;
#1978 = DIRECTION ( 'NONE',  ( 0.0000000000000000000, -1.000000000000000000, 0.0000000000000000000 ) ) ;
#1979 = EDGE_CURVE ( 'NONE', #256, #1681, #602, .T. ) ;
#1980 = EDGE_LOOP ( 'NONE', ( #343, #1211, #1035, #2041 ) ) ;
#1981 = FACE_BOUND ( 'NONE', #1679, .T. ) ;
#1982 = VERTEX_POINT ( 'NONE', #1534 ) ;
#1983 = VECTOR ( 'NONE', #1346, 1000.000000000000000 ) ;
#1984 = CARTESIAN_POINT ( 'NONE',  ( 0.0000000000000000000, 11.50000000000000000, -3.000000000000000000 ) ) ;
#1985 = EDGE_LOOP ( 'NONE', ( #2264, #1048, #1889, #1064, #1156, #497 ) ) ;
#1986 = CARTESIAN_POINT ( 'NONE',  ( 20.00000000000000400, 3.000000000000000000, 6.500000000000000900 ) ) ;
#1987 = VECTOR ( 'NONE', #2335, 1000.000000000000000 ) ;
#1988 = ADVANCED_FACE ( 'NONE', ( #752 ), #725, .T. ) ;
#1989 = AXIS2_PLACEMENT_3D ( 'NONE', #2405, #1132, #15 ) ;
#1990 = EDGE_LOOP ( 'NONE', ( #1238, #1746, #2127, #817 ) ) ;
#1991 = EDGE_CURVE ( 'NONE', #869, #2067, #2305, .T. ) ;
#1992 = DIRECTION ( 'NONE',  ( -0.0000000000000000000, 1.000000000000000000, -1.734723475976806800E-016 ) ) ;
#1993 = EDGE_CURVE ( 'NONE', #1550, #1810, #1785, .T. ) ;
#1994 = DIRECTION ( 'NONE',  ( -0.0000000000000000000, 1.000000000000000000, -0.0000000000000000000 ) ) ;
#1995 =( BOUNDED_CURVE ( )  B_SPLINE_CURVE ( 3, ( #271, #827, #2135, #1184 ),
 .UNSPECIFIED., .F., .F. ) 
 B_SPLINE_CURVE_WITH_KNOTS ( ( 4, 4 ),
 ( 0.0000000000000000000, 1.570796326794884300 ),
 .UNSPECIFIED. ) 
 CURVE ( )  GEOMETRIC_REPRESENTATION_ITEM ( )  RATIONAL_B_SPLINE_CURVE ( ( 1.000000000000000000, 0.8047378541243679400, 0.8047378541243679400, 1.000000000000000000 ) ) 
 REPRESENTATION_ITEM ( '' )  );
#1996 = DIRECTION ( 'NONE',  ( 1.000000000000000000, 0.0000000000000000000, -0.0000000000000000000 ) ) ;
#1997 = DIRECTION ( 'NONE',  ( 1.156482317317871300E-015, 1.000000000000000000, 0.0000000000000000000 ) ) ;
#1998 = ORIENTED_EDGE ( 'NONE', *, *, #669, .T. ) ;
#1999 = VECTOR ( 'NONE', #805, 1000.000000000000000 ) ;
#2000 = EDGE_CURVE ( 'NONE', #1148, #1547, #664, .T. ) ;
#2001 = VERTEX_POINT ( 'NONE', #1391 ) ;
#2002 = VECTOR ( 'NONE', #464, 1000.000000000000000 ) ;
#2003 = VECTOR ( 'NONE', #1361, 1000.000000000000000 ) ;
#2004 = CARTESIAN_POINT ( 'NONE',  ( 19.80000000000000100, 0.0000000000000000000, 8.300000000000000700 ) ) ;
#2005 = ORIENTED_EDGE ( 'NONE', *, *, #1851, .F. ) ;
#2006 = ORIENTED_EDGE ( 'NONE', *, *, #2367, .F. ) ;
#2007 = VECTOR ( 'NONE', #938, 1000.000000000000000 ) ;
#2008 = VERTEX_POINT ( 'NONE', #2304 ) ;
#2009 = VECTOR ( 'NONE', #1390, 1000.000000000000000 ) ;
#2010 = CARTESIAN_POINT ( 'NONE',  ( 16.80000000000000100, 1.000000000000000000, -6.000000000000000000 ) ) ;
#2011 = ORIENTED_EDGE ( 'NONE', *, *, #892, .F. ) ;
#2012 = EDGE_LOOP ( 'NONE', ( #1343, #2332, #679, #280 ) ) ;
#2013 = ORIENTED_EDGE ( 'NONE', *, *, #1741, .T. ) ;
#2014 = DIRECTION ( 'NONE',  ( -0.0000000000000000000, 1.000000000000000000, -0.0000000000000000000 ) ) ;
#2015 = PLANE ( 'NONE',  #978 ) ;
#2016 = EDGE_CURVE ( 'NONE', #1495, #281, #2242, .T. ) ;
#2017 = ADVANCED_FACE ( 'NONE', ( #488 ), #1723, .T. ) ;
#2018 = DIRECTION ( 'NONE',  ( 0.0000000000000000000, -1.000000000000000000, -1.734723475976806800E-016 ) ) ;
#2019 = CARTESIAN_POINT ( 'NONE',  ( 17.59999999999999800, -1.200000000000000200, -2.699999999999999300 ) ) ;
#2020 = EDGE_CURVE ( 'NONE', #1209, #76, #1302, .T. ) ;
#2021 = CARTESIAN_POINT ( 'NONE',  ( 0.4999999999999967800, 2.710505431213761100E-017, 8.500000000000000000 ) ) ;
#2022 = DIRECTION ( 'NONE',  ( 0.0000000000000000000, 0.0000000000000000000, 1.000000000000000000 ) ) ;
#2023 = DIRECTION ( 'NONE',  ( 1.000000000000000000, 0.0000000000000000000, 0.0000000000000000000 ) ) ;
#2024 = FACE_OUTER_BOUND ( 'NONE', #1740, .T. ) ;
#2025 = PLANE ( 'NONE',  #2046 ) ;
#2026 = VECTOR ( 'NONE', #524, 1000.000000000000000 ) ;
#2027 = LINE ( 'NONE', #1313, #1706 ) ;
#2028 = DIRECTION ( 'NONE',  ( 4.336808689942010300E-016, -1.000000000000000000, 0.0000000000000000000 ) ) ;
#2029 = ADVANCED_FACE ( 'NONE', ( #596 ), #2218, .T. ) ;
#2030 = CARTESIAN_POINT ( 'NONE',  ( 18.39999999999999900, -1.000000000000000000, 2.899999999999999900 ) ) ;
#2031 = VECTOR ( 'NONE', #89, 1000.000000000000000 ) ;
#2032 = LINE ( 'NONE', #722, #278 ) ;
#2033 = PLANE ( 'NONE',  #1475 ) ;
#2034 = VERTEX_POINT ( 'NONE', #844 ) ;
#2035 = LINE ( 'NONE', #1227, #248 ) ;
#2036 = EDGE_CURVE ( 'NONE', #428, #482, #140, .T. ) ;
#2037 = VERTEX_POINT ( 'NONE', #1360 ) ;
#2038 = DIRECTION ( 'NONE',  ( -1.301042606982604800E-016, 1.000000000000000000, 0.0000000000000000000 ) ) ;
#2039 = ORIENTED_EDGE ( 'NONE', *, *, #1382, .F. ) ;
#2040 = DIRECTION ( 'NONE',  ( 0.0000000000000000000, -1.000000000000000000, 0.0000000000000000000 ) ) ;
#2041 = ORIENTED_EDGE ( 'NONE', *, *, #922, .T. ) ;
#2042 = VECTOR ( 'NONE', #484, 1000.000000000000000 ) ;
#2043 = ORIENTED_EDGE ( 'NONE', *, *, #2016, .T. ) ;
#2044 = ADVANCED_FACE ( 'NONE', ( #2074 ), #432, .T. ) ;
#2045 = CARTESIAN_POINT ( 'NONE',  ( 17.48284271247461400, -1.200000000000000000, 2.817157287525379900 ) ) ;
#2046 = AXIS2_PLACEMENT_3D ( 'NONE', #1671, #1126, #2072 ) ;
#2047 = ORIENTED_EDGE ( 'NONE', *, *, #315, .T. ) ;
#2048 = AXIS2_PLACEMENT_3D ( 'NONE', #2398, #1647, #1093 ) ;
#2049 = EDGE_CURVE ( 'NONE', #2396, #1824, #1995, .T. ) ;
#2050 = CARTESIAN_POINT ( 'NONE',  ( 11.49999999999999600, 0.0000000000000000000, 3.000000000000000000 ) ) ;
#2051 = EDGE_CURVE ( 'NONE', #2317, #1210, #2425, .T. ) ;
#2052 = CARTESIAN_POINT ( 'NONE',  ( -1.000000000000000700, 18.39999999999999900, 2.899999999999999900 ) ) ;
#2053 = VECTOR ( 'NONE', #1419, 1000.000000000000000 ) ;
#2054 = ORIENTED_EDGE ( 'NONE', *, *, #444, .F. ) ;
#2055 = FACE_OUTER_BOUND ( 'NONE', #926, .T. ) ;
#2056 = CARTESIAN_POINT ( 'NONE',  ( 1.000000000000000200, 18.40000000000000200, 2.899999999999999900 ) ) ;
#2057 = ORIENTED_EDGE ( 'NONE', *, *, #698, .F. ) ;
#2058 = ORIENTED_EDGE ( 'NONE', *, *, #2348, .T. ) ;
#2059 = LINE ( 'NONE', #1434, #160 ) ;
#2060 = VECTOR ( 'NONE', #1275, 1000.000000000000000 ) ;
#2061 = AXIS2_PLACEMENT_3D ( 'NONE', #123, #866, #487 ) ;
#2062 = EDGE_LOOP ( 'NONE', ( #742, #2356, #136, #1919 ) ) ;
#2063 = EDGE_CURVE ( 'NONE', #1148, #387, #1623, .T. ) ;
#2064 = ORIENTED_EDGE ( 'NONE', *, *, #284, .F. ) ;
#2065 = FACE_OUTER_BOUND ( 'NONE', #1655, .T. ) ;
#2066 = CARTESIAN_POINT ( 'NONE',  ( -1.200000000000000600, 18.19999999999999900, 2.699999999999999700 ) ) ;
#2067 = VERTEX_POINT ( 'NONE', #1416 ) ;
#2068 = VERTEX_POINT ( 'NONE', #1575 ) ;
#2069 = ORIENTED_EDGE ( 'NONE', *, *, #1185, .T. ) ;
#2070 = EDGE_CURVE ( 'NONE', #616, #1624, #119, .T. ) ;
#2071 = CARTESIAN_POINT ( 'NONE',  ( 0.0000000000000000000, 11.50000000000000000, 3.000000000000000000 ) ) ;
#2072 = DIRECTION ( 'NONE',  ( 1.000000000000000000, 0.0000000000000000000, 0.0000000000000000000 ) ) ;
#2073 =( BOUNDED_CURVE ( )  B_SPLINE_CURVE ( 3, ( #1515, #21, #945, #1138 ),
 .UNSPECIFIED., .F., .F. ) 
 B_SPLINE_CURVE_WITH_KNOTS ( ( 4, 4 ),
 ( 3.141592653589793100, 4.712388980384689700 ),
 .UNSPECIFIED. ) 
 CURVE ( )  GEOMETRIC_REPRESENTATION_ITEM ( )  RATIONAL_B_SPLINE_CURVE ( ( 1.000000000000000000, 0.8047378541243649400, 0.8047378541243649400, 1.000000000000000000 ) ) 
 REPRESENTATION_ITEM ( '' )  );
#2074 = FACE_OUTER_BOUND ( 'NONE', #1225, .T. ) ;
#2075 = ORIENTED_EDGE ( 'NONE', *, *, #2367, .T. ) ;
#2076 = CARTESIAN_POINT ( 'NONE',  ( 0.0000000000000000000, 0.0000000000000000000, 6.000000000000000000 ) ) ;
#2077 = EDGE_LOOP ( 'NONE', ( #1037, #1189, #55, #363, #442, #1579 ) ) ;
#2078 = CARTESIAN_POINT ( 'NONE',  ( 2.999999999999997300, 19.99999999999999300, -3.000000000000000900 ) ) ;
#2079 = CARTESIAN_POINT ( 'NONE',  ( 17.39999999999999900, 1.000000000000000000, -2.899999999999999900 ) ) ;
#2080 = DIRECTION ( 'NONE',  ( 1.000000000000000000, 0.0000000000000000000, -0.0000000000000000000 ) ) ;
#2081 = EDGE_CURVE ( 'NONE', #1612, #1725, #1535, .T. ) ;
#2082 = CARTESIAN_POINT ( 'NONE',  ( 2.999999999999996400, 19.88284271247461600, -6.500000000000001800 ) ) ;
#2083 = CARTESIAN_POINT ( 'NONE',  ( 19.91715728752538800, 2.965685424949231900, 8.500000000000000000 ) ) ;
#2084 = CARTESIAN_POINT ( 'NONE',  ( 0.0000000000000000000, 11.50000000000000000, 3.000000000000000000 ) ) ;
#2085 = FACE_OUTER_BOUND ( 'NONE', #50, .T. ) ;
#2086 = CYLINDRICAL_SURFACE ( 'NONE', #2168, 0.2000000000000000900 ) ;
#2087 = DIRECTION ( 'NONE',  ( -0.0000000000000000000, -0.0000000000000000000, 1.000000000000000000 ) ) ;
#2088 = DIRECTION ( 'NONE',  ( 0.0000000000000000000, -0.0000000000000000000, 1.000000000000000000 ) ) ;
#2089 = EDGE_LOOP ( 'NONE', ( #1596, #1003, #1134, #650 ) ) ;
#2090 = LINE ( 'NONE', #775, #2231 ) ;
#2091 = LINE ( 'NONE', #452, #1641 ) ;
#2092 = CARTESIAN_POINT ( 'NONE',  ( 19.80000000000000100, 2.312964634635743000E-016, -8.300000000000002500 ) ) ;
#2093 = ORIENTED_EDGE ( 'NONE', *, *, #2138, .T. ) ;
#2094 = FACE_OUTER_BOUND ( 'NONE', #906, .T. ) ;
#2095 = ORIENTED_EDGE ( 'NONE', *, *, #1122, .F. ) ;
#2096 = VERTEX_POINT ( 'NONE', #853 ) ;
#2097 = ORIENTED_EDGE ( 'NONE', *, *, #2251, .F. ) ;
#2098 = CARTESIAN_POINT ( 'NONE',  ( 2.000000000000000000, -1.117157287525381500, -2.899999999999999500 ) ) ;
#2099 = DIRECTION ( 'NONE',  ( 0.0000000000000000000, 0.0000000000000000000, -1.000000000000000000 ) ) ;
#2100 = VERTEX_POINT ( 'NONE', #686 ) ;
#2101 = DIRECTION ( 'NONE',  ( -0.0000000000000000000, 0.0000000000000000000, 1.000000000000000000 ) ) ;
#2102 = LINE ( 'NONE', #1231, #815 ) ;
#2103 = EDGE_CURVE ( 'NONE', #1121, #1015, #2102, .T. ) ;
#2104 = CARTESIAN_POINT ( 'NONE',  ( 2.999999999999995600, 9.000000000000000000, 0.0000000000000000000 ) ) ;
#2105 = CARTESIAN_POINT ( 'NONE',  ( -1.200000000000000000, 1.082842712474617800, -2.817157287525379400 ) ) ;
#2106 = ORIENTED_EDGE ( 'NONE', *, *, #1259, .F. ) ;
#2107 = ORIENTED_EDGE ( 'NONE', *, *, #2348, .F. ) ;
#2108 = CARTESIAN_POINT ( 'NONE',  ( 20.00000000000000400, 3.000000000000000000, -6.500000000000000900 ) ) ;
#2109 = AXIS2_PLACEMENT_3D ( 'NONE', #1340, #88, #1371 ) ;
#2110 = EDGE_CURVE ( 'NONE', #2270, #716, #290, .T. ) ;
#2111 = CARTESIAN_POINT ( 'NONE',  ( 0.0000000000000000000, 0.0000000000000000000, 8.500000000000000000 ) ) ;
#2112 = CARTESIAN_POINT ( 'NONE',  ( -1.200000000000000200, 1.199999999999998800, 2.699999999999999700 ) ) ;
#2113 = EDGE_CURVE ( 'NONE', #923, #2320, #229, .T. ) ;
#2114 = DIRECTION ( 'NONE',  ( -0.0000000000000000000, -0.0000000000000000000, 1.000000000000000000 ) ) ;
#2115 = VECTOR ( 'NONE', #2252, 1000.000000000000000 ) ;
#2116 = CARTESIAN_POINT ( 'NONE',  ( -1.117157287525381000, 0.9999999999999986700, -2.899999999999999500 ) ) ;
#2117 = ORIENTED_EDGE ( 'NONE', *, *, #2191, .F. ) ;
#2118 = ORIENTED_EDGE ( 'NONE', *, *, #826, .F. ) ;
#2119 = VECTOR ( 'NONE', #1674, 1000.000000000000000 ) ;
#2120 = CARTESIAN_POINT ( 'NONE',  ( 0.0000000000000000000, 0.0000000000000000000, -2.899999999999999900 ) ) ;
#2121 = DIRECTION ( 'NONE',  ( -1.000000000000000000, 0.0000000000000000000, 0.0000000000000000000 ) ) ;
#2122 = ORIENTED_EDGE ( 'NONE', *, *, #931, .T. ) ;
#2123 = LINE ( 'NONE', #1927, #2208 ) ;
#2124 = AXIS2_PLACEMENT_3D ( 'NONE', #1401, #313, #479 ) ;
#2125 = EDGE_CURVE ( 'NONE', #329, #1896, #1622, .T. ) ;
#2126 = DIRECTION ( 'NONE',  ( 1.000000000000000000, 1.971276677246371000E-016, 0.0000000000000000000 ) ) ;
#2127 = ORIENTED_EDGE ( 'NONE', *, *, #2395, .F. ) ;
#2128 = ORIENTED_EDGE ( 'NONE', *, *, #1993, .T. ) ;
#2129 = VECTOR ( 'NONE', #1053, 1000.000000000000000 ) ;
#2130 = EDGE_CURVE ( 'NONE', #1180, #116, #1562, .T. ) ;
#2131 = CARTESIAN_POINT ( 'NONE',  ( 11.35857864376268700, 11.35857864376269300, -8.500000000000000000 ) ) ;
#2132 = ORIENTED_EDGE ( 'NONE', *, *, #2370, .T. ) ;
#2133 = DIRECTION ( 'NONE',  ( 1.000000000000000000, 0.0000000000000000000, 0.0000000000000000000 ) ) ;
#2134 = CARTESIAN_POINT ( 'NONE',  ( 2.168404344971008900E-016, 16.80000000000000100, -6.000000000000000000 ) ) ;
#2135 = CARTESIAN_POINT ( 'NONE',  ( 19.88284271247462000, 3.000000000000000400, -6.500000000000002700 ) ) ;
#2136 = CARTESIAN_POINT ( 'NONE',  ( 1.999999999999999600, 2.000000000000000000, 2.899999999999999900 ) ) ;
#2137 = AXIS2_PLACEMENT_3D ( 'NONE', #399, #1732, #2088 ) ;
#2138 = EDGE_CURVE ( 'NONE', #319, #314, #2277, .T. ) ;
#2139 = CIRCLE ( 'NONE', #884, 3.000000000000000000 ) ;
#2140 = ORIENTED_EDGE ( 'NONE', *, *, #1057, .F. ) ;
#2141 = EDGE_CURVE ( 'NONE', #256, #1685, #1659, .T. ) ;
#2142 = LINE ( 'NONE', #1173, #212 ) ;
#2143 = CARTESIAN_POINT ( 'NONE',  ( 1.082842712474619400, -1.200000000000000400, 2.817157287525380300 ) ) ;
#2144 = DIRECTION ( 'NONE',  ( -0.0000000000000000000, 0.0000000000000000000, 1.000000000000000000 ) ) ;
#2145 = VECTOR ( 'NONE', #208, 1000.000000000000000 ) ;
#2146 = CYLINDRICAL_SURFACE ( 'NONE', #2048, 0.2000000000000002900 ) ;
#2147 = ORIENTED_EDGE ( 'NONE', *, *, #599, .T. ) ;
#2148 = ORIENTED_EDGE ( 'NONE', *, *, #2036, .F. ) ;
#2149 = LINE ( 'NONE', #1781, #502 ) ;
#2150 = DIRECTION ( 'NONE',  ( -0.0000000000000000000, 0.0000000000000000000, -1.000000000000000000 ) ) ;
#2151 = EDGE_LOOP ( 'NONE', ( #28, #585, #108, #1314 ) ) ;
#2152 = ORIENTED_EDGE ( 'NONE', *, *, #2110, .F. ) ;
#2153 = ORIENTED_EDGE ( 'NONE', *, *, #1293, .F. ) ;
#2154 = VERTEX_POINT ( 'NONE', #1397 ) ;
#2155 = PLANE ( 'NONE',  #962 ) ;
#2156 = ORIENTED_EDGE ( 'NONE', *, *, #1196, .F. ) ;
#2157 = CARTESIAN_POINT ( 'NONE',  ( 1.200000000000000200, -1.200000000000000600, 2.699999999999999700 ) ) ;
#2158 = CARTESIAN_POINT ( 'NONE',  ( -1.000000000000000000, 0.9999999999999986700, 2.899999999999999900 ) ) ;
#2159 = ORIENTED_EDGE ( 'NONE', *, *, #1701, .T. ) ;
#2160 = VECTOR ( 'NONE', #623, 999.9999999999998900 ) ;
#2161 = ORIENTED_EDGE ( 'NONE', *, *, #823, .T. ) ;
#2162 = EDGE_CURVE ( 'NONE', #396, #1503, #542, .T. ) ;
#2163 = DIRECTION ( 'NONE',  ( -1.000000000000000000, -5.102127870520018100E-017, 0.0000000000000000000 ) ) ;
#2164 = CARTESIAN_POINT ( 'NONE',  ( 0.0000000000000000000, 0.0000000000000000000, 2.899999999999999900 ) ) ;
#2165 = ADVANCED_FACE ( 'NONE', ( #1417, #1480, #1043 ), #1248, .F. ) ;
#2166 = CARTESIAN_POINT ( 'NONE',  ( 3.000000000000000000, 19.99999999999999600, -8.300000000000000700 ) ) ;
#2167 = DIRECTION ( 'NONE',  ( 0.0000000000000000000, 0.0000000000000000000, -1.000000000000000000 ) ) ;
#2168 = AXIS2_PLACEMENT_3D ( 'NONE', #1337, #2284, #1136 ) ;
#2169 =( BOUNDED_CURVE ( )  B_SPLINE_CURVE ( 3, ( #2066, #1106, #1850, #2052 ),
 .UNSPECIFIED., .F., .F. ) 
 B_SPLINE_CURVE_WITH_KNOTS ( ( 4, 4 ),
 ( 4.712388980384689700, 6.283185307179585300 ),
 .UNSPECIFIED. ) 
 CURVE ( )  GEOMETRIC_REPRESENTATION_ITEM ( )  RATIONAL_B_SPLINE_CURVE ( ( 1.000000000000000000, 0.8047378541243652700, 0.8047378541243652700, 1.000000000000000000 ) ) 
 REPRESENTATION_ITEM ( '' )  );
#2170 = VECTOR ( 'NONE', #4, 1000.000000000000000 ) ;
#2171 = EDGE_CURVE ( 'NONE', #1583, #838, #1756, .T. ) ;
#2172 = DIRECTION ( 'NONE',  ( -1.000000000000000000, -0.0000000000000000000, -0.0000000000000000000 ) ) ;
#2173 = EDGE_LOOP ( 'NONE', ( #340, #1806, #998, #1613 ) ) ;
#2174 = LINE ( 'NONE', #2136, #1149 ) ;
#2175 = ADVANCED_FACE ( 'NONE', ( #2366 ), #1875, .F. ) ;
#2176 = VERTEX_POINT ( 'NONE', #321 ) ;
#2177 = LINE ( 'NONE', #1984, #189 ) ;
#2178 = DIRECTION ( 'NONE',  ( 1.156482317317874300E-015, 1.000000000000000000, 0.0000000000000000000 ) ) ;
#2179 = VERTEX_POINT ( 'NONE', #299 ) ;
#2180 = ORIENTED_EDGE ( 'NONE', *, *, #1600, .F. ) ;
#2181 = LINE ( 'NONE', #1150, #2382 ) ;
#2182 = VERTEX_POINT ( 'NONE', #465 ) ;
#2183 = CARTESIAN_POINT ( 'NONE',  ( 2.000000000000000000, -1.200000000000000600, -2.699999999999999300 ) ) ;
#2184 = VERTEX_POINT ( 'NONE', #1221 ) ;
#2185 = CARTESIAN_POINT ( 'NONE',  ( 20.00000000000000400, 3.000000000000000000, -2.999999999999999100 ) ) ;
#2186 = AXIS2_PLACEMENT_3D ( 'NONE', #739, #1282, #1089 ) ;
#2187 = ORIENTED_EDGE ( 'NONE', *, *, #310, .F. ) ;
#2188 = CARTESIAN_POINT ( 'NONE',  ( 2.000000000000000000, -1.200000000000000600, 2.699999999999999700 ) ) ;
#2189 = AXIS2_PLACEMENT_3D ( 'NONE', #1001, #630, #1762 ) ;
#2190 = ORIENTED_EDGE ( 'NONE', *, *, #1396, .T. ) ;
#2191 = EDGE_CURVE ( 'NONE', #841, #2213, #849, .T. ) ;
#2192 = CARTESIAN_POINT ( 'NONE',  ( 11.50000000000000000, 20.00000000000000000, 0.0000000000000000000 ) ) ;
#2193 = CARTESIAN_POINT ( 'NONE',  ( 18.39999999999999900, -1.117157287525381000, -2.899999999999999500 ) ) ;
#2194 = CARTESIAN_POINT ( 'NONE',  ( -1.000000000000000400, 0.0000000000000000000, 2.699999999999999700 ) ) ;
#2195 = ADVANCED_FACE ( 'NONE', ( #344 ), #2155, .F. ) ;
#2196 = CARTESIAN_POINT ( 'NONE',  ( 2.168404344971008900E-016, 16.80000000000000100, -6.000000000000000000 ) ) ;
#2197 = ORIENTED_EDGE ( 'NONE', *, *, #1911, .T. ) ;
#2198 = DIRECTION ( 'NONE',  ( -0.0000000000000000000, -0.0000000000000000000, -1.000000000000000000 ) ) ;
#2199 = LINE ( 'NONE', #1880, #643 ) ;
#2200 = VECTOR ( 'NONE', #1325, 1000.000000000000000 ) ;
#2201 = ORIENTED_EDGE ( 'NONE', *, *, #1541, .T. ) ;
#2202 = EDGE_CURVE ( 'NONE', #886, #2001, #1071, .T. ) ;
#2203 = CYLINDRICAL_SURFACE ( 'NONE', #741, 2.999999999999999600 ) ;
#2204 = FACE_OUTER_BOUND ( 'NONE', #1063, .T. ) ;
#2205 = CARTESIAN_POINT ( 'NONE',  ( -1.200000000000000600, 18.19999999999999900, 2.699999999999999700 ) ) ;
#2206 = ORIENTED_EDGE ( 'NONE', *, *, #1016, .T. ) ;
#2207 = ORIENTED_EDGE ( 'NONE', *, *, #142, .F. ) ;
#2208 = VECTOR ( 'NONE', #1605, 1000.000000000000000 ) ;
#2209 = CARTESIAN_POINT ( 'NONE',  ( 17.59999999999999800, -1.200000000000000200, 2.699999999999999700 ) ) ;
#2210 = EDGE_LOOP ( 'NONE', ( #2219, #2384, #1651, #192 ) ) ;
#2211 = ORIENTED_EDGE ( 'NONE', *, *, #1305, .F. ) ;
#2212 = LINE ( 'NONE', #648, #1834 ) ;
#2213 = VERTEX_POINT ( 'NONE', #2209 ) ;
#2214 = ORIENTED_EDGE ( 'NONE', *, *, #34, .F. ) ;
#2215 = ADVANCED_FACE ( 'NONE', ( #1505 ), #671, .F. ) ;
#2216 = DIRECTION ( 'NONE',  ( -1.000000000000000000, -1.301042606982605300E-016, 0.0000000000000000000 ) ) ;
#2217 = DIRECTION ( 'NONE',  ( 0.0000000000000000000, 0.0000000000000000000, -1.000000000000000000 ) ) ;
#2218 = CYLINDRICAL_SURFACE ( 'NONE', #920, 0.1999999999999999800 ) ;
#2219 = ORIENTED_EDGE ( 'NONE', *, *, #2020, .T. ) ;
#2220 = DIRECTION ( 'NONE',  ( 1.000000000000000000, 1.084202172485504400E-016, 0.0000000000000000000 ) ) ;
#2221 = DIRECTION ( 'NONE',  ( -4.336808689942010300E-016, 1.000000000000000000, -0.0000000000000000000 ) ) ;
#2222 = EDGE_CURVE ( 'NONE', #2320, #614, #358, .T. ) ;
#2223 = DIRECTION ( 'NONE',  ( -0.0000000000000000000, -0.0000000000000000000, 1.000000000000000000 ) ) ;
#2224 = ADVANCED_FACE ( 'NONE', ( #441 ), #863, .T. ) ;
#2225 = CARTESIAN_POINT ( 'NONE',  ( -1.200000000000000600, 18.19999999999999900, 2.899999999999999900 ) ) ;
#2226 = CARTESIAN_POINT ( 'NONE',  ( 19.80000000000000400, 2.917157287525379500, -8.500000000000000000 ) ) ;
#2227 = CARTESIAN_POINT ( 'NONE',  ( 17.39999999999999900, -1.000000000000000000, 2.899999999999999900 ) ) ;
#2228 = CARTESIAN_POINT ( 'NONE',  ( 20.00000000000000400, 11.50000000000000000, -3.000000000000000000 ) ) ;
#2229 = FACE_OUTER_BOUND ( 'NONE', #1237, .T. ) ;
#2230 = DIRECTION ( 'NONE',  ( -0.0000000000000000000, -0.0000000000000000000, -1.000000000000000000 ) ) ;
#2231 = VECTOR ( 'NONE', #2286, 1000.000000000000000 ) ;
#2232 = CARTESIAN_POINT ( 'NONE',  ( -1.000000000000000400, 2.000000000000000000, -2.899999999999999900 ) ) ;
#2233 = ORIENTED_EDGE ( 'NONE', *, *, #550, .F. ) ;
#2234 = EDGE_CURVE ( 'NONE', #2298, #1725, #1312, .T. ) ;
#2235 = ORIENTED_EDGE ( 'NONE', *, *, #2234, .T. ) ;
#2236 = DIRECTION ( 'NONE',  ( -1.000000000000000000, -1.301042606982605300E-016, 0.0000000000000000000 ) ) ;
#2237 = ORIENTED_EDGE ( 'NONE', *, *, #731, .T. ) ;
#2238 = CARTESIAN_POINT ( 'NONE',  ( 20.00000000000000400, 9.000000000000000000, 0.0000000000000000000 ) ) ;
#2239 = LINE ( 'NONE', #27, #2418 ) ;
#2240 = VERTEX_POINT ( 'NONE', #1069 ) ;
#2241 = DIRECTION ( 'NONE',  ( -1.000000000000000000, 0.0000000000000000000, 0.0000000000000000000 ) ) ;
#2242 = LINE ( 'NONE', #806, #1162 ) ;
#2243 = CARTESIAN_POINT ( 'NONE',  ( 2.000000000000000000, -1.000000000000000400, 2.899999999999999900 ) ) ;
#2244 = DIRECTION ( 'NONE',  ( 0.0000000000000000000, 0.0000000000000000000, -1.000000000000000000 ) ) ;
#2245 = DIRECTION ( 'NONE',  ( -1.000000000000000000, 0.0000000000000000000, 0.0000000000000000000 ) ) ;
#2246 = AXIS2_PLACEMENT_3D ( 'NONE', #626, #2126, #453 ) ;
#2247 = VERTEX_POINT ( 'NONE', #904 ) ;
#2248 = EDGE_CURVE ( 'NONE', #2298, #1953, #1921, .T. ) ;
#2249 = DIRECTION ( 'NONE',  ( 0.0000000000000000000, 1.000000000000000000, 0.0000000000000000000 ) ) ;
#2250 = DIRECTION ( 'NONE',  ( 0.0000000000000000000, 1.000000000000000000, 0.0000000000000000000 ) ) ;
#2251 = EDGE_CURVE ( 'NONE', #319, #660, #1192, .T. ) ;
#2252 = DIRECTION ( 'NONE',  ( -0.0000000000000000000, 1.000000000000000000, -0.0000000000000000000 ) ) ;
#2253 = PLANE ( 'NONE',  #492 ) ;
#2254 = DIRECTION ( 'NONE',  ( 0.0000000000000000000, -1.000000000000000000, 0.0000000000000000000 ) ) ;
#2255 = FACE_OUTER_BOUND ( 'NONE', #803, .T. ) ;
#2256 = ORIENTED_EDGE ( 'NONE', *, *, #816, .T. ) ;
#2257 = LINE ( 'NONE', #578, #39 ) ;
#2258 = PLANE ( 'NONE',  #1907 ) ;
#2259 = CARTESIAN_POINT ( 'NONE',  ( 0.0000000000000000000, 0.0000000000000000000, 8.500000000000000000 ) ) ;
#2260 = VECTOR ( 'NONE', #1905, 1000.000000000000000 ) ;
#2261 = ORIENTED_EDGE ( 'NONE', *, *, #599, .F. ) ;
#2262 = VECTOR ( 'NONE', #1139, 1000.000000000000000 ) ;
#2263 = AXIS2_PLACEMENT_3D ( 'NONE', #1589, #125, #1422 ) ;
#2264 = ORIENTED_EDGE ( 'NONE', *, *, #1333, .T. ) ;
#2265 = EDGE_CURVE ( 'NONE', #1810, #386, #1359, .T. ) ;
#2266 = ORIENTED_EDGE ( 'NONE', *, *, #429, .T. ) ;
#2267 = VECTOR ( 'NONE', #857, 1000.000000000000000 ) ;
#2268 = CARTESIAN_POINT ( 'NONE',  ( 3.000000000000000000, -1.288370487864006100E-016, -6.000000000000000000 ) ) ;
#2269 = ORIENTED_EDGE ( 'NONE', *, *, #1137, .T. ) ;
#2270 = VERTEX_POINT ( 'NONE', #728 ) ;
#2271 = EDGE_CURVE ( 'NONE', #1953, #2182, #1688, .T. ) ;
#2272 = DIRECTION ( 'NONE',  ( 1.000000000000000000, 0.0000000000000000000, -0.0000000000000000000 ) ) ;
#2273 = ORIENTED_EDGE ( 'NONE', *, *, #1771, .T. ) ;
#2274 = EDGE_LOOP ( 'NONE', ( #513, #1554, #1813, #191 ) ) ;
#2275 = ORIENTED_EDGE ( 'NONE', *, *, #151, .T. ) ;
#2276 = DIRECTION ( 'NONE',  ( 0.7071067811865476800, -0.7071067811865473500, 0.0000000000000000000 ) ) ;
#2277 = LINE ( 'NONE', #879, #199 ) ;
#2278 = CARTESIAN_POINT ( 'NONE',  ( 19.00000000000000400, 0.0000000000000000000, -6.000000000000000000 ) ) ;
#2279 = EDGE_LOOP ( 'NONE', ( #2211, #1868, #745, #2233 ) ) ;
#2280 = CARTESIAN_POINT ( 'NONE',  ( 1.000000000000000000, 3.000000000000000000, -6.000000000000000000 ) ) ;
#2281 = AXIS2_PLACEMENT_3D ( 'NONE', #991, #1362, #253 ) ;
#2282 = CARTESIAN_POINT ( 'NONE',  ( 2.000000000000000000, -1.000000000000000400, -2.899999999999999900 ) ) ;
#2283 = CARTESIAN_POINT ( 'NONE',  ( 0.0000000000000000000, 0.0000000000000000000, -6.000000000000000000 ) ) ;
#2284 = DIRECTION ( 'NONE',  ( -4.336808689942010300E-016, 1.000000000000000000, 0.0000000000000000000 ) ) ;
#2285 = EDGE_CURVE ( 'NONE', #1886, #2179, #1466, .T. ) ;
#2286 = DIRECTION ( 'NONE',  ( -1.000000000000000000, -1.577021341797097000E-015, -0.0000000000000000000 ) ) ;
#2287 = VECTOR ( 'NONE', #2401, 1000.000000000000000 ) ;
#2288 = DIRECTION ( 'NONE',  ( -0.0000000000000000000, 0.0000000000000000000, 1.000000000000000000 ) ) ;
#2289 = LINE ( 'NONE', #634, #1172 ) ;
#2290 = DIRECTION ( 'NONE',  ( 1.000000000000000000, 0.0000000000000000000, 0.0000000000000000000 ) ) ;
#2291 = CARTESIAN_POINT ( 'NONE',  ( 19.85857864376269100, 2.858578643762690300, 6.500000000000000900 ) ) ;
#2292 = ORIENTED_EDGE ( 'NONE', *, *, #98, .T. ) ;
#2293 = AXIS2_PLACEMENT_3D ( 'NONE', #929, #958, #1682 ) ;
#2294 = CARTESIAN_POINT ( 'NONE',  ( 19.00000000000000400, 1.000000000000000000, 6.000000000000000000 ) ) ;
#2295 = ORIENTED_EDGE ( 'NONE', *, *, #759, .T. ) ;
#2296 = CARTESIAN_POINT ( 'NONE',  ( 19.80000000000000400, 2.917157287525372800, 8.500000000000000000 ) ) ;
#2297 = LINE ( 'NONE', #1052, #74 ) ;
#2298 = VERTEX_POINT ( 'NONE', #1633 ) ;
#2299 = ORIENTED_EDGE ( 'NONE', *, *, #749, .F. ) ;
#2300 = VECTOR ( 'NONE', #577, 1000.000000000000000 ) ;
#2301 = EDGE_CURVE ( 'NONE', #534, #2096, #949, .T. ) ;
#2302 = VERTEX_POINT ( 'NONE', #499 ) ;
#2303 = VERTEX_POINT ( 'NONE', #1101 ) ;
#2304 = CARTESIAN_POINT ( 'NONE',  ( -1.200000000000000600, 18.19999999999999900, -2.699999999999999300 ) ) ;
#2305 = LINE ( 'NONE', #992, #258 ) ;
#2306 = CARTESIAN_POINT ( 'NONE',  ( 9.000000000000000000, 2.999999999999999100, -3.000000000000000000 ) ) ;
#2307 = ORIENTED_EDGE ( 'NONE', *, *, #1590, .F. ) ;
#2308 = DIRECTION ( 'NONE',  ( -0.0000000000000000000, 1.000000000000000000, -0.0000000000000000000 ) ) ;
#2309 = DIRECTION ( 'NONE',  ( -0.0000000000000000000, -0.0000000000000000000, -1.000000000000000000 ) ) ;
#2310 = EDGE_CURVE ( 'NONE', #396, #620, #2032, .T. ) ;
#2311 = CARTESIAN_POINT ( 'NONE',  ( 16.80000000000000100, 0.0000000000000000000, -6.000000000000000000 ) ) ;
#2312 = CARTESIAN_POINT ( 'NONE',  ( 3.000000000000000000, 19.99999999999999600, -8.300000000000000700 ) ) ;
#2313 = EDGE_CURVE ( 'NONE', #886, #1725, #1552, .T. ) ;
#2314 = DIRECTION ( 'NONE',  ( -1.000000000000000000, 0.0000000000000000000, 0.0000000000000000000 ) ) ;
#2315 = FACE_OUTER_BOUND ( 'NONE', #1356, .T. ) ;
#2316 = CARTESIAN_POINT ( 'NONE',  ( -1.200000000000000600, 1.800000000000000000, -2.699999999999999300 ) ) ;
#2317 = VERTEX_POINT ( 'NONE', #2021 ) ;
#2318 = LINE ( 'NONE', #370, #678 ) ;
#2319 = PRODUCT_DEFINITION_SHAPE ( 'NONE', 'NONE',  #1926 ) ;
#2320 = VERTEX_POINT ( 'NONE', #174 ) ;
#2321 = LINE ( 'NONE', #641, #1950 ) ;
#2322 = DIRECTION ( 'NONE',  ( 4.336808689942010300E-016, -1.000000000000000000, 0.0000000000000000000 ) ) ;
#2323 = ADVANCED_FACE ( 'NONE', ( #1525 ), #2146, .T. ) ;
#2324 = ORIENTED_EDGE ( 'NONE', *, *, #1991, .T. ) ;
#2325 = FACE_BOUND ( 'NONE', #130, .T. ) ;
#2326 = CARTESIAN_POINT ( 'NONE',  ( 2.999999999999995100, 19.88284271247462300, 6.499999999999998200 ) ) ;
#2327 = CARTESIAN_POINT ( 'NONE',  ( 1.000000000000000200, 1.000000000000000000, 2.899999999999999900 ) ) ;
#2328 = PLANE ( 'NONE',  #693 ) ;
#2329 = ORIENTED_EDGE ( 'NONE', *, *, #1656, .F. ) ;
#2330 = ORIENTED_EDGE ( 'NONE', *, *, #1481, .F. ) ;
#2331 = CIRCLE ( 'NONE', #2189, 0.2000000000000005100 ) ;
#2332 = ORIENTED_EDGE ( 'NONE', *, *, #139, .T. ) ;
#2333 = EDGE_CURVE ( 'NONE', #2096, #423, #1265, .T. ) ;
#2334 = CARTESIAN_POINT ( 'NONE',  ( -1.200000000000000600, 18.19999999999999900, -2.699999999999999300 ) ) ;
#2335 = DIRECTION ( 'NONE',  ( -0.0000000000000000000, -0.0000000000000000000, 1.000000000000000000 ) ) ;
#2336 = VERTEX_POINT ( 'NONE', #1474 ) ;
#2337 = DIRECTION ( 'NONE',  ( 0.0000000000000000000, 0.0000000000000000000, -1.000000000000000000 ) ) ;
#2338 = DIRECTION ( 'NONE',  ( -0.0000000000000000000, -0.0000000000000000000, -1.000000000000000000 ) ) ;
#2339 = ADVANCED_FACE ( 'NONE', ( #503 ), #190, .F. ) ;
#2340 = CARTESIAN_POINT ( 'NONE',  ( 17.39999999999999900, 1.000000000000000000, 2.899999999999999900 ) ) ;
#2341 = CARTESIAN_POINT ( 'NONE',  ( 0.0000000000000000000, 19.00000000000000400, 6.000000000000000000 ) ) ;
#2342 = DIRECTION ( 'NONE',  ( 0.0000000000000000000, 1.000000000000000000, -0.0000000000000000000 ) ) ;
#2343 = DIRECTION ( 'NONE',  ( -1.000000000000000000, -0.0000000000000000000, -0.0000000000000000000 ) ) ;
#2344 =( GEOMETRIC_REPRESENTATION_CONTEXT ( 3 ) GLOBAL_UNCERTAINTY_ASSIGNED_CONTEXT ( ( #327 ) ) GLOBAL_UNIT_ASSIGNED_CONTEXT ( ( #1193, #100, #1765 ) ) REPRESENTATION_CONTEXT ( 'NONE', 'WORKASPACE' ) );
#2345 = DIRECTION ( 'NONE',  ( 1.000000000000000000, -1.156482317317871300E-015, -0.0000000000000000000 ) ) ;
#2346 = LINE ( 'NONE', #515, #1574 ) ;
#2347 = CARTESIAN_POINT ( 'NONE',  ( 20.00000000000000000, 0.0000000000000000000, -8.300000000000002500 ) ) ;
#2348 = EDGE_CURVE ( 'NONE', #423, #1152, #760, .T. ) ;
#2349 = ADVANCED_FACE ( 'NONE', ( #2204 ), #932, .F. ) ;
#2350 = VECTOR ( 'NONE', #1326, 1000.000000000000000 ) ;
#2351 = LINE ( 'NONE', #1332, #368 ) ;
#2352 = EDGE_LOOP ( 'NONE', ( #417, #694, #1954, #1827 ) ) ;
#2353 = DIRECTION ( 'NONE',  ( 0.0000000000000000000, 0.0000000000000000000, -1.000000000000000000 ) ) ;
#2354 = LINE ( 'NONE', #364, #712 ) ;
#2355 =( BOUNDED_CURVE ( )  B_SPLINE_CURVE ( 3, ( #1170, #1558, #613, #1763 ),
 .UNSPECIFIED., .F., .F. ) 
 B_SPLINE_CURVE_WITH_KNOTS ( ( 4, 4 ),
 ( 8.673617379884081200E-015, 1.570796326794896600 ),
 .UNSPECIFIED. ) 
 CURVE ( )  GEOMETRIC_REPRESENTATION_ITEM ( )  RATIONAL_B_SPLINE_CURVE ( ( 1.000000000000000000, 0.8047378541243670500, 0.8047378541243670500, 1.000000000000000000 ) ) 
 REPRESENTATION_ITEM ( '' )  );
#2356 = ORIENTED_EDGE ( 'NONE', *, *, #795, .F. ) ;
#2357 = LINE ( 'NONE', #1760, #1865 ) ;
#2358 = VERTEX_POINT ( 'NONE', #1484 ) ;
#2359 = ORIENTED_EDGE ( 'NONE', *, *, #1223, .F. ) ;
#2360 = ORIENTED_EDGE ( 'NONE', *, *, #236, .T. ) ;
#2361 = LINE ( 'NONE', #1, #2007 ) ;
#2362 = AXIS2_PLACEMENT_3D ( 'NONE', #2164, #2353, #1226 ) ;
#2363 = ORIENTED_EDGE ( 'NONE', *, *, #2103, .F. ) ;
#2364 = CARTESIAN_POINT ( 'NONE',  ( 18.39999999999999900, 1.000000000000000000, -2.899999999999999900 ) ) ;
#2365 = CLOSED_SHELL ( 'NONE', ( #1815, #1952, #338, #2165, #1453, #649, #1013, #1021, #702, #144, #1383, #1615, #167, #114, #1031, #2044, #729, #718, #2339, #1841, #2175, #2383, #485, #889, #1229, #934, #177, #525, #99, #2349, #1444, #636, #1576, #1791, #912, #1964, #279, #500, #1280, #1050, #122, #1638, #1662, #1191, #1078, #294, #2195, #871, #1594, #2215, #1394, #1107, #1470, #2408, #1420, #1602, #469, #302, #1405, #1764, #2323, #1800, #267, #1988, #1852, #2399, #1262, #356, #2029, #539, #2224, #1866, #2017, #1251, #1670, #859, #517, #1224, #1627, #1821, #1201, #2369, #1780 ) ) ;
#2366 = FACE_OUTER_BOUND ( 'NONE', #756, .T. ) ;
#2367 = EDGE_CURVE ( 'NONE', #2182, #2068, #1124, .T. ) ;
#2368 = AXIS2_PLACEMENT_3D ( 'NONE', #1844, #714, #2022 ) ;
#2369 = ADVANCED_FACE ( 'NONE', ( #157 ), #1557, .F. ) ;
#2370 = EDGE_CURVE ( 'NONE', #387, #2154, #1951, .T. ) ;
#2371 = DIRECTION ( 'NONE',  ( 0.0000000000000000000, 0.0000000000000000000, -1.000000000000000000 ) ) ;
#2372 = VECTOR ( 'NONE', #653, 1000.000000000000000 ) ;
#2373 = EDGE_CURVE ( 'NONE', #1547, #957, #558, .T. ) ;
#2374 = DIRECTION ( 'NONE',  ( 0.0000000000000000000, 1.000000000000000000, 0.0000000000000000000 ) ) ;
#2375 = ORIENTED_EDGE ( 'NONE', *, *, #1259, .T. ) ;
#2376 = LINE ( 'NONE', #789, #997 ) ;
#2377 = ORIENTED_EDGE ( 'NONE', *, *, #2081, .T. ) ;
#2378 = VECTOR ( 'NONE', #1567, 1000.000000000000000 ) ;
#2379 = CARTESIAN_POINT ( 'NONE',  ( 2.000000000000000000, -1.000000000000000400, 2.899999999999999900 ) ) ;
#2380 = ORIENTED_EDGE ( 'NONE', *, *, #246, .T. ) ;
#2381 = ORIENTED_EDGE ( 'NONE', *, *, #2020, .F. ) ;
#2382 = VECTOR ( 'NONE', #982, 1000.000000000000000 ) ;
#2383 = ADVANCED_FACE ( 'NONE', ( #713 ), #633, .T. ) ;
#2384 = ORIENTED_EDGE ( 'NONE', *, *, #369, .F. ) ;
#2385 = ORIENTED_EDGE ( 'NONE', *, *, #1223, .T. ) ;
#2386 = CARTESIAN_POINT ( 'NONE',  ( 3.000000000000000000, -1.288370487864006100E-016, 6.000000000000000000 ) ) ;
#2387 = ORIENTED_EDGE ( 'NONE', *, *, #1809, .F. ) ;
#2388 = VERTEX_POINT ( 'NONE', #1571 ) ;
#2389 = DIRECTION ( 'NONE',  ( -1.000000000000000000, 0.0000000000000000000, 0.0000000000000000000 ) ) ;
#2390 = VERTEX_POINT ( 'NONE', #1019 ) ;
#2391 = CARTESIAN_POINT ( 'NONE',  ( -1.117157287525381500, 18.39999999999999900, -2.899999999999999500 ) ) ;
#2392 = AXIS2_PLACEMENT_3D ( 'NONE', #239, #631, #637 ) ;
#2393 = VERTEX_POINT ( 'NONE', #1938 ) ;
#2394 = CARTESIAN_POINT ( 'NONE',  ( 20.00000000000000400, 3.000000000000000000, 8.500000000000000000 ) ) ;
#2395 = EDGE_CURVE ( 'NONE', #2176, #2247, #257, .T. ) ;
#2396 = VERTEX_POINT ( 'NONE', #268 ) ;
#2397 = EDGE_CURVE ( 'NONE', #837, #1152, #973, .T. ) ;
#2398 = CARTESIAN_POINT ( 'NONE',  ( 11.35857864376268900, 11.35857864376269100, 8.300000000000000700 ) ) ;
#2399 = ADVANCED_FACE ( 'NONE', ( #1318 ), #18, .T. ) ;
#2400 = CARTESIAN_POINT ( 'NONE',  ( -1.200000000000000400, 1.917157287525381100, -2.817157287525379900 ) ) ;
#2401 = DIRECTION ( 'NONE',  ( 1.000000000000000000, 0.0000000000000000000, 0.0000000000000000000 ) ) ;
#2402 = PLANE ( 'NONE',  #322 ) ;
#2403 = DIRECTION ( 'NONE',  ( 1.000000000000000000, -1.156482317317871300E-015, -0.0000000000000000000 ) ) ;
#2404 = VECTOR ( 'NONE', #1424, 1000.000000000000000 ) ;
#2405 = CARTESIAN_POINT ( 'NONE',  ( 19.80000000000000100, -2.289834988289385700E-014, 8.300000000000000700 ) ) ;
#2406 = VECTOR ( 'NONE', #2290, 1000.000000000000000 ) ;
#2407 = CYLINDRICAL_SURFACE ( 'NONE', #1989, 0.1999999999999987900 ) ;
#2408 = ADVANCED_FACE ( 'NONE', ( #1497 ), #1385, .F. ) ;
#2409 = EDGE_CURVE ( 'NONE', #2184, #943, #2091, .T. ) ;
#2410 = VECTOR ( 'NONE', #461, 1000.000000000000000 ) ;
#2411 = DIRECTION ( 'NONE',  ( 0.0000000000000000000, -0.0000000000000000000, -1.000000000000000000 ) ) ;
#2412 = CARTESIAN_POINT ( 'NONE',  ( 0.4999999999999968900, 0.0000000000000000000, -8.500000000000000000 ) ) ;
#2413 = ORIENTED_EDGE ( 'NONE', *, *, #2310, .T. ) ;
#2414 = VECTOR ( 'NONE', #5, 1000.000000000000000 ) ;
#2415 = CARTESIAN_POINT ( 'NONE',  ( -1.200000000000000400, 17.48284271247461400, -2.817157287525379900 ) ) ;
#2416 = ORIENTED_EDGE ( 'NONE', *, *, #1456, .T. ) ;
#2417 = ORIENTED_EDGE ( 'NONE', *, *, #1632, .T. ) ;
#2418 = VECTOR ( 'NONE', #210, 1000.000000000000000 ) ;
#2419 = CARTESIAN_POINT ( 'NONE',  ( 20.00000000000000400, 3.000000000000000000, -8.300000000000002500 ) ) ;
#2420 = ORIENTED_EDGE ( 'NONE', *, *, #2370, .F. ) ;
#2421 = CARTESIAN_POINT ( 'NONE',  ( -1.200000000000000400, 17.48284271247461400, 2.817157287525379900 ) ) ;
#2422 =( LENGTH_UNIT ( ) NAMED_UNIT ( * ) SI_UNIT ( .MILLI., .METRE. ) );
#2423 = ORIENTED_EDGE ( 'NONE', *, *, #1549, .F. ) ;
#2424 = AXIS2_PLACEMENT_3D ( 'NONE', #2259, #179, #1884 ) ;
#2425 = LINE ( 'NONE', #259, #1222 ) ;
ENDSEC;
END-ISO-10303-21;
